time_s,power_W
0,0
2.16840434491362e-19,0
2.16840434497452e-19,0.000470620556854645
2.25837972563264e-10,4.03015389084707e-06
2.25837972563266e-10,0.347841736723418
0.00153071386407406,27.3160990818567
0.00306142750231015,54.6321941427171
0.00459214114054623,81.9482892218924
0.0074606154495786,133.137169443949
0.010329089758611,184.326049822742
0.0131975640676433,235.514930418535
0.0160660383766757,286.703811291589
0.0233978179552085,417.541865186162
0.0307295975337413,548.379922292094
0.0380613771122741,679.217983615672
0.0453931566908068,810.056050163185
0.0527249362693396,940.894122940924
0.063883142858568,1140.01608704706
0.0750413494477963,1339.13807146132
0.0861995560370246,1538.26007973082
0.097357762626253,1737.38211540272
0.134747308046738,2404.61166353003
0.172136853467224,3071.84169262405
0.209526398887709,3739.07233614291
0.246915944308195,4406.30372754479
0.338021881218491,6032.12956591128
0.429127818128788,7657.96256790068
0.520233755039084,9283.80466430092
0.611339691949381,10909.6577858999
0.702445628859678,12535.5238634857
0.802445628859678,14320.1295785954
0.902445628859677,16104.755782205
1,17845.7588356584
1.09755437114032,19586.78618809
1.19510874228065,21327.8402099714
1.29266311342097,23068.9232717741
1.39021748456129,24810.0377439696
1.48777185570161,26551.1859970294
1.58777185570161,28336.0213224443
1.68777185570161,30120.8971877564
1.78777185570161,31905.8161462228
1.88777185570161,33690.7807511006
1.98777185570161,35475.793555647
2,35694.0709283916
2.01222814429839,35912.3490647017
2.02445628859677,36130.6279692441
2.03668443289516,36348.9076466877
2.04891257719355,36567.1881017005
2.14891257719355,38352.2839476454
2.24891257719355,40137.434660852
2.34891257719355,41922.6427945783
2.44891257719355,43707.9109020811
2.54891257719355,45493.2415366177
2.64891257719355,47278.6372514447
2.74891257719355,49064.1005998197
2.84891257719355,50849.6341349995
2.94891257719355,52635.2404102415
3,53547.4895352757
3.05108742280645,54459.7586517378
3.10217484561291,55372.0481000629
3.15326226841936,56284.3582206888
3.25326226841936,58070.2015907479
3.35326226841936,59856.1280249557
3.45326226841936,61642.1400765705
3.55326226841936,63428.2402988485
3.65326226841936,65214.4312450458
3.75326226841936,67000.7154684217
3.85326226841936,68787.0955222312
3.95326226841936,70573.5739597327
4,71408.5679133855
4.0001852935257,51090.7446205876
4.0003705870514,51092.324051377
4.0005558805771,51093.9034824976
4.0007411741028,51095.482913774
4.00175872853915,51104.1564916374
4.00277628297551,51112.8300741715
4.00379383741186,51121.5036614077
4.00602819214924,51140.5492149897
4.00826254688662,51159.5947912238
4.010496901624,51178.6403901645
4.01273125636138,51197.6860118058
4.01756382447074,51238.8788608197
4.0223963925801,51280.0718161495
4.02722896068947,51321.2648778804
4.03206152879883,51362.4580460978
4.03689409690819,51403.651320887
4.04379143042501,51462.4450391249
4.05068876394182,51521.2389748733
4.05758609745863,51580.0331283962
4.06448343097544,51638.8274999276
4.07138076449225,51697.6220897156
4.08818448431891,51840.862100345
4.10498820414558,51984.1034114943
4.12179192397224,52127.3460267624
4.1385956437989,52270.5899497366
4.2385956437989,53123.070843794
4.3385956437989,53975.5989341133
4.4385956437989,54828.1749772158
4.5385956437989,55680.7997296208
4.6385956437989,56533.4739478502
4.7385956437989,57386.1983884242
4.83859564379889,58238.9738078638
4.93859564379889,59091.8009626884
5,59615.4999505682
5.00023965812882,83325.7532375237
5.00047931625763,83330.0366807424
5.00071897438645,83334.3201244873
5.00095863251526,83338.6035692332
5.00186280525805,83354.7639862342
5.00276697800083,83370.9244131433
5.00367115074361,83387.0848496733
5.00566243504372,83422.6754544091
5.00765371934383,83458.2661064812
5.00964500364394,83493.8568058391
5.01163628794405,83529.4475525599
5.01547533824769,83598.0640395343
5.01931438855133,83666.6807027093
5.02315343885497,83735.297542201
5.02699248915861,83803.9145581939
5.03083153946225,83872.5317507924
5.03704171337249,83983.5295504212
5.04325188728273,84094.527813219
5.04946206119297,84205.5265398006
5.05567223510321,84316.5257307772
5.06188240901345,84427.5253867606
5.07452888054265,84653.5678379588
5.08717535207184,84879.6122252319
5.09982182360104,85105.6585537335
5.11246829513024,85331.7068286431
5.21246829513024,87119.2174315648
5.31246829513023,88906.8526113507
5.41246829513023,90694.6149212507
5.51246829513023,92482.5069145252
5.61246829513023,94270.5311444286
5.71246829513023,96058.690164219
5.81246829513023,97846.9865271525
5.91246829513023,99635.4227864889
6,101200.988363042
6.08753170486977,102766.664794007
6.17506340973953,104332.453791729
6.2625951146093,105898.357068549
6.3625951146093,107687.454651854
6.4625951146093,109476.706177711
6.5625951146093,111266.114199378
6.6625951146093,113055.681270114
6.7625951146093,114845.409943172
6.8625951146093,116635.302771814
6.9625951146093,118425.362309293
7,119094.9753879
7.0374048853907,119764.612282021
7.0748097707814,120434.273125277
7.1122146561721,121103.958051288
7.2122146561721,122894.444867984
7.3122146561721,124685.107320202
7.4122146561721,126475.9479612
7.5122146561721,128266.969344235
7.6122146561721,130058.174022568
7.7122146561721,131849.564549451
7.8122146561721,133641.143478146
7.9122146561721,135432.913361906
8,137005.984126594
8.00033340538088,98063.3163055795
8.00066681076176,98066.1703726711
8.00100021614264,98069.0244403562
8.00133362152351,98071.8785097557
8.00230125787579,98080.161827637
8.00326889422806,98088.4451537088
8.00423653058033,98096.7284879289
8.00640302567693,98115.2745372976
8.00856952077353,98133.8206275277
8.01073601587013,98152.3667586235
8.01290251096673,98170.9129305925
8.01751309165381,98210.3817100333
8.0221236723409,98249.8506746933
8.02673425302798,98289.3198246217
8.03134483371507,98328.7891599738
8.03595541440215,98368.2586807424
8.04275538349195,98426.4711057131
8.04955535258174,98484.6839344705
8.05635532167154,98542.8971672636
8.06315529076133,98601.110804275
8.06995525985112,98659.3248457978
8.08601848658236,98796.842570947
8.1020817133136,98934.3625577205
8.11814494004484,99071.8848092623
8.13420816677608,99209.4093286844
8.23420816677608,100065.605571304
8.33420816677608,100921.890585624
8.43420816677608,101778.26512817
8.53420816677608,102634.72995546
8.63420816677608,103491.285824017
8.73420816677608,104347.933490358
8.83420816677608,105204.673711007
8.93420816677608,106061.507242483
9,106625.284986621
9.00008546546865,20239.35618447
9.00017093093729,20239.35618447
9.00025639640594,20239.35618447
9.00034186187459,20239.35618447
9.00094975234774,20239.35618447
9.0015576428209,20239.35618447
9.00216553329405,20239.35618447
9.003809176711,20239.35618447
9.00545282012795,20239.35618447
9.00709646354489,20239.35618447
9.00874010696184,20239.35618447
9.01121728735057,20239.35618447
9.01369446773931,20239.35618447
9.01617164812805,20239.35618447
9.01864882851678,20239.35618447
9.02112600890552,20239.35618447
9.02540111897621,20239.35618447
9.02967622904691,20239.35618447
9.0339513391176,20239.35618447
9.0382264491883,20239.35618447
9.04250155925899,20239.35618447
9.04936940469598,20239.35618447
9.05623725013297,20239.35618447
9.06310509556996,20239.35618447
9.06997294100695,20239.35618447
9.07684078644393,20239.35618447
9.09138632562196,20239.35618447
9.10593186479999,20239.35618447
9.12047740397802,20239.35618447
9.13502294315605,20239.35618447
9.14956848233408,20239.35618447
9.24518247554803,20239.35618447
9.34079646876199,20239.35618447
9.43641046197595,20239.35618447
9.53202445518991,20239.35618447
9.63202445518991,20239.35618447
9.73202445518991,20239.35618447
9.83202445518991,20239.35618447
9.93202445518991,20239.35618447
10,20239.35618447
10.0679755448101,20239.35618447
10.1359510896202,20239.35618447
10.2039266344303,20239.35618447
10.3039266344303,20239.35618447
10.4039266344303,20239.35618447
10.5039266344303,20239.35618447
10.6039266344303,20239.35618447
10.7039266344303,20239.35618447
10.8039266344303,20239.35618447
10.9039266344303,20239.35618447
11,20239.35618447
11.0960733655697,20239.35618447
11.1921467311395,20239.35618447
11.2882200967092,20239.35618447
11.3882200967092,20239.35618447
11.4882200967092,20239.35618447
11.5882200967092,20239.35618447
11.6882200967092,20239.35618447
11.7882200967092,20239.35618447
11.8882200967092,20239.35618447
11.9882200967092,20239.35618447
12,20239.35618447
12.0117799032908,20239.35618447
12.0235598065816,20239.35618447
12.0353397098724,20239.35618447
12.1353397098724,20239.35618447
12.2353397098724,20239.35618447
12.3353397098724,20239.35618447
12.4353397098724,20239.35618447
12.5353397098724,20239.35618447
12.6353397098724,20239.35618447
12.7353397098724,20239.35618447
12.8353397098724,20239.35618447
12.9353397098724,20239.35618447
13,20239.35618447
13.0646602901276,20239.35618447
13.1293205802552,20239.35618447
13.1939808703828,20239.35618447
13.2939808703828,20239.35618447
13.3939808703828,20239.35618447
13.4939808703828,20239.35618447
13.5939808703828,20239.35618447
13.6939808703828,20239.35618447
13.7939808703828,20239.35618447
13.8939808703828,20239.35618447
13.9939808703828,20239.35618447
14,20239.35618447
14.0060191296172,20239.35618447
14.0120382592343,20239.35618447
14.0180573888515,20239.35618447
14.0782486850232,20239.35618447
14.1384399811949,20239.35618447
14.1986312773666,20239.35618447
14.2588225735383,20239.35618447
14.3588225735383,20239.35618447
14.4588225735383,20239.35618447
14.5588225735383,20239.35618447
14.6588225735383,20239.35618447
14.7588225735383,20239.35618447
14.8588225735383,20239.35618447
14.9588225735383,20239.35618447
15,20239.35618447
15.0411774264617,20239.35618447
15.0823548529233,20239.35618447
15.123532279385,20239.35618447
15.223532279385,20239.35618447
15.323532279385,20239.35618447
15.423532279385,20239.35618447
15.523532279385,20239.35618447
15.623532279385,20239.35618447
15.723532279385,20239.35618447
15.823532279385,20239.35618447
15.923532279385,20239.35618447
16,20239.35618447
16.076467720615,20239.35618447
16.15293544123,20239.35618447
16.229403161845,20239.35618447
16.329403161845,20239.35618447
16.429403161845,20239.35618447
16.529403161845,20239.35618447
16.629403161845,20239.35618447
16.729403161845,20239.35618447
16.829403161845,20239.35618447
16.929403161845,20239.35618447
17,20239.35618447
17.070596838155,20239.35618447
17.14119367631,20239.35618447
17.211790514465,20239.35618447
17.311790514465,20239.35618447
17.411790514465,20239.35618447
17.511790514465,20239.35618447
17.611790514465,20239.35618447
17.711790514465,20239.35618447
17.811790514465,20239.35618447
17.911790514465,20239.35618447
18,20239.35618447
18.088209485535,20239.35618447
18.17641897107,20239.35618447
18.264628456605,20239.35618447
18.364628456605,20239.35618447
18.464628456605,20239.35618447
18.564628456605,20239.35618447
18.664628456605,20239.35618447
18.764628456605,20239.35618447
18.864628456605,20239.35618447
18.964628456605,20239.35618447
19,20239.35618447
19.035371543395,20239.35618447
19.0707430867901,20239.35618447
19.1061146301851,20239.35618447
19.2061146301851,20239.35618447
19.3061146301851,20239.35618447
19.4061146301851,20239.35618447
19.5061146301851,20239.35618447
19.6061146301851,20239.35618447
19.7061146301851,20239.35618447
19.8061146301851,20239.35618447
19.9061146301851,20239.35618447
20,20239.35618447
20.0938853698149,20239.35618447
20.1877707396298,20239.35618447
20.2816561094447,20239.35618447
20.3816561094447,20239.35618447
20.4816561094447,20239.35618447
20.5816561094447,20239.35618447
20.6816561094447,20239.35618447
20.7816561094447,20239.35618447
20.8816561094447,20239.35618447
20.9816561094447,20239.35618447
21,20239.35618447
21.0183438905553,20239.35618447
21.0366877811107,20239.35618447
21.055031671666,20239.35618447
21.155031671666,20239.35618447
21.255031671666,20239.35618447
21.355031671666,20239.35618447
21.455031671666,20239.35618447
21.555031671666,20239.35618447
21.655031671666,20239.35618447
21.755031671666,20239.35618447
21.855031671666,20239.35618447
21.955031671666,20239.35618447
22,20239.35618447
22.044968328334,20239.35618447
22.089936656668,20239.35618447
22.134904985002,20239.35618447
22.234904985002,20239.35618447
22.334904985002,20239.35618447
22.434904985002,20239.35618447
22.534904985002,20239.35618447
22.634904985002,20239.35618447
22.734904985002,20239.35618447
22.834904985002,20239.35618447
22.934904985002,20239.35618447
23,20239.35618447
23.065095014998,20239.35618447
23.1301900299959,20239.35618447
23.1952850449939,20239.35618447
23.2952850449939,20239.35618447
23.3952850449939,20239.35618447
23.4952850449939,20239.35618447
23.5952850449939,20239.35618447
23.6952850449939,20239.35618447
23.7952850449939,20239.35618447
23.8952850449939,20239.35618447
23.9952850449939,20239.35618447
24,20239.35618447
24.0047149550061,20239.35618447
24.0094299100123,20239.35618447
24.0141448650184,20239.35618447
24.0612944150796,20239.35618447
24.1084439651409,20239.35618447
24.1555935152021,20239.35618447
24.2027430652634,20239.35618447
24.3027430652634,20239.35618447
24.4027430652634,20239.35618447
24.5027430652634,20239.35618447
24.6027430652634,20239.35618447
24.7027430652634,20239.35618447
24.8027430652634,20239.35618447
24.9027430652634,20239.35618447
25,20239.35618447
25.0000492363232,-135812.590394971
25.0000984726464,-135811.524056265
25.0001477089696,-135810.457717474
25.0001969452928,-135809.391378599
25.0002979552673,-135807.203748878
25.0003989652417,-135805.01611816
25.0004999752161,-135802.828487087
25.0007805652676,-135796.751584695
25.0010611553191,-135790.67468051
25.0013417453705,-135784.597772693
25.001622335422,-135778.520862576
25.0018427811252,-135773.746533656
25.0020632268283,-135768.972202807
25.0022836725314,-135764.197870263
25.0024324355218,-135760.976015272
25.0025811985122,-135757.75415818
25.0027299615026,-135754.532301156
25.002878724493,-135751.310444198
25.0033950860257,-135740.127256712
25.0039114475584,-135728.944060802
25.004427809091,-135717.760855119
25.0049441706237,-135706.577640389
25.0056942800833,-135690.331961571
25.0064443895428,-135674.08626299
25.0071944990023,-135657.840544649
25.0079446084618,-135641.594807048
25.0092819868985,-135612.630053093
25.0106193653352,-135583.66523711
25.0119567437718,-135554.700358789
25.0132941222085,-135525.735418236
25.0153920071997,-135480.299302292
25.0174898921908,-135434.863033259
25.019587777182,-135389.426611349
25.0216856621731,-135343.990036434
25.0247076054567,-135278.539682036
25.0277295487403,-135213.089010549
25.0307514920238,-135147.638022122
25.0337734353074,-135082.186716912
25.036795378591,-135016.735095071
25.04214794714,-134900.804183542
25.047500515689,-134784.872280001
25.052853084238,-134668.939385299
25.058205652787,-134553.005500291
25.063558221336,-134437.070625831
25.0731197590096,-134229.968404598
25.0826812966831,-134022.863033604
25.0922428343566,-133815.754517724
25.1018043720301,-133608.642861844
25.1113659097037,-133401.528070803
25.1521740266026,-132517.538404581
25.1929821435016,-131633.492098603
25.2337902604005,-130749.389531921
25.2745983772995,-129865.231083574
25.3745983772995,-127698.373225278
25.4745983772995,-125531.187656165
25.5745983772995,-123363.679953906
25.6745983772995,-121195.855696181
25.7745983772995,-119027.720460661
25.8745983772995,-116859.279825025
25.9745983772995,-114690.539366944
26,-114139.597013098
26.0002295106485,-81365.8052733374
26.0004590212969,-81363.146246428
26.0006885319454,-81360.4872181943
26.0009180425938,-81357.8281890931
26.0020122854506,-81345.1506668265
26.0031065283073,-81332.4731249249
26.0042007711641,-81319.7955634052
26.0065739277085,-81292.3008328481
26.0089470842529,-81264.8060096928
26.0113202407973,-81237.3110938903
26.0136933973418,-81209.816085472
26.0188056818641,-81150.5856682182
26.0239179663863,-81091.3548216219
26.0290302509086,-81032.1235460046
26.0341425354309,-80972.8918416806
26.0392548199532,-80913.6597089643
26.0467776474811,-80826.4976788147
26.0543004750089,-80739.3347227213
26.0618233025367,-80652.1708416843
26.0693461300645,-80565.0060367057
26.0768689575924,-80477.8403087871
26.097948415405,-80233.5912949642
26.1190278732176,-79989.3350645165
26.1401073310301,-79745.071639485
26.1611867888427,-79500.8010419098
26.2611867888427,-78341.895263419
26.3611867888427,-77182.830915147
26.4611867888427,-76023.6103501759
26.5611867888427,-74864.2359215845
26.6611867888427,-73704.7099824573
26.7611867888427,-72545.034885876
26.8611867888427,-71385.2129849197
26.9611867888427,-70225.2466326727
27,-69774.9880339967
27.0002514447484,-97859.0714868693
27.0005028894968,-97853.6126129404
27.0007543342452,-97848.1537374247
27.0010057789935,-97842.6948606796
27.0021799344711,-97817.2038697694
27.0033540899486,-97791.7128445275
27.0045282454262,-97766.2217846318
27.0068701395787,-97715.3788714192
27.0092120337312,-97664.5358206818
27.0115539278837,-97613.6926325685
27.0138958220362,-97562.8493071511
27.0183686138438,-97465.7430813545
27.0228414056514,-97368.6363555071
27.027314197459,-97271.5291300304
27.0317869892666,-97174.4214055036
27.0362597810742,-97077.3131823458
27.0437271068903,-96915.1898964556
27.0511944327064,-96753.0652245985
27.0586617585225,-96590.9391690658
27.0661290843386,-96428.8117322273
27.0735964101547,-96266.6829163582
27.0936900581247,-95830.4075437687
27.1137837060947,-95394.122248102
27.1338773540646,-94957.82707463
27.1539710020346,-94521.5220685866
27.2539710020346,-92350.0195353555
27.3539710020346,-90178.2801724152
27.4539710020346,-88006.309557445
27.5539710020346,-85834.11326812
27.6539710020346,-83661.696882113
27.7539710020346,-81489.0659771024
27.8539710020346,-79316.2261307602
27.9539710020346,-77143.1829207643
27.9728303398833,-76733.3390231739
27.9728303398835,-76775.2106028766
27.9728303398837,-76775.2106028716
27.9950108770673,-76251.3111438971
28,-76142.8860970159
28.0001347297682,-54293.8990434178
28.0002694595364,-54292.3337986424
28.0004041893047,-54290.7685534084
28.0017514869868,-54275.116090038
28.003098784669,-54259.4636067856
28.0044460823512,-54243.8111036654
28.007386529908,-54209.6497906752
28.0103269774648,-54175.4883829002
28.0132674250215,-54141.3268804024
28.0162078725783,-54107.1652832061
28.0219048400764,-54040.9786580099
28.0276018075744,-53974.7916780904
28.0332987750724,-53908.6043438841
28.0389957425705,-53842.4166558322
28.0446927100685,-53776.2286143515
28.0540169472098,-53667.8977641645
28.0633411843511,-53559.5659703192
28.0726654214924,-53451.2332347247
28.0819896586337,-53342.8995592847
28.091313895775,-53234.5649459178
28.1185066047525,-52918.6183064626
28.14569931373,-52602.6637533403
28.1728920227075,-52286.7013338692
28.200084731685,-51970.7310953603
28.300084731685,-50808.6978607999
28.400084731685,-49646.5618769993
28.500084731685,-48484.3254970387
28.600084731685,-47321.991074
28.700084731685,-46159.5609609657
28.800084731685,-44997.0375110166
28.900084731685,-43834.4230772346
29,-42672.7052274542
29.0004924527124,-59827.8280617395
29.0009849054248,-59817.1194712074
29.0014773581373,-59806.4108770683
29.0019698108497,-59795.7022791557
29.0032329147418,-59768.2355199298
29.004496018634,-59740.7687362841
29.0057591225261,-59713.3019282068
29.0082366433476,-59659.4269628181
29.010714164169,-59605.5519035404
29.0131916849904,-59551.6767505015
29.0156692058119,-59497.8015037422
29.0210780170623,-59380.1831798962
29.0264868283128,-59262.5644107558
29.0318956395633,-59144.9451971927
29.0373044508137,-59027.3255401047
29.0427132620642,-58909.7054403693
29.0521645161879,-58704.1772505721
29.0616157703116,-58498.6477166201
29.0710670244353,-58293.1168432331
29.0805182785589,-58087.5846351089
29.0899695326826,-57882.0510969677
29.1314606352662,-56979.7411385406
29.1729517378499,-56077.4060368157
29.2144428404335,-55175.0461901884
29.2559339430171,-54272.6619970601
29.3559339430171,-52097.6783234411
29.4559339430171,-49922.5611165939
29.5559339430171,-47747.3159541931
29.6559339430171,-45571.9484139148
29.7559339430171,-43396.4640734332
29.8559339430171,-41220.868510424
29.9559339430171,-39045.1673025622
30,-38086.3894749906
30.0440660569829,-37127.5926934721
30.0881321139658,-36168.7774352793
30.1321981709488,-35209.9441776833
30.1762642279317,-34251.0933979561
30.2762642279317,-32075.0913278073
30.3762642279317,-29899.0070574638
30.4762642279317,-27722.8461646009
30.5762642279317,-25546.614226894
30.6762642279317,-23370.316822018
30.7762642279317,-21193.9595276484
30.8762642279317,-19017.5479214601
30.9762642279317,-16841.0875811285
31,-16324.4813699213
31.0037220933899,-11599.5579579878
31.0074441867798,-11556.2249011291
31.0111662801697,-11512.8918119131
31.0148883735596,-11469.5586904615
31.0186104669495,-11426.2255368958
31.0235885810596,-11368.2695571113
31.0285666951698,-11310.3135203897
31.03354480928,-11252.35742702
31.0385229233901,-11194.4012772935
31.0492496591074,-11069.5183930684
31.0599763948247,-10944.6352514253
31.070703130542,-10819.7518552685
31.0814298662593,-10694.8682075028
31.1652869084139,-9718.57279954031
31.2491439505685,-8742.26357968144
31.3330009927232,-7765.94193549843
31.4330009927232,-6601.65850675011
31.5330009927232,-5437.3617360518
31.6330009927232,-4273.05397648521
31.7330009927232,-3108.73758113207
31.8330009927232,-1944.41490307409
31.9330009927232,-780.088295392996
31.9999999999998,-2.64737608691939e-09
32,0
32.0451789006314,0
32.0903578012628,0
32.1355367018942,0
32.1807156025256,0
32.2807156025256,0
32.3807156025256,0
32.4807156025256,0
32.5807156025256,0
32.6807156025256,0
32.7807156025256,0
32.8807156025256,0
32.9807156025256,0
33,0
33.0192843974744,0
33.0385687949488,0
33.1385687949488,0
33.2385687949488,0
33.3385687949488,0
33.4385687949488,0
33.5385687949489,0
33.6385687949489,0
33.7385687949489,0
33.8385687949489,0
33.9385687949489,0
34,0
34.0295672549093,0
34.0295672549098,0
34.0295672549102,0
34.0909984599614,0
34.1524296650125,0
34.2138608700636,0
34.3138608700636,0
34.4138608700637,0
34.5138608700637,0
34.6138608700637,0
34.7138608700637,0
34.8138608700637,0
34.9138608700637,0
35,0
35.0861391299363,0
35.1722782598727,0
35.2722782598727,0
35.3722782598727,0
35.4722782598727,0
35.5722782598727,0
35.6722782598727,0
35.7722782598727,0
35.8722782598727,0
35.9722782598727,0
36,0
36.0277217401273,0
36.0554434802546,0
36.1554434802546,0
36.2554434802546,0
36.3554434802546,0
36.4554434802546,0
36.5554434802546,0
36.6554434802546,0
36.7554434802546,0
36.8554434802546,0
36.9554434802546,0
37,0
37.0445565197454,0
37.0891130394908,0
37.1891130394908,0
37.2891130394908,0
37.3891130394908,0
37.4891130394908,0
37.5891130394908,0
37.6891130394908,0
37.7891130394908,0
37.8891130394908,0
37.9891130394908,0
38,0
38.0108869605092,0
38.0217739210185,0
38.1217739210185,0
38.2217739210185,0
38.3217739210185,0
38.4217739210185,0
38.5217739210185,0
38.6217739210185,0
38.7217739210185,0
38.8217739210185,0
38.9217739210185,0
39,0
39.0782260789815,0
39.156452157963,0
39.256452157963,0
39.356452157963,0
39.456452157963,0
39.5564521579631,0
39.6564521579631,0
39.7564521579631,0
39.8564521579631,0
39.9564521579631,0
40,0
40.0435478420369,0
40.0870956840739,0
40.1870956840739,0
40.2870956840739,0
40.3870956840739,0
40.4870956840739,0
40.5870956840739,0
40.6870956840739,0
40.7870956840739,0
40.8870956840739,0
40.9870956840739,0
41,0
41.0000000000005,8.1151180405925e-09
41.0129043159266,230.281819539547
41.0258086318527,460.563644557531
41.0387129477788,690.845480548619
41.0646919762392,1154.44999257032
41.0906710046996,1618.05461607043
41.1166500331601,2081.6593958165
41.2166500331601,3866.19637696608
41.3166500331601,5650.73888974795
41.3983107898761,7108.01569061982
41.479971546592,8565.29927326727
41.561632303308,10022.5910280743
41.661632303308,11807.1722216584
41.761632303308,13591.7703084161
41.861632303308,15376.3878416045
41.961632303308,17161.0273744806
42,17845.7588356583
42.038367696692,18530.4940554353
42.076735393384,19215.23317802
42.115103090076,19899.9763476212
42.1534707867679,20584.7237084481
42.2534707867679,22369.4420435796
42.3534707867679,24154.1923830428
42.4534707867679,25938.9772800946
42.5534707867679,27723.799287992
42.6534707867679,29508.6609599922
42.7534707867679,31293.5648493524
42.853470786768,33078.5135093293
42.953470786768,34863.5094931803
43,35694.070928392
43.046529213232,36524.643419042
43.0930584264641,37355.2272223302
43.1395876396961,38185.8225954575
43.1861168529282,39016.4297956242
43.2861168529282,40801.6015734645
43.3861168529282,42586.8317217453
43.4861168529282,44372.1227937233
43.5861168529282,46157.4773426556
43.6861168529282,47942.8979217998
43.7861168529282,49728.3870844124
43.8861168529282,51513.9473837504
43.9861168529282,53299.5813730716
44,53547.4895352756
44.0138831470718,53795.39917384
44.0277662941436,54043.3102955909
44.0416494412154,54291.2229073676
44.1416494412154,56076.976582412
44.2416494412154,57862.8104718445
44.3416494412154,59648.7271289204
44.4416494412154,61434.7291068969
44.5416494412154,63220.8189590318
44.6416494412154,65006.9992385813
44.7416494412154,66793.2724988026
44.8416494412154,68579.6412929536
44.9416494412154,70366.1081742904
45,71408.567913386
45.0005617590506,51093.9535903184
45.0011235181011,51098.7419924101
45.0016852771517,51103.5303958766
45.0022470362023,51108.3188008916
45.0037108643676,51120.7964028196
45.005174692533,51133.274014503
45.0066385206983,51145.7516359212
45.0095179571779,51170.2958828106
45.0123973936575,51194.8401673786
45.015276830137,51219.3844896816
45.0181562666166,51243.9288496924
45.0240848732363,51294.4645009254
45.0300134798559,51345.0003123256
45.0359420864755,51395.5362840722
45.0418706930952,51446.0724163229
45.0477992997148,51496.6087092187
45.0578850998903,51582.5818856547
45.0679709000658,51668.5555282738
45.0780567002414,51754.5296378652
45.0881425004169,51840.5042151919
45.0982283005924,51926.4792610432
45.1329494524054,52222.4586390238
45.1676706042184,52518.4436104382
45.2023917560313,52814.4342069517
45.2371129078443,53110.4304602312
45.3371129078443,53962.9578452289
45.4371129078443,54815.5331717927
45.5371129078443,55668.157196442
45.6371129078443,56520.8306756984
45.7371129078443,57373.5543660826
45.8371129078443,58226.329024114
45.9371129078443,59079.1554063148
46,59615.4999505682
46.0003032938128,83326.8906068739
46.0006065876256,83332.311419908
46.0009098814384,83337.7322340383
46.0012131752512,83343.1530492648
46.0026575284996,83368.9682038238
46.0041018817481,83394.7833831938
46.0055462349965,83420.598587469
46.0081279363183,83466.7418952974
46.0107096376402,83512.8852826813
46.0132913389621,83559.0287496644
46.015873040284,83605.1722962907
46.0209312908734,83695.5802053906
46.0259895414628,83785.98842072
46.0310477920523,83876.3969426083
46.0361060426417,83966.805771386
46.0411642932311,84057.214907391
46.049718687274,84210.1134049415
46.0582730813168,84363.012783709
46.0668274753596,84515.9130452997
46.0753818694025,84668.8141912985
46.0839362634453,84821.7162233082
46.1139617677408,85358.4019059643
46.1439872720363,85895.0985928634
46.1740127763318,86431.8063531204
46.2040382806273,86968.5252558437
46.3040382806273,88756.1498352352
46.4040382806273,90543.9013295021
46.5040382806273,92331.7822919002
46.6040382806273,94119.7952756899
46.7040382806273,95907.9428341248
46.8040382806273,97696.2275204647
46.9040382806273,99484.6518879666
47,101200.988363042
47.0959617193727,102917.458073095
47.1919234387454,104634.063274382
47.2878851581181,106350.806223161
47.3878851581181,108139.942497396
47.4878851581181,109929.233359905
47.5878851581181,111718.681363941
47.6878851581181,113508.289062767
47.7878851581181,115298.059009635
47.8878851581181,117087.993757805
47.9878851581181,118878.095860534
48,119094.975387898
48.0121148418819,119311.857413532
48.0242296837637,119528.741941972
48.0363445256456,119745.628977759
48.1363445256456,121535.984242996
48.2363445256456,123326.513206593
48.3363445256456,125117.218421814
48.4363445256456,126908.102441914
48.5363445256456,128699.167820148
48.6363445256456,130490.417109776
48.7363445256456,132281.852864055
48.8363445256456,134073.477636238
48.9363445256456,135865.293979587
49,137005.984126595
49.0636554743544,138146.753591761
49.1273109487088,139287.603033663
49.1909664230632,140428.533110862
49.2909664230632,142221.049389171
49.3909664230632,144013.768846311
49.4909664230632,145806.694035535
49.5909664230632,147599.827510104
49.6909664230632,149393.171823276
49.7909664230632,151186.729528303
49.8909664230632,152980.503178447
49.9909664230632,154774.495326965
50,154936.567836193
50.0090335769368,155098.642151212
50.0180671538735,155260.718273899
50.0271007308103,155422.796206151
50.117436500178,157043.675467842
50.2077722695458,158664.737754986
50.2981080389135,160285.984949808
50.3884438082812,161907.418934543
50.4884438082812,163702.536008468
50.5884438082812,165497.8868359
50.6884438082812,167293.473970096
50.7884438082812,169089.299964309
50.8884438082812,170885.367371803
50.9884438082812,172681.678745827
51,172889.279773786
51.0115561917188,173096.884097849
51.0231123834375,173304.491721955
51.0346685751563,173512.102650045
51.1346685751563,175308.775359961
51.2346685751563,177105.698323162
51.3346685751563,178902.87409291
51.4346685751563,180700.30522245
51.5346685751563,182497.99426505
51.6346685751563,184295.943773965
51.7346685751563,186094.15630245
51.8346685751563,187892.634403763
51.9346685751563,189691.380631165
52,190866.673196436
52.0653314248437,192042.082004905
52.1306628496874,193217.60776854
52.1959942745311,194393.251199295
52.2959942745311,196192.987515118
52.3959942745311,197993.003735856
52.4959942745311,199793.302414771
52.5959942745311,201593.886105109
52.6959942745311,203394.757360138
52.7959942745311,205195.918733112
52.8959942745311,206997.372777287
52.9959942745311,208799.12204592
53,208871.301361267
53.0000687664459,28640.1277701857
53.0001375328918,28640.1277701857
53.0002062993377,28640.1277701857
53.0002750657837,28640.1277701857
53.000696493205,28640.1277701857
53.0011179206263,28640.1277701857
53.0015393480476,28640.1277701857
53.0029379953265,28640.1277701857
53.0043366426054,28640.1277701857
53.0057352898842,28640.1277701857
53.0071339371631,28640.1277701857
53.0094556953346,28640.1277701857
53.0117774535062,28640.1277701857
53.0124739809576,28640.1277701857
53.0131705084091,28640.1277701857
53.0138670358605,28640.1277701857
53.014563563312,28640.1277701857
53.0152600907635,28640.1277701857
53.0188956683025,28640.1277701857
53.0225312458416,28640.1277701857
53.0261668233807,28640.1277701857
53.0298024009198,28640.1277701857
53.0334379784589,28640.1277701857
53.0386025753559,28640.1277701857
53.0437671722529,28640.1277701857
53.04893176915,28640.1277701857
53.054096366047,28640.1277701857
53.059260962944,28640.1277701857
53.0685369527929,28640.1277701857
53.0778129426417,28640.1277701857
53.0870889324906,28640.1277701857
53.0963649223394,28640.1277701857
53.1056409121883,28640.1277701857
53.1396313154161,28640.1277701857
53.1736217186439,28640.1277701857
53.2076121218717,28640.1277701857
53.2416025250995,28640.1277701857
53.3416025250995,28640.1277701857
53.4416025250995,28640.1277701857
53.5416025250995,28640.1277701857
53.6416025250995,28640.1277701857
53.7416025250995,28640.1277701857
53.8416025250995,28640.1277701857
53.9416025250995,28640.1277701857
54,28640.1277701857
54.0583974749005,28640.1277701857
54.1167949498009,28640.1277701857
54.1751924247014,28640.1277701857
54.2751924247014,28640.1277701857
54.3751924247014,28640.1277701857
54.4751924247014,28640.1277701857
54.5751924247014,28640.1277701857
54.6751924247014,28640.1277701857
54.7751924247014,28640.1277701857
54.8751924247014,28640.1277701857
54.9751924247014,28640.1277701857
55,28640.1277701857
55.0248075752986,28640.1277701857
55.0496151505972,28640.1277701857
55.0744227258958,28640.1277701857
55.1744227258958,28640.1277701857
55.2744227258958,28640.1277701857
55.3744227258958,28640.1277701857
55.4744227258958,28640.1277701857
55.5744227258958,28640.1277701857
55.6744227258958,28640.1277701857
55.7744227258958,28640.1277701857
55.8744227258958,28640.1277701857
55.9744227258958,28640.1277701857
56,28640.1277701857
56.0255772741042,28640.1277701857
56.0511545482083,28640.1277701857
56.0767318223125,28640.1277701857
56.1767318223125,28640.1277701857
56.2767318223125,28640.1277701857
56.3767318223125,28640.1277701857
56.4767318223125,28640.1277701857
56.5767318223125,28640.1277701857
56.6767318223125,28640.1277701857
56.7767318223125,28640.1277701857
56.8767318223125,28640.1277701857
56.9767318223125,28640.1277701857
57,28640.1277701857
57.0232681776875,28640.1277701857
57.046536355375,28640.1277701857
57.0698045330625,28640.1277701857
57.1698045330625,28640.1277701857
57.2698045330625,28640.1277701857
57.3698045330625,28640.1277701857
57.4698045330625,28640.1277701857
57.5698045330625,28640.1277701857
57.6698045330625,28640.1277701857
57.7698045330625,28640.1277701857
57.8698045330625,28640.1277701857
57.9698045330626,28640.1277701857
58,28640.1277701857
58.0301954669374,28640.1277701857
58.0603909338749,28640.1277701857
58.0905864008123,28640.1277701857
58.1905864008124,28640.1277701857
58.2905864008124,28640.1277701857
58.3905864008124,28640.1277701857
58.4905864008124,28640.1277701857
58.5905864008124,28640.1277701857
58.6905864008124,28640.1277701857
58.7905864008124,28640.1277701857
58.8905864008124,28640.1277701857
58.9905864008124,28640.1277701857
59,28640.1277701857
59.0094135991876,28640.1277701857
59.0188271983753,28640.1277701857
59.0282407975629,28640.1277701857
59.1223767894393,28640.1277701857
59.2165127813157,28640.1277701857
59.3106487731921,28640.1277701857
59.4047847650685,28640.1277701857
59.5047847650685,28640.1277701857
59.6047847650685,28640.1277701857
59.7047847650685,28640.1277701857
59.8047847650685,28640.1277701857
59.9047847650685,28640.1277701857
60,28640.1277701857
60.0952152349315,28640.1277701857
60.1904304698631,28640.1277701857
60.2856457047946,28640.1277701857
60.3856457047946,28640.1277701857
60.4856457047946,28640.1277701857
60.5856457047946,28640.1277701857
60.6856457047946,28640.1277701857
60.7856457047946,28640.1277701857
60.8856457047946,28640.1277701857
60.9856457047946,28640.1277701857
61,28640.1277701857
61.0143542952054,28640.1277701857
61.0287085904108,28640.1277701857
61.0430628856161,28640.1277701857
61.1430628856161,28640.1277701857
61.2430628856161,28640.1277701857
61.3430628856161,28640.1277701857
61.4430628856161,28640.1277701857
61.5430628856161,28640.1277701857
61.6430628856161,28640.1277701857
61.7430628856161,28640.1277701857
61.8430628856161,28640.1277701857
61.9430628856162,28640.1277701857
62,28640.1277701857
62.0569371143838,28640.1277701857
62.1138742287677,28640.1277701857
62.1708113431515,28640.1277701857
62.2708113431515,28640.1277701857
62.3708113431516,28640.1277701857
62.4708113431516,28640.1277701857
62.5708113431516,28640.1277701857
62.6708113431516,28640.1277701857
62.7708113431516,28640.1277701857
62.8708113431516,28640.1277701857
62.9708113431516,28640.1277701857
63,28640.1277701857
63.0291886568484,28640.1277701857
63.0583773136969,28640.1277701857
63.0875659705453,28640.1277701857
63.1875659705453,28640.1277701857
63.2875659705453,28640.1277701857
63.3875659705453,28640.1277701857
63.4875659705453,28640.1277701857
63.5875659705453,28640.1277701857
63.6875659705453,28640.1277701857
63.7875659705453,28640.1277701857
63.8875659705453,28640.1277701857
63.9875659705453,28640.1277701857
64,28640.1277701857
64.0124340294547,28640.1277701857
64.0248680589093,28640.1277701857
64.037302088364,28640.1277701857
64.137302088364,28640.1277701857
64.237302088364,28640.1277701857
64.337302088364,28640.1277701857
64.437302088364,28640.1277701857
64.537302088364,28640.1277701857
64.637302088364,28640.1277701857
64.737302088364,28640.1277701857
64.837302088364,28640.1277701857
64.9373020883639,28640.1277701857
65,28640.1277701857
65.0626979116361,28640.1277701857
65.1253958232721,28640.1277701857
65.1880937349082,28640.1277701857
65.2880937349081,28640.1277701857
65.3880937349081,28640.1277701857
65.4880937349081,28640.1277701857
65.5880937349081,28640.1277701857
65.6880937349081,28640.1277701857
65.7880937349081,28640.1277701857
65.8880937349081,28640.1277701857
65.9880937349081,28640.1277701857
66,28640.1277701857
66.0000899178783,-189832.152315668
66.0001798357566,-189830.214320937
66.0002697536349,-189828.276318041
66.0003596715131,-189826.33832252
66.0005121981362,-189823.050914427
66.0006647247593,-189819.763504852
66.0008172513824,-189816.476098722
66.0009697780055,-189813.188689167
66.0013286546669,-189805.453808815
66.0015983604483,-189799.640825407
66.0018095937052,-189795.088103653
66.0020208269621,-189790.535376584
66.0022320602191,-189785.982650645
66.002443293476,-189781.429919221
66.0025449389097,-189779.239146047
66.0026465843434,-189777.048371406
66.0027482297772,-189774.857596262
66.0028498752109,-189772.666820613
66.0032706344298,-189763.598143727
66.0036913936487,-189754.529458202
66.0041121528676,-189745.46076404
66.0045329120865,-189736.392061241
66.0052170581371,-189721.646514047
66.0059012041878,-189706.900943413
66.0065853502384,-189692.155350973
66.0072694962891,-189677.409735196
66.0084899461337,-189651.104937518
66.0097103959784,-189624.800067775
66.0109308458231,-189598.495124846
66.0121512956677,-189572.190109885
66.0142420672929,-189527.126409885
66.016332838918,-189482.062497306
66.0184236105431,-189436.99837145
66.0205143821682,-189391.934033036
66.0233255026917,-189331.343011496
66.0261366232152,-189270.751605376
66.0289477437386,-189210.159814735
66.0317588642621,-189149.567639695
66.0345699847856,-189088.975080258
66.0397777600074,-188976.722589107
66.0449855352293,-188864.468780121
66.0501933104511,-188752.21365438
66.055401085673,-188639.95721267
66.0606088608948,-188527.699455581
66.0697310050718,-188331.061180074
66.0788531492489,-188134.41887564
66.0879752934259,-187937.772546636
66.0970974376029,-187741.122197296
66.1062195817799,-187544.467831739
66.1418490370724,-186776.33283477
66.1774784923649,-186008.136886688
66.2131079476574,-185239.880239816
66.2487374029499,-184471.563146404
66.3487374029499,-182314.832520982
66.4487374029499,-180157.63330042
66.5487374029499,-177999.9710624
66.6487374029499,-175841.851384588
66.7487374029499,-173683.279844661
66.8487374029499,-171524.262020296
66.9487374029499,-169364.803489164
67,-168257.639910557
67.0004351206922,-119876.194333974
67.0008702413844,-119871.182756453
67.0013053620766,-119866.171175751
67.0017404827688,-119861.159589735
67.002959306094,-119847.121533514
67.0041781294192,-119833.083441516
67.0053969527445,-119819.045313412
67.0077971149632,-119791.400688663
67.010197277182,-119763.755924177
67.0125974394007,-119736.111019625
67.0149976016194,-119708.465975171
67.0198930173322,-119652.080192325
67.0247884330449,-119595.693827921
67.0296838487576,-119539.306882263
67.0345792644704,-119482.919355437
67.0394746801831,-119426.531247909
67.0471499209916,-119338.122408047
67.0548251618001,-119249.712142316
67.0625004026086,-119161.300451793
67.070175643417,-119072.887337544
67.0778508842255,-118984.472800632
67.0998645335692,-118730.879830885
67.1218781829129,-118477.27519186
67.1438918322565,-118223.65890866
67.1659054816002,-117970.031006401
67.2659054816002,-116817.746136467
67.3659054816002,-115665.224371747
67.4659054816002,-114512.468065301
67.5659054816002,-113359.479570214
67.6659054816001,-112206.261239568
67.7659054816001,-111052.815426442
67.8659054816001,-109899.144483924
67.9659054816001,-108745.250765088
68,-108351.785753124
68.0004501944793,-152036.89172948
68.0009003889586,-152027.154080793
68.0013505834379,-152017.416424193
68.0018007779173,-152007.678759681
68.0029506856698,-151982.80632659
68.0041005934224,-151957.933841859
68.0052505011749,-151933.061305533
68.0074916758629,-151884.584487082
68.0097328505508,-151836.107472768
68.0119740252388,-151787.630262679
68.0142151999267,-151739.152856689
68.0181583764208,-151653.860071087
68.0221015529148,-151568.56667995
68.0260447294089,-151483.272683618
68.029987905903,-151397.978082538
68.0339310823971,-151312.682876947
68.0411027254515,-151157.550872299
68.0482743685059,-151002.416871371
68.0554460115602,-150847.280876157
68.0626176546146,-150692.142888734
68.069789297669,-150537.00291114
68.0875182931155,-150153.473349748
68.105247288562,-149769.931669643
68.1229762840085,-149386.377901942
68.140705279455,-149002.812077721
68.240705279455,-146839.093365755
68.340705279455,-144674.997642286
68.440705279455,-142510.530484984
68.540705279455,-140345.697471532
68.640705279455,-138180.504179597
68.740705279455,-136014.956186862
68.840705279455,-133849.059070996
68.9407052794549,-131682.818409676
69,-130398.192094842
69.0003724953918,-92941.1599720611
69.0007449907837,-92936.8509472066
69.0011174861755,-92932.5419200618
69.0014899815673,-92928.2328896624
69.0029340558848,-92911.527800288
69.0043781302022,-92894.8226715331
69.0058222045197,-92878.1175034608
69.0085257741531,-92846.8422868355
69.0112293437865,-92815.566932699
69.0139329134199,-92784.2914411608
69.0166364830533,-92753.0158123116
69.0222983916823,-92687.5168683648
69.0279603003112,-92622.0173227082
69.0336222089401,-92556.5171756528
69.039284117569,-92491.0164277099
69.0449460261979,-92425.5150792224
69.0539967226083,-92320.8083604037
69.0630474190187,-92216.1001099557
69.0720981154291,-92111.3903296236
69.0811488118395,-92006.6790211915
69.0901995082499,-91901.9661863644
69.1204796879696,-91551.6258882707
69.1507598676893,-91201.268589999
69.181040047409,-90850.894356863
69.2113202271287,-90500.5032542042
69.3113202271287,-89343.2210056046
69.4113202271287,-88185.7578360849
69.5113202271287,-87028.1160987276
69.6113202271287,-85870.2981466176
69.7113202271287,-84712.3063328333
69.8113202271287,-83554.1430104566
69.9113202271287,-82395.8105325724
70,-81368.4643002324
70.0004079472252,-114130.748785984
70.0008158944503,-114121.900554003
70.0012238416755,-114113.05231715
70.0016317889007,-114104.204075424
70.0029466642834,-114075.684825731
70.0042615396661,-114047.165525581
70.0055764150489,-114018.646174765
70.0080773474733,-113964.401374369
70.0105782798978,-113910.156391053
70.0130792123222,-113855.911225036
70.0155801447466,-113801.665876238
70.0215172907854,-113672.888152025
70.0274544368241,-113544.109399806
70.0333915828628,-113415.329620758
70.0393287289016,-113286.548816101
70.0452658749403,-113157.766986948
70.0545624909702,-112956.11329481
70.063859107,-112754.457098141
70.0731557230299,-112552.798401451
70.0824523390598,-112351.13720919
70.0917489550897,-112149.47352585
70.1340194328413,-111232.504264554
70.1762899105929,-110315.48401662
70.2185603883445,-109398.413203312
70.2608308660961,-108481.292245912
70.3608308660961,-106311.446150183
70.460830866096,-104141.327352478
70.5543301864972,-102112.039274019
70.5543301864981,-102167.782300795
70.554330186499,-102064.707177263
70.5771763114708,-101616.157167883
70.6000224364426,-101120.261458072
70.6228685614144,-100624.352211041
70.6457146863862,-100128.42949332
70.7370991862733,-98144.6052456298
70.8284836861604,-96160.5707875966
70.9198681860475,-94176.3303758967
71,-92436.2544975161
71.0801318139525,-90696.0264060143
71.160263627905,-88955.648971296
71.2403954418575,-87215.1250632745
71.3403954418575,-85042.8479591535
71.4403954418575,-82870.3527899885
71.5403954418575,-80697.6451334567
71.6403954418575,-78524.7305672304
71.7403954418575,-76351.6146689876
71.8403954418575,-74178.3030164011
71.9403954418575,-72004.8011871474
72,-70709.2068623819
72.0018758963243,-50400.515016812
72.0036627691161,-50379.7493775401
72.0054496419079,-50358.9837057425
72.0072365146998,-50338.2180014287
72.0090233874916,-50317.4522646121
72.0139537736548,-50260.1547317703
72.018884159818,-50202.8569518471
72.0238145459812,-50145.5589251488
72.0287449321444,-50088.2606519314
72.034887610712,-50016.8734296348
72.0410302892795,-49945.4858256778
72.0471729678471,-49874.0978406226
72.0533156464147,-49802.7094750145
72.0594583249822,-49731.3207293832
72.0749957142926,-49550.7472030395
72.090533103603,-49370.1712577113
72.1060704929134,-49189.59290222
72.1216078822239,-49009.0121453979
72.2216078822239,-47846.7216910928
72.3216078822238,-46684.3344845265
72.4216078822238,-45521.8528787823
72.5216078822238,-44359.2792269418
72.6216078822238,-43196.6158820859
72.7216078822238,-42033.8651972974
72.8216078822238,-40871.0295256571
72.9216078822238,-39708.1112202473
73,-38796.4186797139
73.0008826307289,-54382.523570528
73.0017652614578,-54363.3271586443
73.0026478921867,-54344.1307359052
73.0035305229156,-54324.9343023145
73.0052182910525,-54288.2268157708
73.0069060591894,-54251.5192895807
73.0085938273263,-54214.8117237648
73.0102815954631,-54178.104118394
73.0147513298641,-54080.8907835676
73.0192210642651,-53983.677171817
73.0236907986661,-53886.4632836185
73.0281605330671,-53789.24911947
73.0351103130608,-53638.0948366917
73.0420600930545,-53486.9398898662
73.0490098730483,-53335.7842808822
73.055959653042,-53184.6280115979
73.0725641612042,-52823.480750588
73.0891686693663,-52462.3297566214
73.1057731775285,-52101.1750552294
73.2057731775285,-49926.058058582
73.3057731775285,-47750.8130974137
73.4057731775285,-45575.4457494006
73.5057731775285,-43399.9615922172
73.6057731775285,-41224.3662035392
73.7057731775285,-39048.6651610418
73.8057731775285,-36872.8640424001
73.9057731775284,-34696.9684252893
74,-32646.6096581219
74.0042281693796,-23234.2189660887
74.0076130694509,-23194.8234518046
74.0109979695223,-23155.4278838027
74.0143828695936,-23116.0322621741
74.0177677696649,-23076.6365870165
74.0211526697362,-23037.2408584146
74.0273151131905,-22965.5180872296
74.0334775566449,-22893.7951397665
74.0396400000992,-22822.072016575
74.0458024435536,-22750.348718207
74.0519648870079,-22678.6252452097
74.0671899271607,-22501.4232381907
74.0824149673135,-22324.2201769227
74.0976400074663,-22147.0160697104
74.112865047619,-21969.8109248583
74.1280900877718,-21792.6047506709
74.2177522141961,-20748.9954468013
74.3074143406203,-19705.3524279319
74.3970764670446,-18661.6773902119
74.4867385934688,-17617.9720297911
74.5867385934688,-16453.8957247278
74.6867385934688,-15289.7861644687
74.7867385934688,-14125.6457020956
74.8867385934688,-12961.4766906901
74.9867385934688,-11797.2814833339
75,-11642.8909823693
75.0132614065312,-11488.50006758
75.0265228130625,-11334.1087444544
75.0397842195937,-11179.71701848
75.1397842195937,-10015.4862758188
75.2397842195937,-8851.23529157729
75.3397842195937,-7686.96641883724
75.4397842195937,-6522.68201068036
75.5397842195937,-5358.38442018834
75.6397842195937,-4194.07600044293
75.7397842195936,-3029.75910452582
75.8397842195936,-1865.43608551876
75.9397842195936,-701.109296503458
75.9999999999991,-1.05895043476776e-08
76,0
76.0602157804064,0
76.1204315608127,0
76.1806473412191,0
76.1869622554948,0
76.1869622554957,0
76.1869622554966,0
76.2869622554966,0
76.3869622554966,0
76.4869622554966,0
76.5869622554966,0
76.6869622554966,0
76.7869622554966,0
76.8869622554966,0
76.9869622554966,0
77,0
77.0130377445034,0
77.0260754890068,0
77.1260754890068,0
77.2260754890068,0
77.3260754890068,0
77.4260754890068,0
77.5260754890068,0
77.6260754890068,0
77.7260754890068,0
77.8260754890068,0
77.9260754890068,0
78,0
78.0739245109932,0
78.1478490219865,0
78.2478490219865,0
78.3478490219865,0
78.4478490219865,0
78.5478490219865,0
78.6478490219864,0
78.7478490219864,0
78.8478490219864,0
78.9478490219864,0
79,0
79.0521509780136,0
79.1043019560271,0
79.2043019560271,0
79.3043019560271,0
79.4043019560271,0
79.5043019560271,0
79.6043019560271,0
79.7043019560271,0
79.8043019560271,0
79.9043019560271,0
80,0
80.0956980439729,0
80.1913960879458,0
80.2913960879458,0
80.3913960879458,0
80.4913960879458,0
80.5913960879458,0
80.6913960879458,0
80.7913960879458,0
80.8913960879458,0
80.9913960879458,0
81,0
81.0086039120542,0
81.0172078241085,0
81.1032469446509,0
81.1892860651933,0
81.2753251857357,0
81.3753251857357,0
81.4753251857357,0
81.5753251857357,0
81.6753251857357,0
81.7753251857357,0
81.8753251857357,0
81.9753251857357,0
82,0
82.0246748142643,0
82.0493496285287,0
82.1493496285287,0
82.2493496285286,0
82.3493496285286,0
82.4493496285286,0
82.5493496285286,0
82.6493496285286,0
82.7493496285286,0
82.8493496285286,0
82.9493496285286,0
83,0
83.0506503714714,0
83.1013007429428,0
83.2013007429428,0
83.3013007429428,0
83.4013007429428,0
83.5013007429428,0
83.6013007429428,0
83.7013007429427,0
83.8013007429427,0
83.9013007429427,0
84,0
84.0986992570573,0
84.1973985141145,0
84.2973985141145,0
84.3973985141145,0
84.4973985141145,0
84.5973985141145,0
84.6973985141145,0
84.7973985141145,0
84.8973985141145,0
84.9973985141145,0
85,0
85.0026014858855,0
85.005202971771,0
85.0312178306262,0
85.0572326894815,0
85.0832475483367,0
85.1832475483367,0
85.2832475483366,0
85.3832475483366,0
85.4832475483366,0
85.5832475483366,0
85.6832475483366,0
85.7832475483366,0
85.8832475483366,0
85.9832475483366,0
86,0
86.0167524516634,0
86.0335049033268,0
86.1335049033268,0
86.2335049033268,0
86.3335049033268,0
86.4335049033268,0
86.5335049033268,0
86.6335049033268,0
86.7335049033267,0
86.8335049033267,0
86.9335049033267,0
87,0
87.0664950966733,0
87.1329901933465,0
87.2329901933465,0
87.3329901933465,0
87.4329901933465,0
87.5329901933465,0
87.6329901933465,0
87.7329901933465,0
87.8329901933465,0
87.9329901933465,0
88,0
88.0670098066535,0
88.134019613307,0
88.234019613307,0
88.334019613307,0
88.434019613307,0
88.534019613307,0
88.634019613307,0
88.734019613307,0
88.834019613307,0
88.934019613307,0
89,0
89.065980386693,0
89.131960773386,0
89.231960773386,0
89.331960773386,0
89.431960773386,0
89.531960773386,0
89.631960773386,0
89.731960773386,0
89.831960773386,0
89.931960773386,0
90,0
90.0000000000009,1.6230236081185e-08
90.0100055570646,178.55250102357
90.0200111141282,357.105004588426
90.0300166711919,535.657513268314
90.0400222282555,714.21002962075
90.0740334110046,1321.15106685457
90.1080445937537,1928.09232274659
90.1420557765028,2535.03389774908
90.2420557765028,4319.57204231409
90.3420557765027,6104.11636718533
90.4420557765027,7888.66942561989
90.5420557765027,9673.23377087484
90.6420557765027,11457.8119562073
90.7420557765027,13242.4065348742
90.8420557765027,15027.0200601328
90.9420557765027,16811.65508524
91,17845.7588356584
91.0579442234973,18879.8711587217
91.1158884469946,19913.9925511653
91.1738326704919,20948.1235097243
91.2738326704919,22732.8481545247
91.3738326704919,24517.605323548
91.4738326704918,26302.3975700511
91.5738326704918,28087.2274472911
91.6738326704918,29872.0975085251
91.7738326704918,31657.0103070103
91.8738326704918,33441.9683960036
91.9738326704918,35226.974328762
92,35694.070928392
92.0261673295082,36161.1710246013
92.0523346590164,36628.2746631371
92.0785019885246,37095.3818897483
92.1046693180327,37562.4927501827
92.2046693180327,39347.6188733979
92.3046693180327,41132.8012874883
92.4046693180327,42918.0425457114
92.5046693180327,44703.3452013237
92.6046693180327,46488.7118075827
92.7046693180327,48274.1449177456
92.8046693180327,50059.6470850687
92.9046693180327,51845.2208628099
93,53547.4895352763
93.0953306819673,55249.8278192757
93.1906613639346,56952.2379268467
93.2859920459019,58654.7220700269
93.3859920459019,60440.6762455413
93.4859920459019,62226.7168741372
93.5859920459019,64012.8465090719
93.6859920459019,65799.0677036018
93.7859920459019,67585.3830109846
93.8859920459019,69371.7949844775
93.9859920459019,71158.3061773366
94,71408.5679133854
94.0007465346855,51095.5286071214
94.0014930693711,51101.8920271212
94.0022396040566,51108.2554496078
94.0029861387422,51114.6188747121
94.0047061655587,51129.2803085859
94.0064261923752,51143.9417559379
94.0081462191916,51158.6032166954
94.0115465419742,51187.5875131591
94.0149468647568,51216.571862203
94.0183471875394,51245.55626386
94.021747510322,51274.5407181596
94.0289163033391,51335.647899401
94.0360850963563,51396.7553150427
94.0432538893735,51457.862965351
94.0504226823907,51518.9708506184
94.0575914754078,51580.0789711189
94.0729393458258,51710.9078556794
94.0882872162438,51841.7378224643
94.1036350866617,51972.5688742032
94.1189829570797,52103.401013631
94.2189829570797,52955.8727399718
94.3189829570797,53808.3915141992
94.4189829570797,54660.9580928348
94.5189829570797,55513.5732324006
94.6189829570797,56366.2376894155
94.7189829570797,57218.9522204018
94.8189829570797,58071.7175818785
94.9189829570797,58924.5345303677
95,59615.4999505683
95.0008461863623,83336.5938026901
95.0016923727246,83351.7178188935
95.002538559087,83366.8418436765
95.0033847454493,83381.9658769958
95.0048122979778,83407.4807864257
95.0062398505063,83432.9957201463
95.0076674030347,83458.5106781815
95.0104899776701,83508.9592425112
95.0133125523054,83559.4079019872
95.0161351269407,83609.8566566751
95.018957701576,83660.3055065917
95.0245627660428,83760.4870395517
95.0301678305096,83860.6689488091
95.0357728949763,83960.8512348369
95.0413779594431,84061.0338980642
95.0469830239099,84161.2169389475
95.0576605476656,84352.0644611154
95.0683380714213,84542.9133585156
95.0790155951769,84733.7636342548
95.0896931189326,84924.6152914449
95.1003706426883,85115.4683331831
95.1748459396252,86446.6993574706
95.2493212365622,87777.9989463806
95.3237965334992,89109.3681546207
95.3982718304361,90440.8080368959
95.4982718304361,92228.6814642087
95.5982718304361,94016.6867656786
95.6982718304361,95804.8264945623
95.7982718304361,97593.1032041196
95.8982718304361,99381.5194476048
95.9982718304361,101170.077778275
96,101200.988363072
96.0017281695639,101231.898990996
96.0034563391278,101262.809662251
96.0051845086917,101293.720376636
96.0224662043306,101602.829902003
96.0397478999695,101911.943765592
96.0570295956084,102221.061980586
96.0743112912473,102530.184560179
96.1743112912473,104318.999223996
96.2743112912473,106107.963022994
96.3743112912473,107897.078510431
96.4743112912472,109686.348239567
96.5743112912472,111475.774763657
96.6743112912472,113265.360635956
96.7743112912472,115055.108409726
96.8743112912472,116845.020638221
96.9743112912472,118635.099874697
97,119094.975387903
97.0256887087528,119554.862133896
97.0513774175056,120014.760155972
97.0770661262583,120474.669497414
97.1770661262583,122265.095187232
97.2770661262583,124055.695615146
97.3770661262583,125846.473334408
97.4770661262583,127637.430898275
97.5770661262583,129428.570860007
97.6770661262583,131219.895772858
97.7770661262583,133011.408190085
97.8770661262583,134803.110664949
97.9770661262583,136595.005750702
98,137005.984126593
98.0229338737417,137416.972798186
98.0458677474834,137827.97179628
98.0688016212251,138238.981151672
98.1688016212251,140031.252681829
98.2688016212251,141823.724271632
98.3688016212251,143616.39847434
98.4688016212251,145409.277843213
98.5688016212251,147202.364931504
98.6688016212251,148995.662292471
98.7688016212251,150789.172479374
98.8688016212251,152582.898045467
98.9688016212251,154376.841544006
99,154936.5678362
99.0311983787749,155496.315666649
99.0623967575499,156056.085112906
99.0935951363248,156615.876252484
99.1935951363248,158410.318969891
99.2935951363248,160204.987912557
99.3935951363248,161999.88563374
99.4935951363248,163795.014686701
99.5935951363248,165590.377624693
99.6935951363248,167385.977000974
99.7935951363248,169181.815368804
99.8935951363247,170977.895281437
99.9935951363247,172774.21929213
100,172889.279773777
100.006404863675,173004.341267925
100.012809727351,173119.403775235
100.076858364103,174270.084719823
100.140907000856,175420.867718486
100.204955637608,176571.753442095
100.304955637608,178368.853828974
100.404955637608,180166.208817001
100.504955637608,181963.820959444
100.604955637608,183761.692809549
100.704955637608,185559.826920578
100.804955637608,187358.225845786
100.904955637608,189156.892138433
101,190866.673196437
101.095044362392,192576.700277603
101.190088724784,194286.975574098
101.285133087175,195997.501278078
101.385133087175,197797.486974224
101.485133087175,199597.754851226
101.585133087175,201398.307462345
101.685133087175,203199.147360834
101.785133087175,205000.27709996
101.885133087175,206801.69923297
101.985133087175,208603.416313125
102,208871.301361222
102.000274827886,149608.747461317
102.000549655772,149611.118173221
102.000824483658,149613.488886126
102.001099311544,149615.859600031
102.002081086276,149624.328570349
102.003062861009,149632.797553597
102.004044635741,149641.266549608
102.006237451947,149660.182291057
102.008430268152,149679.098096131
102.010623084357,149698.013964895
102.012815900562,149716.929897357
102.017444657803,149756.859243796
102.022073415045,149796.788874312
102.026702172287,149836.718788674
102.031330929529,149876.648987286
102.035959686771,149916.579469896
102.042761891057,149975.259948081
102.049564095343,150033.941040197
102.056366299629,150092.622746677
102.063168503915,150151.30506776
102.069970708201,150209.988003515
102.08606223887,150348.812843076
102.102153769538,150487.64112755
102.118245300207,150626.472860183
102.134336830875,150765.308044055
102.234336830875,151628.169802515
102.334336830875,152491.165724894
102.434336830875,153354.296567705
102.534336830875,154217.563087478
102.634336830875,155080.966040723
102.734336830875,155944.506183965
102.834336830875,156808.184273724
102.934336830875,157672.001066521
103,158239.286352845
103.000109646139,220892.756047859
103.000219292279,220894.734012446
103.000328938418,220896.711977412
103.001223749003,220912.85395582
103.002118559587,220928.995959186
103.003013370171,220945.137986873
103.005084775199,220982.505409002
103.007156180227,221019.872966318
103.009227585256,221057.240659022
103.011298990284,221094.608486555
103.014954006949,221160.544754262
103.018609023614,221226.481443099
103.022264040279,221292.418553253
103.025919056943,221358.356084848
103.029574073608,221424.294038008
103.035654564685,221533.989447835
103.041735055762,221643.686025269
103.047815546838,221753.383770844
103.053896037915,221863.08268533
103.059976528992,221972.782769105
103.07195004181,222188.804163109
103.083923554628,222404.830098067
103.095897067445,222620.860578368
103.107870580263,222836.895608292
103.119844093081,223052.935192325
103.219844093081,224857.426091174
103.319844093081,226662.237504904
103.419844093081,228467.371986783
103.519844093081,230272.832090066
103.619844093081,232078.620368007
103.719844093081,233884.739373876
103.819844093081,235691.191660916
103.919844093081,237497.97978239
104,238946.471390701
104.000034784326,32949.4525315891
104.000069568652,32949.4525315891
104.000104352978,32949.4525315891
104.000331885021,32949.4525315891
104.000559417064,32949.4525315891
104.000786949107,32949.4525315891
104.001989982978,32949.4525315891
104.00319301685,32949.4525315891
104.004396050721,32949.4525315891
104.005599084593,32949.4525315891
104.008049384939,32949.4525315891
104.010499685285,32949.4525315891
104.012949985632,32949.4525315891
104.015400285978,32949.4525315891
104.017850586325,32949.4525315891
104.021539647585,32949.4525315891
104.025228708846,32949.4525315891
104.028917770107,32949.4525315891
104.032606831368,32949.4525315891
104.036295892629,32949.4525315891
104.041912560261,32949.4525315891
104.047529227892,32949.4525315891
104.053145895524,32949.4525315891
104.058762563156,32949.4525315891
104.064379230788,32949.4525315891
104.074752964612,32949.4525315891
104.085126698437,32949.4525315891
104.095500432262,32949.4525315891
104.105874166087,32949.4525315891
104.116247899912,32949.4525315891
104.152330995217,32949.4525315891
104.188414090523,32949.4525315891
104.224497185828,32949.4525315891
104.260580281133,32949.4525315891
104.360580281133,32949.4525315891
104.460580281133,32949.4525315891
104.560580281133,32949.4525315891
104.660580281133,32949.4525315891
104.760580281133,32949.4525315891
104.860580281133,32949.4525315891
104.960580281133,32949.4525315891
105,32949.4525315891
105.039419718867,32949.4525315891
105.078839437733,32949.4525315891
105.1182591566,32949.4525315891
105.2182591566,32949.4525315891
105.3182591566,32949.4525315891
105.4182591566,32949.4525315891
105.5182591566,32949.4525315891
105.6182591566,32949.4525315891
105.7182591566,32949.4525315891
105.8182591566,32949.4525315891
105.9182591566,32949.4525315891
106,32949.4525315891
106.0817408434,32949.4525315891
106.163481686801,32949.4525315891
106.245222530201,32949.4525315891
106.345222530201,32949.4525315891
106.445222530201,32949.4525315891
106.545222530201,32949.4525315891
106.645222530201,32949.4525315891
106.745222530201,32949.4525315891
106.845222530201,32949.4525315891
106.945222530201,32949.4525315891
107,32949.4525315891
107.054777469799,32949.4525315891
107.109554939598,32949.4525315891
107.164332409397,32949.4525315891
107.264332409397,32949.4525315891
107.364332409397,32949.4525315891
107.464332409397,32949.4525315891
107.564332409397,32949.4525315891
107.664332409397,32949.4525315891
107.764332409397,32949.4525315891
107.864332409397,32949.4525315891
107.964332409397,32949.4525315891
108,32949.4525315891
108.035667590603,32949.4525315891
108.071335181205,32949.4525315891
108.107002771808,32949.4525315891
108.207002771808,32949.4525315891
108.307002771808,32949.4525315891
108.407002771808,32949.4525315891
108.507002771808,32949.4525315891
108.607002771808,32949.4525315891
108.707002771808,32949.4525315891
108.807002771808,32949.4525315891
108.907002771808,32949.4525315891
109,32949.4525315891
109.092997228192,32949.4525315891
109.185994456384,32949.4525315891
109.278991684577,32949.4525315891
109.378991684577,32949.4525315891
109.478991684577,32949.4525315891
109.578991684577,32949.4525315891
109.678991684577,32949.4525315891
109.778991684577,32949.4525315891
109.878991684577,32949.4525315891
109.978991684577,32949.4525315891
110,32949.4525315891
110.021008315423,32949.4525315891
110.042016630847,32949.4525315891
110.06302494627,32949.4525315891
110.16302494627,32949.4525315891
110.26302494627,32949.4525315891
110.36302494627,32949.4525315891
110.46302494627,32949.4525315891
110.56302494627,32949.4525315891
110.66302494627,32949.4525315891
110.76302494627,32949.4525315891
110.86302494627,32949.4525315891
110.96302494627,32949.4525315891
111,32949.4525315891
111.03697505373,32949.4525315891
111.07395010746,32949.4525315891
111.11092516119,32949.4525315891
111.21092516119,32949.4525315891
111.31092516119,32949.4525315891
111.41092516119,32949.4525315891
111.51092516119,32949.4525315891
111.61092516119,32949.4525315891
111.71092516119,32949.4525315891
111.81092516119,32949.4525315891
111.91092516119,32949.4525315891
112,32949.4525315891
112.08907483881,32949.4525315891
112.178149677619,32949.4525315891
112.267224516429,32949.4525315891
112.367224516429,32949.4525315891
112.467224516429,32949.4525315891
112.567224516429,32949.4525315891
112.667224516429,32949.4525315891
112.767224516429,32949.4525315891
112.867224516429,32949.4525315891
112.967224516429,32949.4525315891
113,32949.4525315891
113.032775483571,32949.4525315891
113.065550967142,32949.4525315891
113.098326450714,32949.4525315891
113.198326450714,32949.4525315891
113.298326450714,32949.4525315891
113.398326450714,32949.4525315891
113.498326450714,32949.4525315891
113.598326450714,32949.4525315891
113.698326450714,32949.4525315891
113.798326450714,32949.4525315891
113.898326450714,32949.4525315891
113.998326450714,32949.4525315891
114,32949.4525315891
114.001673549286,32949.4525315891
114.003347098573,32949.4525315891
114.005020647859,32949.4525315891
114.021756140723,32949.4525315891
114.038491633587,32949.4525315891
114.055227126451,32949.4525315891
114.071962619316,32949.4525315891
114.171962619316,32949.4525315891
114.271962619316,32949.4525315891
114.371962619316,32949.4525315891
114.471962619316,32949.4525315891
114.571962619316,32949.4525315891
114.671962619316,32949.4525315891
114.771962619316,32949.4525315891
114.871962619316,32949.4525315891
114.971962619316,32949.4525315891
115,32949.4525315891
115.00007121728,-216733.837848166
115.000142434559,-216732.307558306
115.000213651839,-216730.777268163
115.000284869118,-216729.246977737
115.000415547125,-216726.43901838
115.000546225132,-216723.63105321
115.000676903139,-216720.823093199
115.000807581146,-216718.015126124
115.00115240822,-216710.605597855
115.001497235294,-216703.196060044
115.001749149045,-216697.783012983
115.001824723171,-216696.159099077
115.001900297296,-216694.535178286
115.001975871422,-216692.911267741
115.002051445547,-216691.287351596
115.002127019672,-216689.66342985
115.002422898025,-216683.305675843
115.002718776378,-216676.947913495
115.003014654731,-216670.590146265
115.003310533084,-216664.232375503
115.003606411436,-216657.874597161
115.004161246188,-216645.952401451
115.004716080939,-216634.0301897
115.00527091569,-216622.107959347
115.005825750441,-216610.185713272
115.006380585193,-216598.263449317
115.00752018959,-216573.775627571
115.008659793988,-216549.287733789
115.009799398386,-216524.799767632
115.010939002784,-216500.311729109
115.012078607182,-216475.823618228
115.014507393128,-216423.633003096
115.016936179075,-216371.442059285
115.019364965022,-216319.25078684
115.021793750969,-216267.059186333
115.024222536916,-216214.867257187
115.02841742716,-216124.722923538
115.032612317404,-216034.577610935
115.036807207649,-215944.431320214
115.041002097893,-215854.284051407
115.045196988137,-215764.135805305
115.051703412334,-215624.310731291
115.058209836531,-215484.483308394
115.064716260729,-215344.65353789
115.071222684926,-215204.821421562
115.077729109123,-215064.9869607
115.091474863185,-214769.558910297
115.105220617246,-214474.120417441
115.118966371308,-214178.671496751
115.132712125369,-213883.212162599
115.232712125369,-211733.441165557
115.332712125369,-209583.12538091
115.432712125369,-207432.270386342
115.532712125369,-205280.88175954
115.632712125369,-203128.965078167
115.732712125369,-200976.525919902
115.832712125369,-198823.569862417
115.932712125369,-196670.102483398
116,-195220.795066971
116.000278639959,-139038.513338806
116.000557279919,-139035.316259276
116.000835919878,-139032.119177554
116.001114559838,-139028.92209364
116.002201368142,-139016.452155472
116.003288176447,-139003.982183196
116.004374984751,-138991.512177907
116.006746962827,-138964.296058292
116.009118940903,-138937.079779589
116.011490918979,-138909.863342442
116.013862897055,-138882.646746425
116.018701164903,-138827.130909345
116.023539432752,-138771.614412357
116.0283777006,-138716.097255671
116.033215968449,-138660.579439553
116.038054236298,-138605.06096427
116.045483598467,-138519.808746239
116.052912960637,-138434.554975559
116.060342322807,-138349.299653151
116.067771684977,-138264.042780124
116.075201047147,-138178.7843573
116.095372010598,-137947.297117834
116.115542974049,-137715.798480936
116.1357139375,-137484.288465975
116.155884900951,-137252.767092194
116.255884900951,-136104.804692765
116.355884900951,-134956.565944702
116.455884900951,-133808.053201095
116.555884900951,-132659.268815022
116.655884900951,-131510.215139576
116.755884900951,-130360.894527827
116.855884900951,-129211.309332861
116.955884900951,-128061.461907761
117,-127554.122827534
117.000388309809,-179043.23864919
117.000776619618,-179034.860202047
117.001164929428,-179026.48174627
117.001553239237,-179018.103284403
117.00271464447,-178993.043898399
117.003876049704,-178967.984449985
117.005037454937,-178942.924939533
117.007251397158,-178895.154784813
117.009465339378,-178847.384404683
117.011679281598,-178799.613799114
117.013893223819,-178751.842968614
117.01924875206,-178636.284354793
117.024604280302,-178520.72442438
117.029959808544,-178405.16317797
117.035315336785,-178289.600616603
117.040670865027,-178174.036741136
117.048536516814,-178004.305967092
117.056402168601,-177834.572362921
117.064267820388,-177664.835931326
117.072133472175,-177495.096674897
117.079999123962,-177325.354596472
117.104079923453,-176805.669407493
117.128160722943,-176285.957871235
117.152241522433,-175766.220065635
117.176322321923,-175246.456068581
117.276322321923,-173087.760864355
117.376322321923,-170928.620914301
117.476322321923,-168769.041796078
117.576322321923,-166609.029087363
117.676322321923,-164448.588365833
117.776322321923,-162287.725209159
117.876322321923,-160126.445195025
117.976322321923,-157964.753901098
118,-157452.855984828
118.000466583135,-112192.100973127
118.000933166269,-112186.719702856
118.001399749404,-112181.338427633
118.001866332539,-112175.95714746
118.003194275059,-112160.641456037
118.004522217578,-112145.325724122
118.005850160098,-112130.00995255
118.008455842136,-112099.957306627
118.011061524174,-112069.90450655
118.013667206212,-112039.851552212
118.01627288825,-112009.798443653
118.021799919464,-111946.050911799
118.027326950678,-111882.302686626
118.032853981892,-111818.553768557
118.038381013106,-111754.804157989
118.04390804432,-111691.05385532
118.052658465998,-111590.122663554
118.061408887677,-111489.189739622
118.070159309355,-111388.255084995
118.078909731034,-111287.318701349
118.087660152712,-111186.380590226
118.114982441345,-110871.200654742
118.142304729978,-110556.003940821
118.16962701861,-110240.790496476
118.196949307243,-109925.560369698
118.296949307243,-108771.671725026
118.396949307243,-107617.562603246
118.496949307243,-106463.23535744
118.596949307243,-105308.692340694
118.696949307243,-104153.935906085
118.796949307243,-102998.968406695
118.896949307243,-101843.79219561
118.996949307243,-100688.409625907
119,-100653.159234843
119.000388331615,-141218.535728093
119.00077666323,-141210.128857039
119.001164994844,-141201.721980518
119.001553326459,-141193.315098531
119.002818797412,-141165.919235529
119.004084268364,-141138.523314677
119.005349739317,-141111.127335598
119.007744175586,-141059.29040773
119.010138611856,-141007.453272205
119.012533048125,-140955.615929196
119.014927484394,-140903.778378619
119.018976221035,-140816.126131407
119.023024957677,-140728.473291671
119.027073694318,-140640.819859676
119.031122430959,-140553.165835888
119.037267199701,-140420.132169409
119.043411968443,-140287.097141839
119.049556737184,-140154.060754471
119.055701505926,-140021.023008664
119.061846274668,-139887.983905648
119.077359081901,-139552.113330929
119.092871889134,-139216.234135406
119.108384696366,-138880.346339919
119.123897503599,-138544.449965268
119.223897503599,-136378.96119989
119.323897503599,-134213.122373899
119.423897503599,-132046.939064975
119.523897503599,-129880.416850786
119.623897503599,-127713.561309014
119.723897503599,-125546.378017328
119.823897503599,-123378.872553409
119.923897503599,-121211.050494927
120,-119561.075083248
120.076102496401,-117910.922001728
120.152204992801,-116260.593708752
120.228307489202,-114610.092662705
120.328307489202,-112441.047153266
120.428307489202,-110271.713183621
120.528307489202,-108102.096331438
120.628307489202,-105932.202174398
120.728307489202,-103762.036290171
120.828307489202,-101591.604256437
120.851397028627,-101090.424264808
120.851397028628,-101145.608553781
120.851397028629,-101043.566599266
120.875154167188,-100574.738983462
120.898911305747,-100059.039142912
120.922668444306,-99543.324817909
121,-97864.5303593069
121.000244895728,-69772.1470159297
121.000489791455,-69769.3059970307
121.000734687183,-69766.4649772851
121.002422903547,-69746.8800636862
121.004111119911,-69727.2951098707
121.005799336275,-69707.7101158973
121.009109362771,-69669.3103896705
121.012419389267,-69630.9105090684
121.015729415763,-69592.5104740462
121.019039442259,-69554.1102847977
121.025455734151,-69479.6733348827
121.031872026044,-69405.2358062066
121.038288317936,-69330.7976993769
121.044704609828,-69256.3590150149
121.05112090172,-69181.9197537562
121.062585580979,-69048.9096799059
121.074050260238,-68915.8977697206
121.085514939496,-68782.8840267117
121.096979618755,-68649.8684544331
121.108444298013,-68516.8510564305
121.185604775949,-67621.559771681
121.262765253884,-66726.1870293752
121.339925731819,-65830.7339105055
121.417086209754,-64935.2014960587
121.517086209754,-63774.4750382586
121.617086209754,-62613.6195630161
121.717086209754,-61452.6374234123
121.817086209754,-60291.5309725315
121.917086209754,-59130.3025634529
122,-58167.3932774344
122.000906562734,-81555.6480642114
122.001813125468,-81535.9508960414
122.002719688201,-81516.2537106895
122.003626250935,-81496.55650816
122.005196919892,-81462.4299990341
122.00676758885,-81428.3034383786
122.008338257807,-81394.1768262158
122.009908926764,-81360.0501625672
122.013957984753,-81272.0741367077
122.018007042741,-81184.0977692368
122.02205610073,-81096.1210604561
122.026105158719,-81008.1440108093
122.032199030323,-80875.7370546788
122.038292901927,-80743.3293284925
122.044386773531,-80610.9208335059
122.050480645135,-80478.5115709813
122.062704948411,-80212.8963500112
122.074929251686,-79947.2780557021
122.087153554962,-79681.6566982628
122.099377858238,-79416.0322878641
122.174418061894,-77785.4019192891
122.24945826555,-76154.6592485947
122.324498469206,-74523.8066326452
122.424498469206,-72350.3346628619
122.524498469206,-70176.6772074039
122.624498469206,-68002.8398439476
122.724498469206,-65828.8281501679
122.824498469206,-63654.64770374
122.924498469206,-61480.3040823389
123,-59838.5366484782
123.001695081579,-42652.9957129521
123.003390163158,-42633.2861736685
123.005085244737,-42613.5766096008
123.006780326315,-42593.8670208091
123.008475407894,-42574.1574072563
123.013202994777,-42519.1871137147
123.01793058166,-42464.2166280349
123.022658168543,-42409.2459504682
123.027385755426,-42354.2750812458
123.034068558794,-42276.569253239
123.040751362162,-42198.8630434947
123.04743416553,-42121.1564527051
123.054116968897,-42043.4494815764
123.068828473354,-41872.3842380723
123.08353997781,-41701.3171622884
123.098251482267,-41530.2482617108
123.112962986723,-41359.1775438317
123.212962986723,-40196.293640052
123.312962986723,-39033.3284678006
123.412962986723,-37870.2843801612
123.512962986723,-36707.1637302155
123.612962986723,-35543.9688710445
123.712962986723,-34380.7021557307
123.812962986723,-33217.3659373557
123.912962986723,-32053.9625690006
124,-31041.3182001633
124.001970942899,-43482.6806737307
124.003941885798,-43439.8020705325
124.005912828698,-43396.9234240753
124.007883771597,-43354.0447344322
124.011303072732,-43279.6563013428
124.014722373867,-43205.267738568
124.018141675002,-43130.8790463292
124.021560976138,-43056.4902248493
124.028063458376,-42915.0247066539
124.034565940615,-42773.5587234045
124.041068422853,-42632.0922766335
124.047570905092,-42490.6253678773
124.060472868453,-42209.9310635829
124.073374831815,-41929.2349585088
124.086276795177,-41648.5370646366
124.099178758538,-41367.8373939408
124.199178758538,-39192.1431469186
124.299178758538,-37016.3484559371
124.399178758538,-34840.4588986713
124.499178758538,-32664.4800527961
124.599178758538,-30488.417495987
124.699178758538,-28312.2768059191
124.757017830015,-27053.5837599848
124.757017830016,-27054.6969809256
124.773020690859,-26705.3255890272
124.789023551703,-26357.0656654776
124.805026412546,-26008.8040121747
124.853034995076,-24964.0089023301
124.901043577607,-23919.1990476087
124.949052160137,-22874.3750651873
125,-21765.5684544124
125.050947839863,-20656.7473657642
125.101895679727,-19547.9125368591
125.15284351959,-18439.0647053135
125.25284351959,-16262.5923500651
125.35284351959,-14086.078320855
125.45284351959,-11909.5281953585
125.55284351959,-9732.94755125075
125.65284351959,-7556.34196620692
125.75284351959,-5379.71701790222
125.85284351959,-3203.07828401182
125.95284351959,-1026.43134221093
125.999999999999,-1.97965146680363e-08
126,0
126.016226120639,0
126.032452241278,0
126.048678361917,0
126.07877531289,0
126.108872263863,0
126.138969214836,0
126.238969214836,0
126.338969214836,0
126.438969214836,0
126.538969214836,0
126.638969214836,0
126.738969214836,0
126.838969214836,0
126.938969214836,0
127,0
127.061030785164,0
127.122061570329,0
127.183092355493,0
127.283092355493,0
127.383092355493,0
127.483092355493,0
127.583092355493,0
127.683092355493,0
127.783092355493,0
127.883092355493,0
127.983092355493,0
128,0
128.016907644507,0
128.033815289013,0
128.05072293352,0
128.15072293352,0
128.25072293352,0
128.35072293352,0
128.45072293352,0
128.55072293352,0
128.65072293352,0
128.75072293352,0
128.85072293352,0
128.95072293352,0
129,0
129.04927706648,0
129.098554132961,0
129.147831199441,0
129.247831199441,0
129.347831199441,0
129.447831199441,0
129.547831199441,0
129.647831199441,0
129.747831199441,0
129.847831199441,0
129.947831199441,0
130,0
130.052168800559,0
130.104337601118,0
130.156506401677,0
130.256506401677,0
130.356506401677,0
130.456506401677,0
130.556506401677,0
130.656506401677,0
130.756506401677,0
130.856506401677,0
130.956506401677,0
131,0
131.043493598323,0
131.086987196646,0
131.130480794969,0
131.230480794969,0
131.330480794969,0
131.430480794969,0
131.530480794969,0
131.630480794969,0
131.730480794969,0
131.830480794969,0
131.930480794969,0
132,0
132.069519205031,0
132.139038410063,0
132.208557615094,0
132.308557615094,0
132.408557615094,0
132.508557615094,0
132.608557615094,0
132.708557615094,0
132.808557615094,0
132.908557615094,0
133,0
133.091442384906,0
133.182884769811,0
133.274327154717,0
133.374327154717,0
133.474327154717,0
133.574327154717,0
133.674327154717,0
133.774327154717,0
133.874327154717,0
133.974327154717,0
134,0
134.025672845283,0
134.051345690566,0
134.077018535849,0
134.177018535849,0
134.277018535849,0
134.377018535849,0
134.477018535849,0
134.577018535849,0
134.677018535849,0
134.777018535849,0
134.877018535849,0
134.977018535849,0
135,0
135.022981464151,0
135.045962928303,0
135.068944392454,0
135.168944392454,0
135.268944392454,0
135.368944392454,0
135.468944392454,0
135.568944392454,0
135.668944392454,0
135.768944392454,0
135.868944392454,0
135.968944392454,0
136,0
136.031055607546,0
136.062111215092,0
136.093166822638,0
136.193166822638,0
136.293166822638,0
136.393166822638,0
136.493166822638,0
136.593166822638,0
136.693166822638,0
136.793166822638,0
136.893166822638,0
136.993166822638,0
137,0
137.006833177362,0
137.013666354725,0
137.020499532087,0
137.088831305712,0
137.157163079337,0
137.225494852962,0
137.293826626587,0
137.393826626587,0
137.493826626587,0
137.593826626587,0
137.693826626587,0
137.793826626587,0
137.893826626587,0
137.993826626587,0
138,0
138.006173373413,0
138.012346746826,0
138.018520120238,0
138.080253854366,0
138.141987588494,0
138.203721322621,0
138.265455056749,0
138.365455056749,0
138.465455056749,0
138.565455056749,0
138.665455056749,0
138.765455056749,0
138.865455056749,0
138.965455056749,0
139,0
139.034544943251,0
139.069089886502,0
139.103634829754,0
139.203634829754,0
139.303634829754,0
139.403634829754,0
139.503634829754,0
139.603634829754,0
139.703634829753,0
139.803634829753,0
139.903634829753,0
140,0
140.096365170247,0
140.192730340493,0
140.28909551074,0
140.38909551074,0
140.48909551074,0
140.58909551074,0
140.68909551074,0
140.78909551074,0
140.88909551074,0
140.98909551074,0
141,0
141.01090448926,0
141.021808978521,0
141.032713467781,0
141.132713467781,0
141.232713467781,0
141.332713467781,0
141.432713467781,0
141.532713467781,0
141.632713467781,0
141.732713467781,0
141.832713467781,0
141.932713467781,0
142,0
142.067286532219,0
142.134573064437,0
142.201859596656,0
142.301859596656,0
142.401859596656,0
142.501859596656,0
142.601859596656,0
142.701859596656,0
142.801859596656,0
142.901859596656,0
143,0
143.098140403344,0
143.196280806689,0
143.294421210033,0
143.394421210033,0
143.494421210033,0
143.594421210033,0
143.694421210033,0
143.794421210033,0
143.894421210033,0
143.994421210033,0
144,0
144.005578789967,0
144.011157579934,0
144.016736369901,0
144.07252426957,0
144.12831216924,0
144.18410006891,0
144.239887968579,0
144.339887968579,0
144.439887968579,0
144.539887968579,0
144.639887968579,0
144.739887968579,0
144.839887968579,0
144.939887968579,0
145,0
145.060112031421,0
145.120224062841,0
145.180336094262,0
145.280336094262,0
145.380336094262,0
145.480336094262,0
145.580336094262,0
145.680336094262,0
145.780336094262,0
145.880336094262,0
145.980336094262,0
146,0
146.000000000002,3.246047216237e-08
146.014440079554,257.688033690937
146.028880159105,515.376075037235
146.043320238657,773.064131759177
146.073734060743,1315.80905958398
146.104147882829,1858.55416155124
146.134561704915,2401.29950949126
146.234561704915,4185.83729374083
146.334561704915,5970.38106695374
146.434561704915,7754.93338238704
146.534561704915,9539.49679329782
146.634561704915,11324.0738529432
146.734561704915,13108.6671145801
146.834561704915,14893.2791314658
146.934561704915,16677.9124568572
147,17845.7588356584
147.065438295085,19013.6161479416
147.13087659017,20181.4851091752
147.196314885255,21349.3664348278
147.296314885255,23134.0981693066
147.396314885255,24918.8630020371
147.496314885255,26703.663486276
147.596314885255,28488.5021752808
147.696314885255,30273.3816223082
147.796314885255,32058.3043806155
147.896314885254,33843.2730034595
147.996314885254,35628.2900440978
148,35694.0709283908
148.003685114746,35759.8518820341
148.007370229491,35825.6329051499
148.011055344237,35891.4139978658
148.047906491692,36549.2287812896
148.084757639147,37207.0506655025
148.121608786602,37864.8797782811
148.221608786602,39650.0152572498
148.321608786602,41435.2074596019
148.421608786602,43220.4589385945
148.521608786602,45005.7722474847
148.621608786602,46791.1499395298
148.721608786602,48576.5945679869
148.821608786602,50362.1086861125
148.921608786602,52147.6948471643
149,53547.4895352763
149.078391213398,54947.3312940792
149.156782426797,56347.221353549
149.235173640195,57747.1609436621
149.335173640195,59533.0721635516
149.435173640195,61319.0685389985
149.535173640195,63105.1526232588
149.635173640195,64891.3269695906
149.735173640195,66677.5941312507
149.835173640195,68463.9566614956
149.935173640195,70250.417113583
150,71408.5679133864
150.002049212884,51106.6325650318
150.003993855976,51123.2086110117
150.005938499068,51139.7846741601
150.00788314216,51156.3607545243
150.009827785252,51172.9368520596
150.01577226742,51223.6076018689
150.021716749589,51274.278512503
150.027661231757,51324.9495841217
150.033605713926,51375.6208168672
150.040602401429,51435.2613371672
150.047599088932,51494.9020811766
150.054595776435,51554.5430491554
150.061592463938,51614.1842413674
150.082419831422,51791.7223021151
150.103247198906,51969.2623588918
150.12407456639,52146.804418528
150.22407456639,52999.2785220833
150.32407456639,53851.799712045
150.42407456639,54704.3687449353
150.52407456639,55556.9863772733
150.62407456639,56409.653365581
150.72407456639,57262.3704663776
150.82407456639,58115.1384361852
150.92407456639,58967.958031523
151,59615.4999505686
151.000842156891,83336.5217833508
151.001684313781,83351.5737801401
151.002526470672,83366.6257854731
151.003368627563,83381.6777991711
151.004855212043,83408.2477977888
151.006341796522,83434.8178227436
151.007828381002,83461.3878740659
151.009314965482,83487.9579517642
151.013298386111,83559.1547054262
151.01728180674,83630.351648698
151.021265227369,83701.5487817456
151.025248647998,83772.7461047017
151.031192895607,83878.990452078
151.037137143216,83985.2352232702
151.043081390825,84091.4804188382
151.049025638434,84197.7260392992
151.060773416114,84407.7033907688
151.072521193793,84617.6824080799
151.084268971473,84827.6630953592
151.096016749153,85037.6454567595
151.196016749153,86825.1358094424
151.296016749153,88612.7503189359
151.396016749153,90400.4915384937
151.496016749153,92188.3620213756
151.596016749153,93976.3643208362
151.696016749153,95764.5009901327
151.796016749153,97552.7745825247
151.896016749153,99341.1876512665
151.996016749153,101129.742749615
152,101200.988363058
152.003983250847,101272.234206022
152.007966501694,101343.48027873
152.01194975254,101414.726581345
152.051782261008,102127.202286334
152.091614769476,102839.701157186
152.131447277944,103552.223355244
152.171279786412,104264.769041872
152.271279786412,106053.728282302
152.371279786412,107842.839133769
152.471279786412,109632.104149533
152.571279786412,111421.525882848
152.671279786412,113211.106886971
152.771279786412,115000.849715163
152.871279786412,116790.756920676
152.971279786412,118580.831056769
153,119094.975387902
153.028720213588,119609.133759401
153.057440427175,120123.306231761
153.086160640763,120637.49286547
153.186160640763,122427.934341325
153.286160640763,124218.550787483
153.386160640763,126009.344757194
153.486160640763,127800.318803717
153.586160640763,129591.475480312
153.686160640763,131382.817340231
153.786160640763,133174.346936734
153.886160640763,134966.066823077
153.986160640763,136757.979552519
154,137005.984126594
154.013839359237,137253.992449821
154.027678718474,137502.004528968
154.041518077712,137750.020370804
154.141518077712,139542.237760937
154.241518077712,141334.654514102
154.341518077712,143127.273183552
154.441518077712,144920.096322545
154.541518077712,146713.126484341
154.641518077712,148506.366222194
154.741518077712,150299.818089359
154.841518077712,152093.4846391
154.941518077712,153887.368424668
155,154936.567836197
155.058481922288,155985.842929259
155.116963844577,157035.194214546
155.175445766865,158084.62220275
155.275445766865,159879.249897311
155.375445766865,161674.105906988
155.475445766865,163469.19278504
155.575445766865,165264.513084727
155.675445766865,167060.069359303
155.775445766865,168855.864162023
155.875445766865,170651.90004615
155.975445766865,172448.179564937
156,172889.279773786
156.024554233135,173330.39486336
156.04910846627,173771.524871456
156.073662699405,174212.669835871
156.173662699405,176009.439826172
156.273662699405,177806.461065377
156.373662699405,179603.736106745
156.473662699405,181401.267503533
156.573662699405,183199.057808995
156.673662699405,184997.109576397
156.773662699405,186795.425358987
156.873662699405,188594.007710026
156.973662699405,190392.859182769
157,190866.673196435
157.026337300595,191340.506101576
157.05267460119,191814.357944848
157.079011901785,192288.228772855
157.179011901785,194087.640889749
157.279011901785,195887.329924691
157.379011901785,197687.298430953
157.479011901785,199487.548961781
157.579011901785,201288.084070435
157.679011901785,203088.906310173
157.779011901785,204890.018234252
157.879011901785,206691.422395925
157.979011901785,208493.121348461
158,208871.301361231
158.000383478912,149609.684703469
158.000766957825,149612.992658362
158.001150436737,149616.300614213
158.001533915649,149619.608573989
158.002755461574,149630.145863907
158.003977007499,149640.683173784
158.005198553423,149651.22050342
158.007556615397,149671.56173173
158.009914677371,149691.903033728
158.012272739345,149712.244409383
158.014630801318,149732.585858706
158.019733584928,149776.604468123
158.024836368538,149820.623422649
158.029939152148,149864.642722391
158.035041935758,149908.662367447
158.040144719368,149952.682357919
158.04774836575,150018.277087806
158.055352012132,150083.872585129
158.062955658514,150149.468850398
158.070559304896,150215.065883746
158.078162951279,150280.663685705
158.099886107508,150468.076861519
158.121609263737,150655.496320521
158.143332419966,150842.922070379
158.165055576194,151030.354118918
158.265055576194,151893.257010345
158.365055576194,152756.294298086
158.465055576194,153619.466738656
158.565055576194,154482.775088571
158.665055576194,155346.220104363
158.765055576194,156209.802542542
158.865055576194,157073.523159631
158.965055576194,157937.382712152
159,158239.286352847
159.000087553809,220892.357513146
159.000175107618,220893.936942428
159.000262661426,220895.51637195
159.001041454732,220909.565447865
159.001820248038,220923.614541946
159.002599041344,220937.663656159
159.004734832862,220976.19256233
159.006870624379,221014.721612024
159.009006415897,221053.250805631
159.011142207415,221091.780143177
159.014727367685,221156.456184157
159.018312527956,221221.132630478
159.021897688227,221285.809482154
159.025482848497,221350.486739304
159.029068008768,221415.164402045
159.035238497067,221526.483321457
159.041408985366,221637.803443392
159.047579473664,221749.124768208
159.053749961963,221860.447296765
159.059920450262,221971.771029469
159.072152806677,222192.46240594
159.084385163093,222413.158521905
159.096617519509,222633.859382
159.108849875925,222854.564990931
159.208849875925,224659.020807427
159.308849875925,226463.796858134
159.408849875925,228268.895696274
159.508849875925,230074.319875108
159.608849875925,231880.071947894
159.708849875925,233686.154467889
159.808849875925,235492.569988344
159.908849875925,237299.321062531
160,238946.471390703
160.091150124075,240593.904563414
160.18230024815,242241.622514279
160.28230024815,244049.649287178
160.38230024815,245858.023702216
160.48230024815,247666.748312635
160.58230024815,249475.825671695
160.68230024815,251285.258332654
160.78230024815,253095.048848769
160.88230024815,254905.199773293
160.98230024815,256715.713659497
161,257036.208124677
161.000317890579,184227.77596633
161.000635781158,184230.536903334
161.000953671738,184233.297841981
161.001271562317,184236.058782272
161.002243799824,184244.502861246
161.003216037332,184252.94695447
161.004188274839,184261.391063549
161.006364052694,184280.288256488
161.008539830549,184299.185526393
161.010715608403,184318.082873327
161.012891386258,184336.980297514
161.017609786988,184377.961592714
161.022328187719,184418.943250554
161.02704658845,184459.925270987
161.03176498918,184500.907653794
161.036483389911,184541.890399451
161.043343619733,184601.477137026
161.050203849555,184661.064641797
161.057064079377,184720.652913772
161.063924309199,184780.241953195
161.070784539021,184839.831760515
161.087274236881,184983.068867419
161.103763934741,185126.31041501
161.120253632602,185269.556406559
161.136743330462,185412.806845544
161.236743330462,186281.629194656
161.336743330462,187150.615986704
161.436743330462,188019.767978217
161.536743330462,188889.085925716
161.636743330462,189758.57058572
161.736743330462,190628.222714747
161.836743330462,191498.04306933
161.936743330462,192368.032405977
162,192918.446282973
162.000036273413,37345.928467829
162.000072546827,37345.928467829
162.00010882024,37345.928467829
162.000387312569,37345.928467829
162.000665804898,37345.928467829
162.000944297227,37345.928467829
162.002141080741,37345.928467829
162.003337864254,37345.928467829
162.004534647768,37345.928467829
162.005731431282,37345.928467829
162.00801303522,37345.928467829
162.010294639157,37345.928467829
162.012576243095,37345.928467829
162.014857847032,37345.928467829
162.01713945097,37345.928467829
162.021123852238,37345.928467829
162.025108253506,37345.928467829
162.029092654774,37345.928467829
162.033077056042,37345.928467829
162.03706145731,37345.928467829
162.043212413103,37345.928467829
162.049363368896,37345.928467829
162.055514324689,37345.928467829
162.061665280482,37345.928467829
162.067816236275,37345.928467829
162.079876869706,37345.928467829
162.091937503136,37345.928467829
162.103998136567,37345.928467829
162.116058769997,37345.928467829
162.128119403428,37345.928467829
162.172069082453,37345.928467829
162.216018761479,37345.928467829
162.259968440504,37345.928467829
162.303918119529,37345.928467829
162.403918119529,37345.928467829
162.503918119529,37345.928467829
162.603918119529,37345.928467829
162.703918119529,37345.928467829
162.803918119529,37345.928467829
162.903918119529,37345.928467829
163,37345.928467829
163.096081880471,37345.928467829
163.192163760942,37345.928467829
163.288245641412,37345.928467829
163.388245641412,37345.928467829
163.488245641412,37345.928467829
163.588245641412,37345.928467829
163.688245641412,37345.928467829
163.788245641412,37345.928467829
163.888245641412,37345.928467829
163.988245641412,37345.928467829
164,37345.928467829
164.011754358588,37345.928467829
164.023508717176,37345.928467829
164.035263075763,37345.928467829
164.135263075763,37345.928467829
164.235263075763,37345.928467829
164.335263075763,37345.928467829
164.435263075763,37345.928467829
164.535263075763,37345.928467829
164.635263075763,37345.928467829
164.735263075763,37345.928467829
164.835263075763,37345.928467829
164.935263075763,37345.928467829
165,37345.928467829
165.064736924237,37345.928467829
165.129473848474,37345.928467829
165.19421077271,37345.928467829
165.29421077271,37345.928467829
165.39421077271,37345.928467829
165.49421077271,37345.928467829
165.59421077271,37345.928467829
165.69421077271,37345.928467829
165.79421077271,37345.928467829
165.89421077271,37345.928467829
165.99421077271,37345.928467829
166,37345.928467829
166.00578922729,37345.928467829
166.011578454579,37345.928467829
166.017367681869,37345.928467829
166.075259954765,37345.928467829
166.133152227662,37345.928467829
166.191044500559,37345.928467829
166.248936773455,37345.928467829
166.348936773455,37345.928467829
166.448936773455,37345.928467829
166.548936773455,37345.928467829
166.648936773455,37345.928467829
166.748936773455,37345.928467829
166.848936773455,37345.928467829
166.948936773455,37345.928467829
167,37345.928467829
167.051063226545,37345.928467829
167.10212645309,37345.928467829
167.153189679635,37345.928467829
167.253189679635,37345.928467829
167.353189679635,37345.928467829
167.453189679635,37345.928467829
167.553189679635,37345.928467829
167.653189679635,37345.928467829
167.753189679635,37345.928467829
167.853189679635,37345.928467829
167.953189679635,37345.928467829
168,37345.928467829
168.046810320365,37345.928467829
168.093620640731,37345.928467829
168.140430961096,37345.928467829
168.240430961096,37345.928467829
168.340430961096,37345.928467829
168.440430961096,37345.928467829
168.540430961096,37345.928467829
168.640430961096,37345.928467829
168.740430961096,37345.928467829
168.840430961096,37345.928467829
168.940430961096,37345.928467829
169,37345.928467829
169.059569038904,37345.928467829
169.119138077808,37345.928467829
169.178707116713,37345.928467829
169.278707116713,37345.928467829
169.378707116713,37345.928467829
169.478707116713,37345.928467829
169.578707116713,37345.928467829
169.678707116713,37345.928467829
169.778707116713,37345.928467829
169.878707116713,37345.928467829
169.978707116713,37345.928467829
170,37345.928467829
170.021292883287,37345.928467829
170.042585766575,37345.928467829
170.063878649862,37345.928467829
170.163878649862,37345.928467829
170.263878649862,37345.928467829
170.363878649862,37345.928467829
170.463878649862,37345.928467829
170.563878649862,37345.928467829
170.663878649862,37345.928467829
170.763878649862,37345.928467829
170.863878649862,37345.928467829
170.963878649862,37345.928467829
171,37345.928467829
171.000083179835,-243547.713608874
171.00016635967,-243545.932433846
171.000249539505,-243544.151263785
171.00033271934,-243542.370082488
171.000475459494,-243539.313510247
171.000618199648,-243536.2569308
171.000760939803,-243533.200356369
171.000903679957,-243530.143777513
171.000995719064,-243528.172885221
171.001087758171,-243526.202001366
171.001179797279,-243524.231112099
171.001271836386,-243522.26021742
171.00155290003,-243516.241629185
171.001637219124,-243514.4360545
171.001721538217,-243512.630470363
171.001805857311,-243510.824891107
171.001890176404,-243509.019316731
171.002001258772,-243506.64063171
171.002112341141,-243504.261951101
171.002223423509,-243501.883273761
171.002334505878,-243499.504587561
171.002620392664,-243493.382697349
171.002906279451,-243487.260802414
171.003192166237,-243481.13889921
171.003478053024,-243475.01699245
171.003951622497,-243464.876085776
171.004425191971,-243454.735164452
171.004898761445,-243444.594228114
171.005372330919,-243434.453279606
171.006225962623,-243416.173695704
171.007079594327,-243397.894066921
171.007933226031,-243379.614391392
171.008786857735,-243361.334670696
171.010304771909,-243328.829852393
171.011822686084,-243296.324889587
171.013340600259,-243263.819782355
171.014858514434,-243231.314530717
171.017076945975,-243183.807846384
171.019295377517,-243136.300853381
171.021513809059,-243088.793552497
171.023732240601,-243041.285943188
171.026715871543,-242977.391137821
171.029699502484,-242913.49577557
171.032683133425,-242849.599856049
171.035666764367,-242785.703379558
171.038650395308,-242721.806346244
171.044311776494,-242600.561448761
171.049973157681,-242479.314547998
171.055634538867,-242358.065644911
171.061295920053,-242236.814740751
171.06695730124,-242115.561836212
171.077327373509,-241893.455129428
171.087697445778,-241671.341721056
171.098067518047,-241449.221617376
171.108437590316,-241227.094824565
171.118807662585,-241004.961348971
171.163813682295,-240040.826789792
171.208819702004,-239076.566980949
171.253825721714,-238112.182430902
171.298831741424,-237147.673648119
171.398831741424,-235004.16535629
171.498831741424,-232860.051821549
171.598831741424,-230715.33862156
171.698831741424,-228570.031334001
171.798831741424,-226424.135536548
171.898831741424,-224277.656806872
171.998831741424,-222130.60072266
172,-222105.514166103
172.00034862015,-158119.79639473
172.000697240301,-158115.813914433
172.001045860451,-158111.831432576
172.001394480601,-158107.848944462
172.002432270424,-158095.993656581
172.003470060247,-158084.138333392
172.00450785007,-158072.28297597
172.006796998014,-158046.132405919
172.009086145957,-158019.981667881
172.0113752939,-157993.830761615
172.013664441843,-157967.679686614
172.018122856993,-157916.746563532
172.022581272142,-157865.81280181
172.027039687291,-157814.878402001
172.031498102441,-157763.943364222
172.03595651759,-157713.007688681
172.043029822449,-157632.196597566
172.050103127308,-157551.383902533
172.057176432167,-157470.569604442
172.064249737026,-157389.753704126
172.071323041884,-157308.936202359
172.088853079264,-157108.636252229
172.106383116644,-156908.326483864
172.123913154024,-156708.006909914
172.141443191404,-156507.677543124
172.241443191404,-155364.713147709
172.341443191404,-154221.43284581
172.441443191404,-153077.838990509
172.541443191404,-151933.933934899
172.641443191404,-150789.720032052
172.741443191404,-149645.199635052
172.841443191404,-148500.375096981
172.941443191404,-147355.24877092
173,-146684.560182703
173.000338715792,-205977.417684376
173.000677431585,-205970.130270871
173.001016147377,-205962.842851288
173.00135486317,-205955.555425627
173.002517243192,-205930.5469261
173.003679623215,-205905.53835522
173.004842003237,-205880.529713101
173.007009737228,-205833.890657336
173.009177471218,-205787.251352777
173.011345205208,-205740.611799814
173.013512939199,-205693.97199798
173.017420374712,-205609.901083296
173.021327810226,-205525.829361082
173.025235245739,-205441.756831661
173.029142681252,-205357.683495367
173.033050116766,-205273.609352533
173.039916338041,-205125.870689425
173.046782559316,-204978.129538725
173.053648780591,-204830.385902266
173.060515001865,-204682.63978169
173.06738122314,-204534.891178968
173.083310493776,-204192.112676719
173.099239764412,-203849.320847084
173.115169035048,-203506.515712708
173.131098305684,-203163.69729604
173.231098305684,-201011.26652534
173.331098305684,-198858.3187654
173.431098305684,-196704.8595939
173.531098305684,-194550.894588529
173.631098305684,-192396.429326949
173.731098305684,-190241.46938684
173.831098305684,-188086.020345876
173.931098305684,-185930.08778173
174,-184444.335273062
174.000403402237,-131381.674914762
174.000806804474,-131377.038943137
174.001210206711,-131372.402968855
174.001613608949,-131367.766988551
174.002929459273,-131352.644942957
174.004245309598,-131337.522850382
174.005561159923,-131322.400712165
174.008096674478,-131293.261703786
174.010632189033,-131264.12252423
174.013167703587,-131234.983173524
174.015703218142,-131205.843651303
174.020815656254,-131147.088191597
174.025928094367,-131088.332036202
174.031040532479,-131029.57518524
174.036152970591,-130970.817639225
174.041265408703,-130912.05939847
174.049443069996,-130818.07051046
174.057620731289,-130724.079846928
174.065798392582,-130630.087409005
174.073976053875,-130536.093197978
174.082153715169,-130442.097215256
174.107151992805,-130154.750097008
174.132150270441,-129867.386470949
174.157148548078,-129580.006373861
174.182146825714,-129292.609842503
174.282146825714,-128142.780883445
174.382146825714,-126992.691880944
174.482146825714,-125842.345188072
174.582146825714,-124691.74315792
174.682146825714,-123540.88814356
174.782146825714,-122389.782498078
174.882146825714,-121238.428574555
174.982146825714,-120086.828726072
175,-119881.20590584
175.000283334433,-168251.520170471
175.000566668865,-168245.400426695
175.000850003298,-168239.280679449
175.00113333773,-168233.160928733
175.002450509847,-168204.711234338
175.003767681964,-168176.261465588
175.00508485408,-168147.811621642
175.007405943742,-168097.677794582
175.009727033404,-168047.543735149
175.012048123065,-167997.409442859
175.014369212727,-167947.274918314
175.018329420736,-167861.73561534
175.022289628744,-167776.195636177
175.026249836752,-167690.654980869
175.030210044761,-167605.113649996
175.034170252769,-167519.571643825
175.041570968049,-167359.711557067
175.048971683329,-167199.849115355
175.056372398608,-167039.984321078
175.063773113888,-166880.117176496
175.071173829168,-166720.247683747
175.090397690926,-166304.964837853
175.109621552684,-165889.666203445
175.128845414443,-165474.35182017
175.148069276201,-165059.021727635
175.248069276201,-162898.277356453
175.348069276201,-160737.11455193
175.448069276201,-158575.538891753
175.548069276201,-156413.555953597
175.648069276201,-154251.171315138
175.748069276201,-152088.390554054
175.848069276201,-149925.219248014
175.948069276201,-147761.662974696
176,-146637.96252282
176.051930723799,-145514.160538291
176.103861447598,-144390.257802237
176.155792171397,-143266.255095801
176.255792171397,-141101.549180371
176.355792171397,-138936.48103912
176.455792171397,-136771.056249728
176.555792171397,-134605.280389866
176.655792171397,-132439.159037209
176.755792171397,-130272.697769437
176.855792171397,-128105.90216422
176.955792171397,-125938.777799237
177,-124980.635827555
177.000450192613,-89083.2322673129
177.000900385226,-89078.0216745834
177.001350577839,-89072.8110779431
177.001800770452,-89067.6004781571
177.003357950868,-89049.5773991353
177.004915131284,-89031.5542763403
177.006472311699,-89013.5311099764
177.009445024537,-88979.1241223496
177.012417737374,-88944.7169755883
177.015390450212,-88910.3096695857
177.018363163049,-88875.9022045193
177.02441819779,-88805.8181198095
177.030473232531,-88735.7333757677
177.036528267272,-88665.6479729356
177.042583302013,-88595.5619118355
177.048638336754,-88525.475192971
177.059032379341,-88405.163147126
177.069426421927,-88284.8491672671
177.079820464513,-88164.5332560544
177.090214507099,-88044.2154161192
177.100608549685,-87923.8956501366
177.13547821469,-87520.2359790239
177.170347879695,-87116.5547604494
177.2052175447,-86712.8520941872
177.240087209704,-86309.1280799932
177.274956874709,-85905.3828176329
177.374956874709,-84747.3962373234
177.474956874709,-83589.2380771205
177.574956874709,-82430.9106901113
177.674956874709,-81272.4164293742
177.774956874709,-80113.757647991
177.874956874709,-78954.9366990465
177.974956874709,-77795.9559356193
178,-77505.6861845895
178.000848150604,-108697.886623659
178.001696301209,-108679.484458821
178.002544451813,-108661.082274164
178.003392602417,-108642.680069337
178.004789352393,-108612.374937048
178.006186102369,-108582.069750476
178.007582852344,-108551.764509564
178.00897960232,-108521.459214397
178.012662140697,-108441.55888982
178.016344679075,-108361.658188059
178.020027217452,-108281.757109336
178.023709755829,-108201.855653932
178.029151223803,-108083.789335769
178.034592691778,-107965.722196653
178.040034159752,-107847.654237505
178.045475627726,-107729.58545917
178.0509170957,-107611.515862601
178.062897318774,-107351.564728032
178.074877541848,-107091.609641115
178.086857764921,-106831.65061144
178.098837987995,-106571.687648599
178.110818211068,-106311.720762181
178.144095840821,-105589.586674694
178.177373470574,-104867.422593646
178.210651100326,-104145.228724573
178.243928730079,-103423.005273031
178.343928730079,-101252.532167147
178.443928730079,-99081.7993607291
178.543928730079,-96910.8124314534
178.643928730079,-94739.5769569979
178.743928730079,-92568.0985150341
178.843928730079,-90396.3826832408
178.943928730079,-88224.4350392898
179,-87006.4970657548
179.00061762297,-62030.8445066891
179.00123524594,-62023.674009786
179.001852868909,-62016.5035080969
179.002470491879,-62009.3330016221
179.004218398317,-61989.0400542444
179.005966304755,-61968.7470684761
179.007714211193,-61948.4540444546
179.011142650265,-61908.6500885536
179.014571089337,-61868.8459854582
179.01799952841,-61829.0417352069
179.021427967482,-61789.2373379643
179.029091762266,-61700.2596584729
179.03675555705,-61611.2812459198
179.044419351834,-61522.3021013411
179.052083146618,-61433.3222257962
179.059746941402,-61344.3416203749
179.076020775219,-61155.3916105905
179.092294609036,-60966.4383245336
179.108568442853,-60777.4817723417
179.124842276671,-60588.5219641564
179.224842276671,-59427.3245246919
179.324842276671,-58266.0068782597
179.424842276671,-57104.5713779391
179.524842276671,-55943.020376812
179.624842276671,-54781.3562279623
179.724842276671,-53619.5812844691
179.824842276671,-52457.6978994157
179.924842276671,-51295.7084258836
180,-50422.3151829899
180.000838524324,-70690.9798184288
180.001677048647,-70672.7527617357
180.002515572971,-70654.5256923035
180.003354097295,-70636.2986101353
180.004954020368,-70601.5208963695
180.00655394344,-70566.7431362346
180.008153866513,-70531.9653298117
180.009753789586,-70497.1874771035
180.014089326711,-70402.9447938081
180.018424863835,-70308.7017712428
180.022760400959,-70214.4584098623
180.027095938084,-70120.2147101435
180.033747647195,-69975.6225857041
180.040399356305,-69831.0296675354
180.047051065416,-69686.4359572933
180.053702774527,-69541.8414566002
180.068120898516,-69228.4183344839
180.082539022505,-68914.9915229763
180.096957146494,-68601.561038798
180.196957146494,-66427.5968013525
180.296957146494,-64253.4622750933
180.396957146494,-62079.1630376959
180.496957146494,-59904.7046668345
180.596957146494,-57730.0927401853
180.696957146494,-55555.332835423
180.796957146494,-53380.4305302229
180.896957146494,-51205.3914022601
180.996957146494,-49030.2210292099
181,-48964.0317828868
181.003042853506,-48897.8424203531
181.006085707012,-48831.6529417861
181.009128560517,-48765.4633473356
181.012171414023,-48699.2736371661
181.042599949081,-48037.3702050142
181.073028484139,-47375.4553730918
181.103457019196,-46713.5292985344
181.133885554254,-46051.5921384884
181.164314089312,-45389.6440500951
181.264314089312,-43214.1501748794
181.364314089312,-41038.5455445535
181.464314089312,-38862.8357367925
181.564314089312,-36687.0263292715
181.664314089312,-34511.1228996658
181.764314089312,-32335.1310256502
181.864314089312,-30159.0562849003
181.964314089312,-27982.9042550913
182,-27206.3069342041
182.005244956004,-19342.604867871
182.009370203239,-19294.5868102386
182.013495450475,-19246.5686862443
182.01762069771,-19198.5504960475
182.021745944945,-19150.5322398194
182.025871192181,-19102.5139177192
182.033653750741,-19011.9239191536
182.0414363093,-18921.333687848
182.04921886786,-18830.7432249097
182.05700142642,-18740.1525314504
182.064783984979,-18649.5616085784
182.081715621265,-18452.4723517356
182.098647257551,-18255.3820257128
182.115578893836,-18058.2906419321
182.132510530122,-17861.1982118152
182.149442166408,-17664.1047467839
182.215935286373,-16890.0788329745
182.282428406338,-16116.0378261001
182.348921526303,-15341.9824179396
182.415414646268,-14567.9133002715
182.515414646268,-13403.754857652
182.615414646268,-12239.5693251318
182.715414646268,-11075.3590557924
182.815414646268,-9911.12640271566
182.915414646268,-8746.87371898318
183,-7762.07257353755
183.002229996221,-4630.6633917706
183.004459992442,-4620.3144649114
183.006689988663,-4609.96553460165
183.008919984885,-4599.61660084683
183.013269583002,-4579.4310398205
183.01761918112,-4559.24546577845
183.021968779237,-4539.0598787783
183.026318377355,-4518.87427887742
183.034360151624,-4481.55400688468
183.042401925892,-4444.23369135229
183.05044370016,-4406.91333264327
183.058485474429,-4369.59293112021
183.077715766466,-4280.34849636805
183.096946058503,-4191.10382382252
183.116176350539,-4101.85891844189
183.216176350539,-3637.7703329745
183.316176350539,-3173.67628261497
183.416176350539,-2709.5774645727
183.516176350539,-2245.47457605705
183.616176350539,-1781.36831427746
183.716176350539,-1317.25937644331
183.816176350539,-853.148459763998
183.916176350539,-389.036261448925
183.999999999998,-8.44216359243728e-09
184,0
184.083823649461,0
184.167647298922,0
184.251470948382,0
184.351470948382,0
184.451470948382,0
184.551470948382,0
184.651470948382,0
184.751470948382,0
184.851470948382,0
184.951470948382,0
185,0
185.048529051618,0
185.097058103236,0
185.197058103236,0
185.297058103236,0
185.397058103236,0
185.497058103236,0
185.597058103236,0
185.697058103236,0
185.797058103236,0
185.897058103236,0
185.997058103236,0
186,0
186.002941896764,0
186.005883793529,0
186.035302761174,0
186.064721728819,0
186.094140696464,0
186.194140696464,0
186.294140696464,0
186.394140696464,0
186.494140696464,0
186.594140696464,0
186.694140696464,0
186.794140696464,0
186.894140696464,0
186.994140696464,0
187,0
187.005859303536,0
187.011718607072,0
187.070311642434,0
187.128904677795,0
187.187497713157,0
187.287497713157,0
187.387497713157,0
187.487497713157,0
187.587497713156,0
187.687497713156,0
187.787497713156,0
187.887497713156,0
187.987497713156,0
188,0
188.012502286844,0
188.025004573687,0
188.125004573687,0
188.225004573687,0
188.325004573687,0
188.425004573687,0
188.525004573687,0
188.625004573687,0
188.725004573687,0
188.825004573687,0
188.925004573687,0
189,0
189.074995426313,0
189.149990852626,0
189.249990852626,0
189.349990852626,0
189.449990852626,0
189.549990852626,0
189.649990852626,0
189.749990852626,0
189.849990852626,0
189.949990852626,0
190,0
190.050009147374,0
190.100018294748,0
190.200018294748,0
190.300018294748,0
190.400018294748,0
190.500018294748,0
190.600018294748,0
190.700018294748,0
190.800018294748,0
190.900018294748,0
191,0
191.099981705252,0
191.199963410504,0
191.299963410504,0
191.399963410504,0
191.499963410504,0
191.599963410504,0
191.699963410504,0
191.799963410504,0
191.899963410504,0
191.999963410504,0
192,0
192.000036589496,0
192.000073178992,0
192.000439073954,0
192.000804968916,0
192.001170863878,0
192.004829813495,0
192.008488763113,0
192.01214771273,0
192.048737208906,0
192.085326705082,0
192.121916201259,0
192.221916201258,0
192.321916201258,0
192.421916201258,0
192.521916201258,0
192.621916201258,0
192.721916201258,0
192.821916201258,0
192.921916201258,0
193,0
193.078083798742,0
193.156167597483,0
193.256167597483,0
193.356167597483,0
193.456167597483,0
193.556167597483,0
193.656167597483,0
193.756167597483,0
193.856167597483,0
193.956167597483,0
194,0
194.043832402517,0
194.087664805034,0
194.187664805034,0
194.287664805034,0
194.387664805034,0
194.487664805034,0
194.587664805034,0
194.687664805034,0
194.787664805034,0
194.887664805034,0
194.987664805034,0
195,0
195.000000000002,3.246047216237e-08
195.012335194968,220.125666233769
195.024670389934,440.251337227252
195.0370055849,660.377017805084
195.064148428361,1144.75019663944
195.091291271821,1629.12349614155
195.118434115282,2113.49696736904
195.218434115282,3898.0340248376
195.318434115282,5682.57665949065
195.418434115282,7467.1274245853
195.518434115282,9251.68887337859
195.618434115282,11036.2635591276
195.718434115282,12820.8540350894
195.818434115282,14605.4628545211
195.918434115282,16390.0925706798
196,17845.7588356584
196.081565884718,19301.4420874398
196.163131769436,20757.1437115677
196.244697654155,22212.8650935856
196.326263538873,23668.6076190373
196.426263538873,25453.3828610851
196.526263538873,27238.1945193075
196.626263538873,29023.0451469618
196.726263538873,30807.937297305
196.826263538873,32592.8735235941
196.926263538873,34377.8563790861
197,35694.0709283921
197.073736461127,37010.313242151
197.147472922254,38326.5843439889
197.221209383381,39642.8852575323
197.321209383381,41428.0772282507
197.421209383381,43213.328465412
197.521209383381,44998.6415222734
197.621209383381,46784.0189520914
197.721209383381,48569.4633081238
197.821209383381,50354.9771436268
197.921209383381,52140.5630118583
198,53547.4895352762
198.078790616619,54954.4636102576
198.157581233237,56361.4864856736
198.236371849856,57768.5594103977
198.336371849856,59554.4716355161
198.436371849856,61340.469046785
198.536371849856,63126.5541974608
198.636371849856,64912.7296408014
198.736371849856,66698.9979300637
198.836371849856,68485.3616185041
198.936371849856,70271.8232593805
199,71408.5679133863
199.000719861461,51095.3012460856
199.001439722921,51101.4373048731
199.002159584382,51107.5733660134
199.002879445842,51113.7094294615
199.00472751308,51129.4622740231
199.006575580317,51145.215134063
199.008423647555,51160.968009605
199.012041332865,51191.8051071062
199.015659018175,51222.6422641174
199.019276703486,51253.4794806811
199.022894388796,51284.3167568602
199.030973092243,51353.1801230444
199.03905179569,51422.0437870096
199.047130499137,51490.9077491511
199.055209202584,51559.7720098675
199.06328790603,51628.6365695578
199.08148135081,51783.7223990415
199.09967479559,51938.8097513851
199.11786824037,52093.8986311446
199.13606168515,52248.9890428759
199.23606168515,53101.4687508273
199.33606168515,53953.9956358704
199.43606168515,54806.570454527
199.53606168515,55659.1939633163
199.63606168515,56511.8669187604
199.73606168515,57364.5900773789
199.83606168515,58217.3641956922
199.93606168515,59070.1900302221
200,59615.4999505682
200.000757656713,83335.0114994232
200.001515313426,83348.5532106697
200.002272970139,83362.0949288584
200.003030626852,83375.6366537902
200.004473438955,83401.4242944526
200.005916251058,83427.2119599478
200.007359063161,83452.9996502258
200.010184122542,83503.4926146838
200.013009181924,83553.9856744384
200.015834241305,83604.4788295527
200.018659300687,83654.9720800845
200.024274324886,83755.3316075465
200.029889349085,83855.6915126439
200.035504373284,83956.051795809
200.041119397483,84056.4124574937
200.046734421682,84156.7734981705
200.057916697723,84356.6428432486
200.069098973763,84556.5136967295
200.080281249804,84756.3860621906
200.091463525844,84956.259943199
200.102645801885,85156.1353433279
200.202645801885,86943.6338474121
200.302645801884,88731.2566775644
200.402645801884,90519.0063870376
200.502645801884,92306.8855290918
200.602645801884,94094.8966569815
200.702645801884,95883.0423239636
200.802645801884,97671.3250832981
200.902645801884,99459.7474882393
201,101200.988363042
201.097354198116,102942.366367561
201.194708396231,104683.883857706
201.292062594347,106425.543189388
201.392062594347,108214.685870347
201.492062594347,110003.983246239
201.592062594347,111793.437870321
201.692062594347,113583.052295853
201.792062594347,115372.829076088
201.892062594347,117162.770764284
201.992062594347,118952.879913701
202,119094.975387905
202.007937405653,119237.071934499
202.015874811307,119379.169554807
202.02381221696,119521.268250064
202.103186273494,120942.31460647
202.182560330029,122363.469863647
202.261934386563,123784.735298409
202.341308443097,125206.112187583
202.441308443097,126997.005149924
202.541308443097,128788.079597143
202.641308443097,130579.338082498
202.741308443097,132370.783159243
202.841308443097,134162.417380636
202.941308443097,135954.243299937
203,137005.984126594
203.058691556903,138057.79238313
203.117383113806,139109.668585749
203.176074670709,140161.613250659
203.276074670709,141954.099490503
203.376074670709,143746.788528951
203.476074670709,145539.682919261
203.576074670709,147332.785214693
203.676074670709,149126.097968499
203.776074670709,150919.623733938
203.876074670709,152713.36506427
203.976074670709,154507.324512749
204,154936.567836196
204.023925329291,155365.823826316
204.047850658583,155795.092518075
204.071775987874,156224.373946447
204.171775987874,158018.767642747
204.271775987874,159813.387007216
204.371775987874,161608.234593103
204.471775987874,163403.312953666
204.571775987874,165198.624642165
204.671775987874,166994.172211853
204.771775987874,168789.958215988
204.871775987874,170585.98520783
204.971775987874,172382.255740631
205,172889.279773792
205.028224012126,173396.323468091
205.056448024252,173903.386880928
205.084672036378,174410.470069742
205.184672036378,176207.267595802
205.284672036378,178004.316651867
205.384672036378,179801.619791189
205.484672036378,181599.179567034
205.584672036378,183396.998532649
205.684672036378,185195.079241295
205.784672036378,186993.424246229
205.884672036378,188792.036100708
205.984672036378,190590.917357986
206,190866.673196447
206.015327963622,191142.435433603
206.030655927245,191418.204078638
206.045983890867,191693.979140815
206.145983890867,193493.300358078
206.245983890867,195292.897650114
206.345983890867,197092.773570169
206.445983890867,198892.930671511
206.545983890867,200693.371507386
206.645983890867,202494.098631054
206.745983890867,204295.114595773
206.845983890867,206096.4219548
206.945983890867,207898.023261388
207,208871.301361229
207.000227177279,149608.336419471
207.000454354558,149610.296088953
207.000681531837,149612.255757449
207.000908709116,149614.215429965
207.002030576117,149623.892860228
207.003152443118,149633.570307076
207.004274310119,149643.247771266
207.006690041539,149664.086441855
207.009105772959,149684.925189659
207.011521504379,149705.764015079
207.013937235799,149726.602917652
207.019141794931,149771.499438187
207.024346354064,149816.396317789
207.029550913196,149861.293556577
207.034755472329,149906.191154437
207.039960031461,149951.089111696
207.047663397965,150017.544088006
207.055366764469,150083.999852067
207.063070130974,150150.456404247
207.070773497478,150216.913744893
207.078476863982,150283.371874348
207.101061211031,150478.215064772
207.12364555808,150673.065046864
207.14622990513,150867.921829278
207.168814252179,151062.785420795
207.268814252179,151925.69335006
207.368814252179,152788.735704076
207.468814252179,153651.913239354
207.568814252179,154515.226712417
207.668814252179,155378.676879781
207.768814252179,156242.264497978
207.868814252179,157105.990323516
207.968814252179,157969.855112922
208,158239.286352849
208.000108541841,220892.736126407
208.000217083682,220894.694169966
208.000325625523,220896.652217588
208.001308304293,220914.379296239
208.002290983063,220932.106407887
208.003273661833,220949.83354995
208.005461573435,220989.302731988
208.007649485037,221028.772064739
208.00983739664,221068.241548326
208.012025308242,221107.711182775
208.016894830605,221195.557260474
208.021764352967,221283.404086023
208.02663387533,221371.251659428
208.031503397693,221459.09998123
208.036372920055,221546.949051725
208.043447273232,221674.575911536
208.050521626409,221802.204352928
208.057595979586,221929.834376746
208.064670332763,222057.465983897
208.07174468594,222185.099175226
208.089632216068,222507.827280283
208.107519746196,222830.565534186
208.125407276324,223153.313951685
208.143294806452,223476.072547302
208.243294806452,225280.638380009
208.343294806452,227085.525326352
208.443294806452,228890.735939601
208.543294806452,230696.272773011
208.643294806452,232502.138379836
208.743294806452,234308.335313346
208.843294806452,236114.866126785
208.943294806452,237921.733373414
209,238946.471390701
209.056705193548,239971.318873914
209.113410387095,240996.276288591
209.170115580643,242021.344100303
209.270115580643,243829.328688677
209.370115580643,245637.660608074
209.470115580643,247446.34241175
209.570115580643,249255.376652962
209.670115580643,251064.765884962
209.770115580643,252874.512661022
209.870115580643,254684.619534384
209.970115580643,256495.089058311
210,257036.208124667
210.029884419357,257577.359874734
210.059768838714,258118.544376642
210.089653258071,258659.761698583
210.189653258071,260471.036332755
210.289653258071,262282.681776111
210.389653258071,264094.700581907
210.489653258071,265907.095303399
210.589653258071,267719.868493841
210.689653258071,269533.022706503
210.789653258071,271346.560494629
210.889653258071,273160.48441148
210.989653258071,274974.797010313
211,275162.54154337
211.010346741929,275350.290267631
211.020693483858,275538.04318592
211.031040225786,275725.800301064
211.131040225786,277540.666802572
211.231040225786,279355.928149287
211.331040225786,281171.586894467
211.431040225786,282987.645591383
211.531040225786,284804.106793277
211.631040225786,286620.973053412
211.731040225786,288438.246925044
211.831040225786,290255.93096143
211.931040225786,292074.027715828
212,293328.024903901
212.00010962853,127386.529293188
212.000219257059,127386.822593734
212.000328885589,127387.115894335
212.000438514118,127387.409194992
212.001114276409,127389.217134877
212.0017900387,127391.025074886
212.002465800991,127392.833017797
212.004177048798,127397.411321314
212.005888296605,127401.989638199
212.007599544412,127406.567968656
212.009310792218,127411.146312373
212.012200944699,127418.878778415
212.015091097181,127426.611282897
212.017981249662,127434.343826096
212.020871402143,127442.076408015
212.023761554624,127449.809028656
212.028369300655,127462.137161454
212.032977046686,127474.465392662
212.037584792718,127486.7937222
212.042192538749,127499.122150424
212.04680028478,127511.450676996
212.054539056748,127532.156826179
212.062277828717,127552.863253204
212.070016600685,127573.569958088
212.077755372654,127594.276940873
212.085494144622,127614.984201603
212.106508815866,127671.216266852
212.12752348711,127727.450382866
212.148538158353,127783.686550518
212.169552829597,127839.924770687
212.269552829597,128107.567005003
212.369552829597,128375.255831109
212.469552829597,128642.99134357
212.569552829597,128910.773636952
212.669552829597,129178.602805819
212.769552829597,129446.478944737
212.869552829597,129714.402148266
212.969552829597,129982.372510986
213,130063.971283598
213.000543094145,41840.44947576
213.001086188291,41840.44947576
213.001629282436,41840.44947576
213.002172376582,41840.44947576
213.002715470727,41840.44947576
213.00382241475,41840.44947576
213.004929358773,41840.44947576
213.006036302795,41840.44947576
213.007143246818,41840.44947576
213.009828138135,41840.44947576
213.01063360553,41840.44947576
213.011439072925,41840.44947576
213.01224454032,41840.44947576
213.013050007715,41840.44947576
213.01671531892,41840.44947576
213.020380630124,41840.44947576
213.024045941329,41840.44947576
213.027711252533,41840.44947576
213.031376563738,41840.44947576
213.037664741346,41840.44947576
213.043952918954,41840.44947576
213.050241096562,41840.44947576
213.05652927417,41840.44947576
213.062817451778,41840.44947576
213.074894846695,41840.44947576
213.086972241613,41840.44947576
213.09904963653,41840.44947576
213.111127031448,41840.44947576
213.123204426365,41840.44947576
213.15732190165,41840.44947576
213.191439376935,41840.44947576
213.22555685222,41840.44947576
213.259674327504,41840.44947576
213.359674327504,41840.44947576
213.459674327504,41840.44947576
213.559674327504,41840.44947576
213.659674327504,41840.44947576
213.759674327504,41840.44947576
213.859674327504,41840.44947576
213.959674327504,41840.44947576
214,41840.44947576
214.040325672496,41840.44947576
214.080651344991,41840.44947576
214.120977017487,41840.44947576
214.220977017487,41840.44947576
214.320977017487,41840.44947576
214.420977017487,41840.44947576
214.520977017487,41840.44947576
214.620977017487,41840.44947576
214.720977017487,41840.44947576
214.820977017487,41840.44947576
214.920977017487,41840.44947576
215,41840.44947576
215.079022982513,41840.44947576
215.158045965026,41840.44947576
215.237068947539,41840.44947576
215.337068947539,41840.44947576
215.437068947539,41840.44947576
215.537068947539,41840.44947576
215.637068947539,41840.44947576
215.737068947539,41840.44947576
215.837068947539,41840.44947576
215.937068947539,41840.44947576
216,41840.44947576
216.062931052461,41840.44947576
216.125862104923,41840.44947576
216.188793157384,41840.44947576
216.288793157384,41840.44947576
216.388793157384,41840.44947576
216.488793157384,41840.44947576
216.588793157384,41840.44947576
216.688793157384,41840.44947576
216.788793157384,41840.44947576
216.888793157384,41840.44947576
216.988793157384,41840.44947576
217,41840.44947576
217.011206842616,41840.44947576
217.022413685231,41840.44947576
217.033620527847,41840.44947576
217.133620527847,41840.44947576
217.233620527847,41840.44947576
217.333620527847,41840.44947576
217.433620527847,41840.44947576
217.533620527847,41840.44947576
217.633620527847,41840.44947576
217.733620527847,41840.44947576
217.833620527847,41840.44947576
217.933620527847,41840.44947576
218,41840.44947576
218.066379472153,41840.44947576
218.132758944306,41840.44947576
218.199138416459,41840.44947576
218.299138416459,41840.44947576
218.399138416459,41840.44947576
218.499138416459,41840.44947576
218.599138416459,41840.44947576
218.699138416459,41840.44947576
218.799138416459,41840.44947576
218.899138416458,41840.44947576
218.999138416458,41840.44947576
219,41840.44947576
219.000861583542,41840.44947576
219.001723167083,41840.44947576
219.002584750625,41840.44947576
219.01120058604,41840.44947576
219.019816421455,41840.44947576
219.02843225687,41840.44947576
219.037048092285,41840.44947576
219.123206446436,41840.44947576
219.209364800586,41840.44947576
219.295523154737,41840.44947576
219.381681508888,41840.44947576
219.481681508888,41840.44947576
219.581681508888,41840.44947576
219.681681508888,41840.44947576
219.781681508888,41840.44947576
219.881681508888,41840.44947576
219.981681508888,41840.44947576
220,41840.44947576
220.00005322023,-270264.441136226
220.000106440461,-270263.305899541
220.000159660691,-270262.170681414
220.000212880921,-270261.035453712
220.000319902986,-270258.752588774
220.000426925052,-270256.469725901
220.000533947117,-270254.18686223
220.000640969183,-270251.90399776
220.000744531675,-270249.694930256
220.000848094167,-270247.485859687
220.000951656659,-270245.276783551
220.001055219151,-270243.067716305
220.001326840334,-270237.273810639
220.001598461517,-270231.479901515
220.001679947872,-270229.741724379
220.001761434227,-270228.0035563
220.001842920582,-270226.26537551
220.001924406936,-270224.527206505
220.002023750517,-270222.408119694
220.002123094098,-270220.289028003
220.002222437678,-270218.16994567
220.002321781259,-270216.050852603
220.002630496592,-270209.465675704
220.002939211924,-270202.880488601
220.003247927257,-270196.295293238
220.003556642589,-270189.710094465
220.003865357922,-270183.124887433
220.004459331908,-270170.454808168
220.005053305894,-270157.784706104
220.005647279881,-270145.114577772
220.006241253867,-270132.444426533
220.006835227853,-270119.774249869
220.008128802082,-270092.180676254
220.009422376311,-270064.586987072
220.01071595054,-270036.993180541
220.012009524768,-270009.399258215
220.013303098997,-269981.805218948
220.015977108066,-269924.763892866
220.018651117135,-269867.722069091
220.021325126204,-269810.679747719
220.023999135273,-269753.636928297
220.026673144341,-269696.593611491
220.03105983204,-269603.013488841
220.035446519738,-269509.432027614
220.039833207437,-269415.849228662
220.044219895135,-269322.265092345
220.048606582834,-269228.679619131
220.055604282337,-269079.388126659
220.06260198184,-268930.093235269
220.069599681343,-268780.794946895
220.076597380846,-268631.493263451
220.083595080349,-268482.188186846
220.100030038216,-268131.513520608
220.116464996083,-267780.820172912
220.132899953951,-267430.108168506
220.149334911818,-267079.377532151
220.249334911818,-264944.924844825
220.349334911818,-262809.788855186
220.449334911818,-260673.975140914
220.549334911818,-258537.489279686
220.649334911818,-256400.336849172
220.749334911818,-254262.52342706
220.849334911818,-252124.054591013
220.949334911818,-249984.93591871
221,-248900.90331087
221.000646522192,-177109.168559375
221.001293044384,-177101.819735365
221.001939566576,-177094.470896986
221.002586088768,-177087.122042106
221.00323261096,-177079.773172858
221.004706459926,-177063.02021403
221.006180308892,-177046.267176358
221.007654157858,-177029.514060964
221.009128006824,-177012.760866922
221.012121035946,-176978.738959605
221.015114065067,-176944.716729187
221.018107094189,-176910.694176177
221.02110012331,-176876.671300023
221.025922317534,-176821.854944738
221.030744511757,-176767.037751631
221.035566705981,-176712.219721394
221.040388900205,-176657.400853912
221.045211094428,-176602.581149827
221.054135558227,-176501.123787685
221.063060022025,-176399.663561997
221.071984485823,-176298.200474554
221.080908949622,-176196.734526874
221.08983341342,-176095.265720682
221.118805288209,-175765.84344185
221.147777162998,-175436.391112738
221.176749037787,-175106.908790556
221.205720912576,-174777.396532528
221.305720912576,-173639.815134929
221.405720912576,-172501.880125324
221.505720912576,-171363.593856808
221.605720912576,-170224.958682451
221.705720912576,-169085.976955339
221.805720912576,-167946.651028552
221.905720912576,-166806.983255172
222,-165732.203921779
222.00037716563,-232826.911452354
222.000754331259,-232818.823419453
222.001131496889,-232810.735378022
222.001508662519,-232802.647328063
222.002649805415,-232778.176274514
222.003790948312,-232753.705142835
222.004932091209,-232729.233932727
222.007097326699,-232682.801381374
222.00926256219,-232636.368548499
222.01142779768,-232589.935434958
222.01359303317,-232543.502040806
222.02018090626,-232402.223621588
222.02676877935,-232260.942605041
222.03335665244,-232119.658992834
222.03994452553,-231978.372786369
222.046532398619,-231837.083987304
222.054965809246,-231656.210531862
222.063399219873,-231475.332833722
222.0718326305,-231294.450896182
222.080266041127,-231113.564722737
222.088699451754,-230932.674316583
222.122208031227,-230213.898373241
222.1557166107,-229495.055870665
222.189225190173,-228776.147018737
222.222733769646,-228057.172027277
222.322733769646,-225911.136389939
222.422733769646,-223764.51915356
222.522733769646,-221617.325895811
222.622733769646,-219469.56219438
222.722733769646,-217321.233626928
222.822733769646,-215172.345771135
222.922733769646,-213022.904204677
223,-211361.736062683
223.000444205926,-150495.977329584
223.000888411852,-150490.89362902
223.001332617777,-150485.809923296
223.001776823703,-150480.726209784
223.003059221772,-150466.049777752
223.004341619841,-150451.373294906
223.00562401791,-150436.696761467
223.00813787981,-150407.926471497
223.01065174171,-150379.155988125
223.013165603609,-150350.385311597
223.015679465509,-150321.614441796
223.020709800924,-150264.042233283
223.025740136339,-150206.469251815
223.030770471753,-150148.895497819
223.035800807168,-150091.320971596
223.040831142583,-150033.745673446
223.0489408473,-149940.923465584
223.057050552017,-149848.099253541
223.065160256734,-149755.273038406
223.07326996145,-149662.444821623
223.081379666167,-149569.614604258
223.105470475769,-149293.839992516
223.129561285371,-149018.047771302
223.153652094973,-148742.23797359
223.177742904574,-148466.410632215
223.277742904574,-147321.275389922
223.377742904574,-146175.840782514
223.477742904574,-145030.109163081
223.577742904574,-143884.082884705
223.677742904574,-142737.764300468
223.777742904574,-141591.155763449
223.877742904574,-140444.259626739
223.977742904574,-139297.078243409
224,-139041.71041635
224.000440596538,-195211.304347151
224.000881193075,-195201.813617777
224.001321789613,-195192.322878659
224.001762386151,-195182.832130613
224.002938137213,-195157.50560514
224.004113888275,-195132.179011432
224.005289639337,-195106.852348055
224.007559293575,-195057.961897056
224.009828947813,-195009.071188021
224.01209860205,-194960.18022036
224.014368256288,-194911.288994613
224.019831037885,-194793.612704619
224.025293819483,-194675.934919709
224.030756601081,-194558.255641101
224.036219382678,-194440.574869441
224.041682164276,-194322.8926059
224.049946444466,-194144.856075657
224.058210724656,-193966.816135969
224.066475004846,-193788.772789943
224.074739285036,-193610.726040771
224.083003565226,-193432.675891471
224.110783556136,-192834.14376892
224.138563547047,-192235.5733832
224.166343537957,-191636.964853904
224.194123528867,-191038.318300572
224.294123528867,-188883.049453667
224.394123528867,-186727.295021246
224.494123528867,-184571.060580985
224.594123528867,-182414.351710569
224.694123528867,-180257.173987663
224.794123528867,-178099.532989946
224.894123528867,-175941.434295089
224.994123528867,-173782.883480779
225,-173656.022919393
225.005876471133,-173529.160817087
225.011752942266,-173402.297174951
225.017629413399,-173275.43199428
225.076394124727,-172006.695810655
225.135158836055,-170737.807007807
225.193923547384,-169468.76671759
225.252688258712,-168199.576071908
225.352688258712,-166039.449972174
225.452688258712,-163878.897330228
225.552688258712,-161717.923723747
225.652688258712,-159556.534730408
225.752688258712,-157394.735927881
225.852688258712,-155232.532893851
225.952688258712,-153069.931205984
226,-152046.629370273
226.000468465293,-108346.379289564
226.000936930587,-108340.972821178
226.00140539588,-108335.566347973
226.001873861173,-108330.159869948
226.003370052674,-108312.892546765
226.004866244176,-108295.625174596
226.006362435677,-108278.357753102
226.009250127014,-108245.031009262
226.012137818352,-108211.704082319
226.01502550969,-108178.376972526
226.017913201027,-108145.049679891
226.023877803355,-108076.210702711
226.029842405683,-108007.370946161
226.035807008011,-107938.530410821
226.041771610339,-107869.689097122
226.047736212667,-107800.847005585
226.057771297291,-107685.022573835
226.067806381916,-107569.195944159
226.07784146654,-107453.367118888
226.087876551164,-107337.536100417
226.097911635789,-107221.702891121
226.130004515898,-106851.245765636
226.162097396008,-106480.766335309
226.194190276118,-106110.264677901
226.226283156228,-105739.740871208
226.326283156228,-104585.063836242
226.426283156228,-103430.174858025
226.526283156228,-102275.076289641
226.626283156228,-101119.770484168
226.726283156228,-99964.2597946868
226.826283156228,-98808.5465742843
226.926283156228,-97652.6331760377
227,-96800.4035043299
227.000724915333,-135797.956828004
227.001449830666,-135782.256904031
227.002174745999,-135766.556961572
227.002899661332,-135750.857000628
227.004188800862,-135722.937225967
227.005477940392,-135695.017393284
227.006767079922,-135667.097502622
227.009346442608,-135611.234078928
227.011925805295,-135555.370423509
227.014505167981,-135499.506536698
227.017084530667,-135443.642418399
227.022368373161,-135329.203659534
227.027652215656,-135214.763930889
227.032936058151,-135100.323233233
227.038219900645,-134985.881567461
227.04350374314,-134871.438934371
227.053046224334,-134664.756087259
227.062588705529,-134458.070092704
227.072131186723,-134251.380955592
227.081673667918,-134044.688680771
227.091216149112,-133837.993273049
227.1155194083,-133311.557152885
227.139822667488,-132785.100823008
227.164125926675,-132258.624363488
227.188429185863,-131732.127854385
227.288429185863,-129565.556855724
227.388429185863,-127398.653340002
227.488429185863,-125231.422884897
227.588429185863,-123063.871068089
227.688429185863,-120896.003467248
227.788429185863,-118727.825660054
227.888429185863,-116559.343224177
227.988429185863,-114390.561737297
228,-114139.5970131
228.000612592479,-81361.367025626
228.001225184958,-81354.2697450932
228.001837777437,-81347.172458038
228.002450369916,-81340.0751649743
228.004112304949,-81320.820506519
228.005774239981,-81301.5658023922
228.007436175013,-81282.311052871
228.01067581988,-81244.7772345644
228.013915464747,-81207.2432436466
228.017155109614,-81169.7090801983
228.020394754481,-81132.1747442996
228.027943230108,-81044.7178787059
228.035491705736,-80957.2600783107
228.043040181364,-80869.8013441325
228.050588656992,-80782.3416771833
228.05813713262,-80694.8810784751
228.072463971871,-80528.8802439057
228.086790811121,-80362.8760634117
228.101117650372,-80196.8685439096
228.115444489623,-80030.857692319
228.215444489623,-78872.0252316463
228.315444489623,-77713.0331248361
228.415444489623,-76553.8837249721
228.515444489623,-75394.5793851351
228.615444489623,-74235.1224584096
228.715444489623,-73075.5152978745
228.815444489623,-71915.7602566115
228.915444489623,-70755.8596877052
229,-69774.9880339952
229.001053757063,-97841.6532541182
229.002107514126,-97818.7761210806
229.003161271189,-97795.8989601853
229.004215028252,-97773.0217714391
229.005971991942,-97734.8778229099
229.007728955633,-97696.7337969731
229.009485919323,-97658.5896936381
229.011242883013,-97620.4455130881
229.015458283921,-97528.9276473094
229.019673684829,-97437.4093370679
229.023889085737,-97345.8905827674
229.028104486645,-97254.3713848258
229.034584401209,-97113.6872033001
229.041064315773,-96973.0019759637
229.047544230337,-96832.3157043327
229.054024144902,-96691.6283899249
229.067694115744,-96394.8322538238
229.081364086587,-96098.0314979849
229.09503405743,-95801.226136635
229.183041737832,-93890.2750486883
229.271049418235,-91979.1374635824
229.359057098637,-90067.817183341
229.459057098637,-87895.8349557271
229.559057098637,-85723.6273374421
229.659057098637,-83551.1999061643
229.759057098637,-81378.5582395658
229.859057098637,-79205.7079153246
229.959057098637,-77032.6545111135
230,-76142.8860970122
230.040942901363,-75253.0849579983
230.081885802725,-74363.2514768869
230.122828704088,-73473.3860364923
230.222828704088,-71299.8237246158
230.322828704088,-69126.0786227677
230.422828704088,-66952.1563086248
230.522828704088,-64778.062359862
230.622828704088,-62603.8023541544
230.722828704088,-60429.3818691774
230.822828704088,-58254.806482606
230.922828704088,-56080.0817721157
231,-54401.7199715537
231.003585525781,-38754.7182097767
231.00650795403,-38720.7296385186
231.009430382278,-38686.7410004053
231.012352810527,-38652.7522954926
231.015275238775,-38618.7635238391
231.02389279806,-38518.5381756986
231.032510357344,-38418.312249248
231.041127916628,-38318.0857459941
231.049745475912,-38217.8586674398
231.060381495255,-38094.154968152
231.071017514598,-37970.450397627
231.08165353394,-37846.7449586969
231.092289553283,-37723.0386541997
231.172902932543,-36785.4059637438
231.253516311802,-35847.7249454359
231.334129691062,-34909.9968319792
231.434129691062,-33746.6919457179
231.534129691062,-32583.318838826
231.634129691062,-31419.8798643845
231.734129691062,-30256.3773754757
231.834129691062,-29092.8137251812
231.934129691062,-27929.1912665824
232,-27162.6785707025
232.001563180432,-38052.3778500486
232.003126360864,-38018.3662012863
232.004689541296,-37984.3545287098
232.006252721728,-37950.3428323405
232.00945304697,-37880.7100477845
232.012653372212,-37811.077163792
232.015853697454,-37741.44418055
232.019054022696,-37671.8110982415
232.025244616968,-37537.1150828416
232.03143521124,-37402.4186987677
232.037625805512,-37267.7219473378
232.043816399784,-37133.0248298808
232.05608162327,-36866.1527274444
232.068346846757,-36599.2792036739
232.080612070244,-36332.4042688581
232.09287729373,-36065.527933291
232.188368579548,-33987.7070147629
232.283859865366,-31909.8066708665
232.379351151183,-29831.8317583364
232.479351151183,-27655.6685889421
232.579351151183,-25479.4345468823
232.679351151183,-23303.1352098321
232.779351151183,-21126.7761554666
232.879351151183,-18950.3629614611
232.979351151183,-16773.9012054909
233,-16324.4813699213
233.006895777534,-11562.6095492623
233.012064115045,-11502.4390981662
233.017232452557,-11442.2685849732
233.022400790068,-11382.0980100085
233.02756912758,-11321.9273735969
233.032737465091,-11261.7566760634
233.04379515188,-11133.0209309822
233.054852838669,-11004.2849107845
233.065910525458,-10875.5486186517
233.076968212247,-10746.8120577658
233.088025899036,-10618.0752313077
233.111902432171,-10340.0967525162
233.135778965306,-10062.1170823724
233.15965549844,-9784.13625290589
233.183532031575,-9506.15429614597
233.283532031575,-8341.89519654167
233.383532031575,-7177.61923786053
233.483532031575,-6013.32877318433
233.583532031575,-4849.02615559476
233.683532031575,-3684.71373817356
233.783532031575,-2520.39387400244
233.883532031575,-1356.06891616313
233.983532031575,-191.741217737337
233.999999999998,-2.11790086953551e-08
234,0
234.016467968425,0
234.03293593685,0
234.049403905276,0
234.092094166383,0
234.134784427491,0
234.177474688599,0
234.277474688599,0
234.377474688599,0
234.477474688599,0
234.577474688599,0
234.677474688599,0
234.777474688599,0
234.877474688599,0
234.977474688599,0
235,0
235.022525311401,0
235.045050622803,0
235.145050622803,0
235.245050622803,0
235.345050622803,0
235.445050622803,0
235.545050622803,0
235.645050622803,0
235.745050622803,0
235.845050622803,0
235.945050622803,0
236,0
236.054949377197,0
236.109898754394,0
236.209898754394,0
236.309898754394,0
236.409898754394,0
236.509898754394,0
236.609898754394,0
236.709898754394,0
236.809898754394,0
236.909898754394,0
237,0
237.090101245606,0
237.180202491211,0
237.280202491211,0
237.380202491211,0
237.480202491211,0
237.580202491211,0
237.680202491211,0
237.780202491211,0
237.880202491211,0
237.980202491211,0
238,0
238.019797508789,0
238.039595017577,0
238.139595017577,0
238.239595017577,0
238.339595017577,0
238.439595017577,0
238.539595017577,0
238.639595017577,0
238.739595017577,0
238.839595017577,0
238.939595017577,0
239,0
239.060404982423,0
239.120809964845,0
239.220809964845,0
239.320809964845,0
239.420809964845,0
239.520809964845,0
239.620809964845,0
239.720809964845,0
239.820809964845,0
239.920809964845,0
240,0
240.079190035155,0
240.158380070309,0
240.258380070309,0
240.358380070309,0
240.458380070309,0
240.558380070309,0
240.658380070309,0
240.758380070309,0
240.858380070309,0
240.958380070309,0
241,0
241.000000000002,3.246047216237e-08
241.008945022492,159.626907992355
241.017890044983,319.253817779671
241.026835067473,478.880731221832
241.035780089964,638.507650146258
241.067559578991,1205.62333544422
241.099339068019,1772.73919495307
241.131118557046,2339.85531062022
241.231118557046,4124.39293413062
241.331118557046,5908.93645869193
241.431118557046,7693.48843756122
241.531118557046,9478.05142399557
241.631118557046,11262.6279712521
241.731118557046,13047.2206325878
241.831118557046,14831.8319612598
241.931118557046,16616.4645105251
242,17845.7588356584
242.068881442954,19075.065275111
242.137762885908,20304.3846633347
242.206644328862,21533.7178347813
242.275525771816,22763.0656239026
242.375525771816,24547.8233655744
242.475525771816,26332.6162279553
242.575525771816,28117.4467643025
242.675525771816,29902.3175278728
242.775525771815,31687.2310719235
242.875525771815,33472.1899497115
242.975525771815,35257.1967144941
243,35694.0709283919
243.024474228185,36130.9482010301
243.048948456369,36567.8285698381
243.073422684554,37004.7120722459
243.173422684554,38789.8211300051
243.273422684554,40574.9856808326
243.373422684554,42360.2082779855
243.473422684554,44145.4914747211
243.573422684554,45930.8378242966
243.673422684554,47716.2498799685
243.773422684554,49501.7301949947
243.873422684554,51287.2813226313
243.973422684553,53072.9058161361
244,53547.4895352761
244.026577315447,54022.0786649248
244.053154630893,54496.6732530117
244.07973194634,54971.2733474717
244.106309261786,55445.8789962362
244.206309261786,57231.6842460391
244.306309261786,59017.5713611604
244.406309261786,60803.5428948562
244.506309261786,62589.6014003846
244.606309261786,64375.7494310025
244.706309261786,66161.9895399663
244.806309261786,67948.3242805341
244.906309261786,69734.7562059618
245,71408.5679133862
245.001033396478,51097.9738007147
245.002066792955,51106.7824166408
245.003100189433,51115.5910374161
245.00413358591,51124.3996630411
245.006063816662,51140.852877142
245.007994047413,51157.3061081416
245.009924278164,51173.7593560925
245.011854508915,51190.2126209832
245.017565720468,51238.8950223358
245.02327693202,51287.5775721671
245.028988143572,51336.260270641
245.034699355125,51384.9431178756
245.040410566677,51433.6261140348
245.050759307421,51521.840299507
245.061108048165,51610.0549752189
245.071456788909,51698.2701420059
245.081805529652,51786.4858007095
245.092154270396,51874.7019521587
245.133023899334,52223.093265544
245.173893528271,52571.4923288428
245.214763157208,52919.8991936971
245.255632786146,53268.3139117544
245.355632786146,54120.8501183918
245.455632786146,54973.4344067023
245.555632786146,55826.0675332053
245.655632786146,56678.7502544214
245.755632786146,57531.4833268724
245.855632786146,58384.2675070772
245.955632786146,59237.1035515582
246,59615.499950568
246.001043520997,83340.1207935514
246.002087041995,83358.7718050861
246.003130562992,83377.4228296741
246.004174083989,83396.0738672094
246.006020201465,83429.0698870265
246.00786631894,83462.0659475197
246.009712436416,83495.0620486901
246.011558553891,83528.0581905538
246.016062289914,83608.5548166286
246.020566025938,83689.0516852333
246.025069761961,83769.5487965782
246.029573497985,83850.0461508966
246.036660059029,83976.708022423
246.043746620074,84103.3704970175
246.050833181119,84230.0335755949
246.057919742164,84356.6972590638
246.075506142429,84671.0354525449
246.093092542694,84985.3773908019
246.110678942959,85299.7230877222
246.210678942959,87087.231484782
246.310678942959,88874.8644130129
246.410678942959,90662.6244256743
246.510678942959,92450.514076021
246.610678942959,94238.5359173099
246.710678942959,96026.6925028006
246.810678942959,97814.9863857478
246.910678942959,99603.4201194083
247,101200.988363042
247.089321057041,102798.672039657
247.178642114082,104396.472968773
247.267963171122,105994.392969906
247.367963171122,107783.498752081
247.467963171122,109572.758613872
247.567963171122,111362.175108532
247.667963171122,113151.750789319
247.767963171122,114941.488209492
247.867963171122,116731.389922306
247.967963171122,118521.458481018
248,119094.975387899
248.032036828878,119668.509765161
248.064073657756,120242.061696755
248.096110486633,120815.631266638
248.196110486633,122606.090037388
248.296110486633,124396.724032481
248.396110486633,126187.535805173
248.496110486633,127978.527908724
248.596110486633,129769.702896389
248.696110486633,131561.063321425
248.796110486633,133352.611737089
248.896110486633,135144.350696641
248.996110486633,136936.282753334
249,137005.984126584
249.003889513367,137075.685795981
249.007779026734,137145.387761663
249.0116685401,137215.090023815
249.050563673768,137912.128982063
249.089458807436,138609.197749271
249.128353941104,139306.296475664
249.167249074772,140003.425311472
249.267249074772,141795.893775744
249.367249074772,143588.564813279
249.467249074772,145381.44097734
249.567249074772,147174.524821178
249.667249074772,148967.818898053
249.767249074772,150761.325761219
249.867249074772,152555.047963939
249.967249074772,154348.988059464
250,154936.567836196
250.032750925228,155524.171348178
250.065501850455,156111.798685108
250.098252775683,156699.449936666
250.198252775683,158493.903134138
250.298252775683,160288.582675789
250.398252775683,162083.491114884
250.498252775683,163878.631004674
250.598252775683,165674.004898416
250.698252775683,167469.615349373
250.798252775683,169265.464910796
250.898252775683,171061.556135943
250.998252775683,172857.891578074
251,172889.279773883
251.001747224317,172920.668044762
251.003494448634,172952.056391363
251.020966691806,173265.944003336
251.038438934978,173579.83916647
251.05591117815,173893.741894347
251.15591117815,175690.467550988
251.25591117815,177487.444003298
251.35591117815,179284.673804529
251.45591117815,181082.159507934
251.55591117815,182879.903666781
251.65591117815,184677.908834317
251.75591117815,186476.177563802
251.85591117815,188274.712408494
251.95591117815,190073.515921648
252,190866.673196435
252.04408882185,191659.883410777
252.088177643699,192453.146783495
252.132266465549,193246.46353338
252.232266465549,195046.022803972
252.332266465549,196845.860352341
252.432266465549,198645.978731749
252.532266465549,200446.380495452
252.632266465549,202247.068196708
252.732266465549,204048.044388769
252.832266465549,205849.311624905
252.932266465549,207650.87245836
253,208871.301361226
253.000292672589,149608.901393009
253.000585345179,149611.426035158
253.000878017768,149613.950681032
253.001170690358,149616.475326745
253.002351791849,149626.663728881
253.00353289334,149636.852150007
253.00471399483,149647.040589927
253.007242216087,149668.849640845
253.009770437345,149690.658776876
253.012298658602,149712.467997426
253.014826879859,149734.27730251
253.020447676143,149782.764526049
253.026068472426,149831.252168339
253.03168926871,149879.740229385
253.037310064994,149928.228709523
253.042930861278,149976.717608889
253.051334728465,150049.215996129
253.059738595653,150121.715321251
253.06814246284,150194.215584533
253.076546330028,150266.716786422
253.084950197215,150339.218927503
253.114510688526,150594.251714298
253.144071179838,150849.296145418
253.173631671149,151104.352240427
253.203192162461,151359.420018864
253.303192162461,152222.374075213
253.40319216246,153085.462816388
253.50319216246,153948.686998899
253.60319216246,154812.047379278
253.70319216246,155675.544714033
253.80319216246,156539.179759689
253.90319216246,157402.953272768
254,158239.286352845
254.000169749725,220893.840287046
254.000339499449,220896.902494775
254.000509249174,220899.964701049
254.001723917418,220921.87677857
254.002938585662,220943.788903089
254.004153253907,220965.70107408
254.006453994646,221007.20572313
254.008754735386,221048.710538993
254.011055476126,221090.215521665
254.013356216865,221131.720671351
254.018803253907,221229.985379378
254.024250290948,221328.251023225
254.029697327989,221426.517603376
254.03514436503,221524.785120024
254.040591402072,221623.053573653
254.048464533573,221765.092167585
254.056337665074,221907.132721055
254.064210796575,222049.175235448
254.072083928076,222191.21971196
254.079957059577,222333.266151887
254.104254524532,222771.651559611
254.128551989486,223210.055715301
254.152849454441,223648.478655482
254.177146919396,224086.920416847
254.277146919396,225891.594667423
254.377146919396,227696.590895985
254.477146919396,229501.911655782
254.577146919396,231307.559500069
254.677146919396,233113.536982115
254.777146919396,234919.846655164
254.877146919396,236726.491072478
254.977146919396,238533.472787313
255,238946.471390701
255.022853080604,239359.487773721
255.045706161208,239772.521966847
255.068559241812,240185.574000554
255.168559241812,241993.208465428
255.268559241812,243801.187668337
255.368559241812,245609.514162527
255.468559241812,247418.190501258
255.568559241812,249227.219237789
255.668559241812,251036.602925374
255.768559241812,252846.344117269
255.868559241812,254656.445366742
255.968559241812,256466.909227038
256,257036.208124669
256.031440758188,257605.543198893
256.062881516376,258174.914529079
256.094322274564,258744.322194575
256.194322274564,260555.614085066
256.294322274564,262367.276903954
256.394322274564,264179.313204493
256.494322274564,265991.725539941
256.594322274564,267804.516463555
256.694322274564,269617.688528597
256.794322274564,271431.244288309
256.894322274564,273245.186295963
256.994322274564,275059.517104812
257,275162.5415434
257.005677725436,275265.56724402
257.011355450873,275368.59420708
257.017033176309,275471.622433309
257.073810430672,276501.974262199
257.130587685034,277532.452904604
257.187364939397,278563.058827823
257.24414219376,279593.792499178
257.34414219376,281409.503500561
257.44414219376,283225.614788198
257.54414219376,285042.128915345
257.64414219376,286859.048435259
257.74414219376,288676.375901197
257.84414219376,290494.113866423
257.94414219376,292312.264884176
258,293328.024903903
258.05585780624,294343.915041552
258.11171561248,295359.935742109
258.167573418721,296376.08745056
258.267573418721,298195.591892743
258.367573418721,300015.520198753
258.467573418721,301835.874921852
258.567573418721,303656.65861528
258.667573418721,305477.873832311
258.767573418721,307299.523126196
258.867573418721,309121.609050193
258.967573418721,310944.134157559
259,311535.211463339
259.032426581279,312126.335304011
259.064853162559,312717.505766693
259.097279743838,313308.722938369
259.197279743838,315132.266546346
259.297279743838,316956.257755939
259.397279743838,318780.699120397
259.497279743838,320605.593192993
259.597279743838,322430.942526979
259.697279743838,324256.749675612
259.797279743838,326083.01719215
259.897279743838,327909.747629854
259.997279743838,329736.943541965
260,329786.654478709
260.000104168909,46443.9094522366
260.000208337819,46443.9094522366
260.000312506728,46443.9094522366
260.000416675637,46443.9094522366
260.00099213979,46443.9094522366
260.001567603942,46443.9094522366
260.002143068094,46443.9094522366
260.003596751946,46443.9094522366
260.005050435798,46443.9094522366
260.00650411965,46443.9094522366
260.007957803502,46443.9094522366
260.010380163015,46443.9094522366
260.012802522528,46443.9094522366
260.015224882041,46443.9094522366
260.017647241554,46443.9094522366
260.020069601067,46443.9094522366
260.023941744997,46443.9094522366
260.027813888927,46443.9094522366
260.031686032858,46443.9094522366
260.035558176788,46443.9094522366
260.039430320718,46443.9094522366
260.045439438477,46443.9094522366
260.051448556237,46443.9094522366
260.057457673996,46443.9094522366
260.063466791755,46443.9094522366
260.069475909514,46443.9094522366
260.081051832797,46443.9094522366
260.092627756079,46443.9094522366
260.104203679362,46443.9094522366
260.115779602645,46443.9094522366
260.127355525927,46443.9094522366
260.168031274107,46443.9094522366
260.208707022286,46443.9094522366
260.249382770466,46443.9094522366
260.290058518646,46443.9094522366
260.390058518646,46443.9094522366
260.490058518646,46443.9094522366
260.590058518646,46443.9094522366
260.690058518646,46443.9094522366
260.790058518646,46443.9094522366
260.890058518646,46443.9094522366
260.990058518646,46443.9094522366
261,46443.9094522366
261.009941481354,46443.9094522366
261.019882962708,46443.9094522366
261.029824444062,46443.9094522366
261.129239257603,46443.9094522366
261.228654071144,46443.9094522366
261.328068884685,46443.9094522366
261.427483698225,46443.9094522366
261.527483698225,46443.9094522366
261.627483698225,46443.9094522366
261.727483698225,46443.9094522366
261.827483698225,46443.9094522366
261.927483698225,46443.9094522366
262,46443.9094522366
262.072516301775,46443.9094522366
262.145032603549,46443.9094522366
262.217548905324,46443.9094522366
262.317548905324,46443.9094522366
262.417548905324,46443.9094522366
262.517548905324,46443.9094522366
262.617548905324,46443.9094522366
262.717548905324,46443.9094522366
262.817548905324,46443.9094522366
262.917548905324,46443.9094522366
263,46443.9094522366
263.082451094676,46443.9094522366
263.164902189352,46443.9094522366
263.247353284028,46443.9094522366
263.347353284028,46443.9094522366
263.447353284028,46443.9094522366
263.547353284028,46443.9094522366
263.647353284028,46443.9094522366
263.747353284028,46443.9094522366
263.847353284028,46443.9094522366
263.947353284028,46443.9094522366
264,46443.9094522366
264.052646715972,46443.9094522366
264.105293431944,46443.9094522366
264.157940147915,46443.9094522366
264.257940147916,46443.9094522366
264.357940147916,46443.9094522366
264.457940147916,46443.9094522366
264.557940147916,46443.9094522366
264.657940147916,46443.9094522366
264.757940147916,46443.9094522366
264.857940147916,46443.9094522366
264.957940147916,46443.9094522366
265,46443.9094522366
265.042059852084,46443.9094522366
265.084119704169,46443.9094522366
265.126179556253,46443.9094522366
265.226179556253,46443.9094522366
265.326179556253,46443.9094522366
265.426179556253,46443.9094522366
265.526179556253,46443.9094522366
265.626179556253,46443.9094522366
265.726179556253,46443.9094522366
265.826179556253,46443.9094522366
265.926179556253,46443.9094522366
266,46443.9094522366
266.000060877132,-296871.425987813
266.000121754264,-296870.132994747
266.000182631396,-296868.840019434
266.000243508528,-296867.547034818
266.000361397462,-296865.043156264
266.000479286396,-296862.539281877
266.00059717533,-296860.035411082
266.000715064263,-296857.531529907
266.000816630411,-296855.374338758
266.000918196559,-296853.217144874
266.001019762707,-296851.0599502
266.001121328855,-296848.902754734
266.001369851523,-296843.624300747
266.001618374191,-296838.345841307
266.001692930991,-296836.762298871
266.001767487792,-296835.178759689
266.001842044592,-296833.595227444
266.001916601392,-296832.011680047
266.00200173856,-296830.203424791
266.002086875728,-296828.395156815
266.002172012896,-296826.586901178
266.002257150063,-296824.77863209
266.002344421966,-296822.92503391
266.00243169387,-296821.071429602
266.002518965773,-296819.21781842
266.002606237676,-296817.364219234
266.002693509579,-296815.510613173
266.003066176186,-296807.595375043
266.003438842794,-296799.680130494
266.003811509401,-296791.764873823
266.004184176008,-296783.849605031
266.004556842615,-296775.934328537
266.005280131475,-296760.571954361
266.006003420335,-296745.209539756
266.006726709195,-296729.847086564
266.007449998055,-296714.484592511
266.008173286915,-296699.122058358
266.009818761868,-296664.172296368
266.01146423682,-296629.222327634
266.013109711773,-296594.272151086
266.014755186725,-296559.321767083
266.016400661678,-296524.371175317
266.019455928068,-296459.475461394
266.022511194458,-296394.579032012
266.025566460849,-296329.681888077
266.028621727239,-296264.784029571
266.031676993629,-296199.885456832
266.036586011916,-296095.608837121
266.041495030202,-295991.330374308
266.046404048488,-295887.050068889
266.051313066774,-295782.767921635
266.056222085061,-295678.483932871
266.064531781018,-295501.95396714
266.072841476976,-295325.418730491
266.081151172933,-295148.878226164
266.089460868891,-294972.332457291
266.097770564848,-294795.78142727
266.124077015779,-294236.829690239
266.15038346671,-293677.82535831
266.176689917641,-293118.768533016
266.202996368571,-292559.659315899
266.302996368571,-290433.81374703
266.402996368572,-288307.218147986
266.502996368572,-286179.878096422
266.602996368572,-284051.799170033
266.702996368572,-281922.986946474
266.802996368572,-279793.447003441
266.902996368572,-277663.184918594
267,-275596.068604659
267.000257386447,-196006.122708946
267.000514772895,-196003.213398301
267.000772159342,-196000.304083028
267.00102954579,-195997.394769061
267.002107949843,-195985.205216131
267.003186353897,-195973.015617935
267.004264757951,-195960.825972283
267.006619662097,-195934.207359224
267.008974566243,-195907.588524333
267.011329470389,-195880.969467722
267.013684374535,-195854.350189424
267.018399036775,-195801.056098931
267.023113699015,-195747.761120158
267.027828361255,-195694.46525342
267.032543023495,-195641.168498855
267.037257685736,-195587.870857033
267.044539596234,-195505.549609405
267.051821506733,-195423.226246186
267.059103417232,-195340.900768258
267.066385327731,-195258.573176528
267.07366723823,-195176.243471837
267.092732589337,-194960.679499682
267.111797940445,-194745.101066367
267.130863291552,-194529.508188354
267.14992864266,-194313.900881845
267.24992864266,-193182.779634971
267.34992864266,-192051.264245208
267.44992864266,-190919.357065664
267.54992864266,-189787.060449416
267.64992864266,-188654.376749546
267.74992864266,-187521.308319136
267.84992864266,-186387.857511272
267.94992864266,-185254.026679021
268,-184686.160147912
268.000298858346,-259585.22126435
268.000597716691,-259578.83617669
268.000896575037,-259572.451081448
268.001195433382,-259566.065978626
268.002406052118,-259540.201079045
268.003616670853,-259514.336080249
268.004827289588,-259488.470983386
268.007013788648,-259441.755771491
268.009200287707,-259395.040239556
268.011386786766,-259348.324388316
268.013573285826,-259301.608217173
268.0174847749,-259218.035559904
268.021396263974,-259134.4618803
268.025307753049,-259050.887178234
268.029219242123,-258967.311454405
268.033130731197,-258883.734709148
268.040035996734,-258736.187481335
268.046941262271,-258588.63707276
268.053846527808,-258441.083485167
268.060751793345,-258293.526720391
268.067657058882,-258145.966780271
268.083814834314,-257800.675788829
268.099972609747,-257455.367445247
268.116130385179,-257110.041772973
268.132288160612,-256764.698795624
268.232288160612,-254626.997656738
268.332288160612,-252488.640153112
268.432288160612,-250349.631862413
268.532288160612,-248209.978362316
268.632288160612,-246069.68523051
268.732288160612,-243928.758044653
268.832288160612,-241787.202382436
268.932288160612,-239645.023821518
269,-238194.164456842
269.00029167467,-169527.51653922
269.00058334934,-169524.194303113
269.00087502401,-169520.872065576
269.00116669868,-169517.549822092
269.002326333699,-169504.341282225
269.003485968718,-169491.132695596
269.004645603738,-169477.924062568
269.007139126887,-169449.521837841
269.009632650036,-169421.11939844
269.012126173185,-169392.716744949
269.014619696334,-169364.313876876
269.019658807831,-169306.914429575
269.024697919327,-169249.514107111
269.029737030824,-169192.112909776
269.03477614232,-169134.710837783
269.039815253817,-169077.307891694
269.047741491039,-168987.014537389
269.055667728261,-168896.719021863
269.063593965482,-168806.42134646
269.071520202704,-168716.121512133
269.079446439926,-168625.819520272
269.103590463792,-168350.738333604
269.127734487658,-168075.637170923
269.151878511524,-167800.516065317
269.17602253539,-167525.375049907
269.27602253539,-166385.581497435
269.37602253539,-165245.449321336
269.47602253539,-164104.980874707
269.57602253539,-162964.178510625
269.67602253539,-161823.044582171
269.77602253539,-160681.581442428
269.87602253539,-159539.791444481
269.97602253539,-158397.676941399
270,-158123.77886948
270.000467701334,-222095.470976801
270.000935402668,-222085.427776281
270.001403104002,-222075.384561506
270.001870805336,-222065.341335102
270.003032050065,-222040.405188891
270.004193294794,-222015.468965252
270.005354539523,-221990.53266455
270.007604827517,-221942.210281478
270.00985511551,-221893.887608843
270.012105403503,-221845.564647165
270.014355691496,-221797.241396507
270.018331458598,-221711.864066284
270.022307225699,-221626.485833985
270.0262829928,-221541.106700168
270.030258759901,-221455.726664877
270.034234527002,-221370.345728565
270.041586196885,-221212.463771755
270.048937866768,-221054.578737579
270.056289536651,-220896.690628279
270.063641206534,-220738.799445903
270.070992876416,-220580.905192835
270.08988010808,-220175.243789354
270.108767339743,-219769.56217019
270.127654571406,-219363.860372869
270.146541803069,-218958.138435034
270.246541803069,-216809.676206143
270.346541803069,-214660.656016836
270.446541803069,-212511.083444806
270.546541803069,-210360.964067713
270.646541803069,-208210.303463246
270.746541803069,-206059.107209068
270.846541803069,-203907.380882866
270.946541803069,-201755.130062303
271,-200604.362376068
271.053458196931,-199453.447247031
271.106916393861,-198302.385527307
271.160374590792,-197151.178069006
271.260374590792,-194997.31743302
271.360374590792,-192842.955384934
271.460374590792,-190688.097502411
271.560374590792,-188532.749363139
271.660374590792,-186376.91654478
271.760374590792,-184220.604625022
271.860374590792,-182063.819181531
271.960374590792,-179906.565791981
272,-179051.617090608
272.000392228571,-127549.611835463
272.000784457142,-127545.100839399
272.001176685713,-127540.589839354
272.001568914284,-127536.078835326
272.003093677228,-127518.542563978
272.004618440173,-127501.006232556
272.006143203117,-127483.469841198
272.009000161833,-127450.611622796
272.011857120549,-127417.753193314
272.014714079265,-127384.894553019
272.017571037981,-127352.035701623
272.023441793033,-127284.513494182
272.029312548085,-127216.990396449
272.035183303136,-127149.46640904
272.041054058188,-127081.941532433
272.04692481324,-127014.415766935
272.056684414457,-126902.158301546
272.066444015675,-126789.898383413
272.076203616892,-126677.636014735
272.08596321811,-126565.3711977
272.095722819327,-126453.10393453
272.126903221399,-126094.411191193
272.158083623472,-125735.693573427
272.189264025544,-125376.951152542
272.220444427616,-125018.183999838
272.320444427616,-123867.400515649
272.420444427616,-122716.365732786
272.520444427616,-121565.082004339
272.620444427616,-120413.551683379
272.720444427616,-119261.777122997
272.820444427616,-118109.760676272
272.920444427616,-116957.504696285
273,-116040.651339798
273.000387845152,-162848.174023255
273.000775690305,-162839.792825148
273.001163535457,-162831.411621522
273.001551380609,-162823.03041006
273.002869415569,-162794.548045921
273.004187450528,-162766.065609178
273.005505485488,-162737.583099349
273.00797729503,-162684.167522976
273.010449104571,-162630.751691402
273.012920914113,-162577.335604352
273.015392723654,-162523.919262394
273.019736544512,-162430.047730413
273.02408036537,-162336.175411251
273.028424186228,-162242.302305294
273.032768007086,-162148.428413
273.039396737344,-162005.174050182
273.046025467603,-161861.91785894
273.052654197861,-161718.659840762
273.05928292812,-161575.399997409
273.074984589551,-161236.049069143
273.090686250981,-160896.687930486
273.106387912412,-160557.316603024
273.206387912412,-158395.706850194
273.306387912412,-156233.690283356
273.406387912412,-154071.272480202
273.506387912412,-151908.459018407
273.606387912412,-149745.255475646
273.706387912412,-147581.667429592
273.806387912412,-145417.700457924
273.906387912412,-143253.360138315
274,-141226.942593648
274.000625278432,-100645.934193687
274.001250556864,-100638.709144551
274.001875835296,-100631.484087444
274.002501113728,-100624.259022365
274.004082492214,-100605.986227257
274.0056638707,-100587.71338102
274.007245249186,-100569.440483899
274.010350720552,-100533.556479087
274.013456191919,-100497.67227775
274.016561663285,-100461.787880129
274.019667134651,-100425.903286128
274.026117520319,-100351.366640864
274.032567905986,-100276.829149588
274.039018291654,-100202.290813024
274.045468677322,-100127.751631724
274.051919062989,-100053.211606398
274.063370000529,-99920.8836158426
274.074820938069,-99788.552970791
274.086271875609,-99656.2196747649
274.097722813149,-99523.8837312972
274.109173750689,-99391.5451439212
274.153157853956,-98883.1959519295
274.197141957222,-98374.8080041027
274.241126060489,-97866.3815006699
274.285110163755,-97357.9166418589
274.329094267021,-96849.4136278973
274.429094267021,-95693.1663460114
274.529094267021,-94536.725227317
274.629094267022,-93380.0926248915
274.729094267022,-92223.2708918203
274.829094267022,-91066.2623811851
274.929094267022,-89909.0694460641
275,-89088.4428563231
275.000776344626,-124963.809097699
275.001552689252,-124946.982348489
275.002329033879,-124930.155579955
275.003105378505,-124913.328792099
275.004485909246,-124883.40659744
275.005866439987,-124853.484341878
275.007246970728,-124823.562025171
275.009752983246,-124769.245295122
275.012258995763,-124714.928364032
275.01476500828,-124660.611232005
275.017271020798,-124606.29389899
275.02285472336,-124485.267512024
275.028438425922,-124364.240129098
275.034022128483,-124243.211751196
275.039605831045,-124122.182379269
275.045189533607,-124001.15201435
275.055471626307,-123778.278409226
275.065753719007,-123555.401446153
275.076035811708,-123332.521131196
275.086317904408,-123109.637470416
275.096599997108,-122886.750469866
275.155129953555,-121617.921460732
275.213659910003,-120348.985546193
275.27218986645,-119079.943844635
275.330719822897,-117810.797474435
275.430719822897,-115642.187887348
275.530719822897,-113473.281608091
275.630719822897,-111304.08421434
275.730719822897,-109134.601283768
275.830719822897,-106964.838394051
275.930719822897,-104794.801122863
276,-103291.23749995
276.069280177103,-101787.546712853
276.138560354205,-100283.730616299
276.207840531308,-98779.7910650187
276.307840531308,-96608.7692246284
276.407840531308,-94437.4996150119
276.507840531308,-92265.9878138449
276.607840531308,-90094.2393988001
276.707840531308,-87922.2599475551
276.807840531308,-85750.0550377842
276.907840531308,-83577.6302471628
277,-81575.3452151947
277.002009888763,-58144.0506675833
277.004019777526,-58120.7080102262
277.006029666289,-58097.3653053791
277.008039555052,-58074.0225530612
277.010049443815,-58050.6797532915
277.015190581984,-57990.9704824186
277.020331720152,-57931.260901515
277.025472858321,-57871.5510109152
277.030613996489,-57811.8408108958
277.037878989875,-57727.4632075933
277.04514398326,-57643.0849880153
277.052408976646,-57558.7061530744
277.059673970032,-57474.3267036424
277.078479402271,-57255.9076878307
277.097284834511,-57037.4845765492
277.11609026675,-56819.0573854621
277.21609026675,-55657.4783530089
277.31609026675,-54495.7867512509
277.41609026675,-53333.9849332689
277.51609026675,-52172.0752521455
277.61609026675,-51010.0600609614
277.71609026675,-49847.9417127985
277.81609026675,-48685.7225607393
277.91609026675,-47523.4049578647
278,-46548.0331122711
278.0019100923,-65232.8665540361
278.003820184599,-65191.3383846126
278.005730276899,-65149.8101542015
278.007640369198,-65108.2818628574
278.010883371668,-65037.7739519085
278.014126374138,-64967.2658656277
278.017369376608,-64896.7576041748
278.020612379079,-64826.2491677676
278.02681751418,-64691.3384000556
278.033022649281,-64556.426993825
278.039227784382,-64421.5149503933
278.045432919484,-64286.6022711124
278.057364172335,-64027.1899747143
278.069295425186,-63767.7753418398
278.081226678037,-63508.35838196
278.093157930888,-63248.9391045485
278.184592370655,-61260.819130449
278.276026810421,-59272.5678716492
278.367461250187,-57284.1895918088
278.467461250187,-55109.400034534
278.567461250187,-52934.4692204738
278.667461250187,-50759.4027273033
278.767461250187,-48584.2061326979
278.867461250187,-46408.8850143321
278.967461250187,-44233.4449498817
279,-43525.5592336353
279.004807690379,-30985.38105085
279.008678150675,-30940.3484043595
279.012548610971,-30895.3156641755
279.016419071267,-30850.2828304331
279.020289531563,-30805.2499032637
279.024159991858,-30760.2168828191
279.031608600872,-30673.5516413556
279.039057209885,-30586.8860558772
279.046505818899,-30500.2201273561
279.053954427912,-30413.5538567647
279.061403036926,-30326.8872450755
279.0810501147,-30098.2864697323
279.100697192475,-29869.683345854
279.12034427025,-29641.0778912861
279.139991348024,-29412.4701238733
279.159638425799,-29183.8600614641
279.259638425799,-28020.2421195223
279.359638425799,-26856.5675382391
279.459638425799,-25692.8386706961
279.559638425799,-24529.0578699752
279.659638425799,-23365.2274891576
279.759638425799,-22201.3498813255
279.859638425799,-21037.4273995606
279.959638425799,-19873.4623969442
280,-19403.6562882842
280.002877907934,-27143.677468529
280.005755815868,-27081.0479452378
280.008633723802,-27018.4183644693
280.011511631735,-26955.7887263564
280.014389539669,-26893.1590310257
280.018229060055,-26809.6024151774
280.022068580441,-26726.0456980472
280.025908100826,-26642.4888799464
280.029747621212,-26558.9319611955
280.038791858808,-26362.1078606744
280.047836096405,-26165.2832075473
280.056880334001,-25968.4580059389
280.065924571597,-25771.6322599775
280.088491389886,-25280.5182196374
280.111058208175,-24789.4008800383
280.133625026464,-24298.2803052821
280.233625026464,-22121.9478652148
280.333625026464,-19945.5587350528
280.433625026464,-17769.1184924711
280.533625026464,-15592.6327151452
280.633625026464,-13416.10698075
280.733625026464,-11239.5468669609
280.833625026464,-9062.95795145306
280.933625026464,-6886.34581190158
281,-5441.60999154019
281.002263448116,-758.299404578627
281.004526896231,-756.579204723771
281.006790344347,-754.85900442417
281.009053792463,-753.138803681382
281.011317240578,-751.41860249587
281.015982287657,-747.873205272623
281.020647334736,-744.327806182981
281.025312381815,-740.782405235859
281.029977428894,-737.237002440038
281.037734754843,-731.34148549788
281.045492080792,-725.445963509137
281.053249406742,-719.550436514555
281.061006732691,-713.654904554818
281.078590247014,-700.29149656162
281.096173761338,-686.928063740682
281.113757275661,-673.564606565794
281.213757275661,-597.564244527753
281.313757275661,-521.563197269945
281.413757275662,-445.561551943539
281.513757275662,-369.559395699714
281.613757275662,-293.556815689641
281.713757275662,-217.553899064495
281.813757275662,-141.550732975453
281.913757275662,-65.5474045736882
281.999999999996,-2.7649880546378e-09
282,0
282.086242724338,0
282.172485448677,0
282.258728173015,0
282.358728173015,0
282.458728173015,0
282.558728173015,0
282.658728173015,0
282.758728173015,0
282.858728173015,0
282.958728173015,0
283,0
283.041271826985,0
283.082543653969,0
283.182543653969,0
283.282543653969,0
283.382543653969,0
283.48254365397,0
283.58254365397,0
283.68254365397,0
283.78254365397,0
283.88254365397,0
283.98254365397,0
284,0
284.01745634603,0
284.034912692061,0
284.134912692061,0
284.234912692061,0
284.334912692061,0
284.434912692061,0
284.534912692061,0
284.634912692061,0
284.734912692061,0
284.834912692061,0
284.934912692061,0
285,0
285.065087307939,0
285.130174615878,0
285.230174615878,0
285.330174615878,0
285.430174615878,0
285.530174615878,0
285.630174615878,0
285.730174615878,0
285.830174615878,0
285.930174615878,0
286,0
286.069825384122,0
286.139650768243,0
286.239650768243,0
286.339650768243,0
286.439650768243,0
286.539650768244,0
286.639650768244,0
286.739650768244,0
286.839650768244,0
286.939650768244,0
287,0
287.060349231756,0
287.120698463513,0
287.220698463513,0
287.320698463513,0
287.420698463513,0
287.520698463513,0
287.620698463513,0
287.720698463513,0
287.820698463513,0
287.920698463513,0
288,0
288.079301536487,0
288.158603072974,0
288.258603072974,0
288.358603072974,0
288.458603072974,0
288.558603072974,0
288.658603072974,0
288.758603072974,0
288.858603072974,0
288.958603072974,0
289,0
289.041396927026,0
289.082793854051,0
289.182793854052,0
289.282793854052,0
289.382793854052,0
289.482793854052,0
289.582793854052,0
289.682793854052,0
289.782793854052,0
289.882793854052,0
289.982793854052,0
290,0
290.017206145948,0
290.034412291897,0
290.134412291897,0
290.234412291897,0
290.334412291897,0
290.434412291897,0
290.534412291897,0
290.634412291897,0
290.734412291897,0
290.834412291897,0
290.934412291897,0
291,0
291.065587708103,0
291.131175416206,0
291.231175416206,0
291.331175416206,0
291.431175416206,0
291.531175416206,0
291.631175416206,0
291.731175416206,0
291.831175416207,0
291.931175416207,0
292,0
292.068824583793,0
292.137649167587,0
292.237649167587,0
292.337649167587,0
292.437649167587,0
292.537649167587,0
292.637649167587,0
292.737649167587,0
292.837649167587,0
292.937649167587,0
293,0
293.062350832413,0
293.124701664826,0
293.224701664826,0
293.324701664826,0
293.424701664826,0
293.524701664826,0
293.624701664826,0
293.724701664826,0
293.824701664826,0
293.924701664826,0
294,0
294.075298335174,0
294.150596670348,0
294.250596670348,0
294.350596670348,0
294.450596670348,0
294.550596670348,0
294.650596670348,0
294.750596670348,0
294.850596670348,0
294.950596670348,0
295,0
295.049403329652,0
295.098806659304,0
295.198806659304,0
295.298806659304,0
295.398806659304,0
295.498806659304,0
295.598806659304,0
295.698806659304,0
295.798806659304,0
295.898806659304,0
295.998806659304,0
296,0
296.000000000004,6.492094432474e-08
296.0011933407,21.2955625212878
296.002386681396,42.5911249819936
296.003580022092,63.8866874513774
296.007160044181,127.773374954987
296.010740066269,191.660062692901
296.014320088358,255.546750782272
296.028640176713,511.093508997385
296.042960265067,766.640282208022
296.057280353421,1022.18707791194
296.114560706839,2044.37463561572
296.171841060257,3066.563153033
296.229121413675,4088.75311002054
296.329121413675,5873.296491743
296.429121413675,7657.84827678124
296.529121413675,9442.41101839233
296.629121413675,11226.9872698334
296.729121413675,13011.5795843614
296.829121413675,14796.1905152335
296.929121413675,16580.8226157068
297,17845.7588356584
297.070878586325,19110.7078825965
297.14175717265,20375.6706656798
297.212635758975,21640.6480940669
297.312635758975,23425.3850561189
297.412635758975,25210.1555331363
297.512635758975,26994.962078376
297.612635758975,28779.8072450954
297.712635758975,30564.6935865514
297.812635758975,32349.623656001
297.912635758975,34134.6000067014
298,35694.0709283921
298.087364241025,37253.5808256062
298.17472848205,38813.1314008771
298.262092723075,40372.7243567386
298.362092723075,42157.940249012
298.462092723075,43943.2164515852
298.562092723075,45728.5555177147
298.662092723075,47513.9600006584
298.762092723075,49299.4324536727
298.862092723075,51084.9754300146
298.962092723075,52870.5914829419
299,53547.4895352761
299.037907276925,54224.3985944087
299.07581455385,54901.3187994166
299.113721830775,55578.2502893812
299.1516291077,56255.1932033816
299.2516291077,58041.0352380595
299.3516291077,59826.9602951886
299.4516291077,61612.9709280248
299.5516291077,63399.0696898251
299.6516291077,65185.2591338474
299.7516291077,66971.541813348
299.8516291077,68757.9202815839
299.9516291077,70544.3970918132
300,71408.5679133861
300.001201047682,51099.4028502213
300.002402095363,51109.6405173544
300.003603143045,51119.8781910379
300.004804190727,51130.1158712731
300.007035590195,51149.1362444757
300.009266989664,51168.1566402824
300.011498389132,51187.1770587395
300.0137297886,51206.1974998554
300.019675146839,51256.8758228515
300.025620505077,51307.5543068228
300.031565863316,51358.2329519358
300.037511221554,51408.9117583332
300.043456579793,51459.5907261794
300.054851515929,51556.7230208473
300.066246452065,51653.8559102844
300.077641388201,51750.9893956094
300.089036324337,51848.1234779387
300.100431260473,51945.2581584005
300.200431260473,52797.7212397502
300.300431260473,53650.2312286414
300.400431260473,54502.7888815932
300.500431260473,55355.3949551272
300.600431260473,56208.0502057638
300.700431260473,57060.7553900235
300.800431260473,57913.511264427
300.900431260473,58766.3185854949
301,59615.4999505685
301.001156070389,83342.1324055323
301.002312140777,83362.7950320399
301.003468211166,83383.4576744473
301.004624281554,83404.1203328568
301.006687324129,83440.9935112852
301.008750366703,83477.8667404842
301.010813409277,83514.7400205278
301.012876451851,83551.6133513834
301.017706027467,83637.9338917985
301.022535603083,83724.2547112058
301.027365178699,83810.575809859
301.032194754315,83896.8971880774
301.040054175187,84037.3730777479
301.047913596058,84177.849709756
301.05577301693,84318.3270853237
301.063632437801,84458.8052056906
301.087617108355,84887.5082594367
301.111601778909,85316.218296261
301.135586449464,85744.9353513963
301.235586449464,87532.4745272894
301.335586449464,89320.1388703084
301.435586449464,91107.9309337075
301.535586449464,92895.853270746
301.635586449464,94683.9084346811
301.735586449464,96472.0989787674
301.835586449464,98260.4274562645
301.935586449464,100048.896420429
302,101200.988363042
302.064413550536,102353.140336808
302.128827101072,103505.353024108
302.193240651609,104657.627107321
302.293240651609,106446.619424057
302.393240651609,108235.76391255
302.493240651609,110025.063126053
302.593240651609,111814.519617827
302.693240651609,113604.135941128
302.793240651609,115393.914649211
302.893240651609,117183.858295336
302.993240651609,118973.969432759
303,119094.975387898
303.006759348391,119215.982120742
303.013518696782,119336.989632075
303.020278045173,119457.997922687
303.087871529084,120668.123862602
303.155465012995,121878.328597734
303.223058496906,123088.612916599
303.290651980817,124298.97760771
303.390651980817,126089.779610523
303.490651980817,127880.761804821
303.590651980817,129671.926743865
303.690651980817,131463.276980913
303.790651980817,133254.815069216
303.890651980817,135046.543562037
303.990651980817,136838.465012632
304,137005.98412659
304.009348019183,137173.50495112
304.018696038366,137341.027488303
304.028044057549,137508.551740239
304.121524249381,139183.889028973
304.215004441213,140859.400085927
304.308484633044,142535.086996793
304.401964824876,144210.951847285
304.501964824876,146003.899819603
304.601964824876,147797.056358083
304.701964824876,149590.424015983
304.801964824876,151384.005346556
304.901964824876,153177.802903064
305,154936.567836198
305.098035175124,156695.545441419
305.196070350248,158454.738124423
305.294105525371,160214.148290901
305.394105525371,162009.047186297
305.494105525371,163804.177426497
305.594105525372,165599.541564762
305.694105525372,167395.142154351
305.794105525372,169190.981748514
305.894105525372,170987.062900515
305.994105525372,172783.388163607
306,172889.27977381
306.005894474628,172995.172241543
306.011788949257,173101.0655673
306.017683423885,173206.959751764
306.076628170169,174265.94893388
306.135572916453,175325.024551202
306.194517662737,176384.18712664
306.253462409021,177443.437183089
306.353462409021,179240.660749893
306.453462409021,181038.140156352
306.553462409022,182835.877955727
306.653462409022,184633.876701263
306.753462409022,186432.138946229
306.853462409022,188230.667243878
306.953462409022,190029.464147466
307,190866.67319644
307.046537590978,191703.941228983
307.093075181957,192541.268502436
307.139612772935,193378.655274132
307.239612772935,195178.234900975
307.339612772935,196978.092993157
307.439612772935,198778.232103951
307.539612772935,200578.654786611
307.639612772935,202379.363594393
307.739612772935,204180.361080556
307.839612772935,205981.649798358
307.939612772935,207783.232301047
308,208871.301361224
308.000547174988,149611.096773472
308.001094349976,149615.816800578
308.001641524964,149620.536831649
308.002188699952,149625.256866684
308.003520698307,149636.746953204
308.004852696663,149648.237063253
308.006184695018,149659.727196799
308.008832223184,149682.565472016
308.011479751349,149705.403840285
308.014127279515,149728.242301126
308.01677480768,149751.080854984
308.022990180575,149804.697317706
308.029205553469,149858.314292467
308.035420926364,149911.93177952
308.041636299258,149965.549778985
308.047851672153,150019.168291227
308.057332120406,150100.954803162
308.06681256866,150182.74250893
308.076293016914,150264.531409198
308.085773465168,150346.32150449
308.095253913422,150428.112795571
308.142464763857,150835.435878356
308.189675614293,151242.788709554
308.236886464728,151650.171368755
308.284097315163,152057.583935564
308.384097315164,152920.646900448
308.484097315164,153783.84516221
308.584097315164,154647.179477375
308.684097315164,155510.650602465
308.784097315164,156374.259293995
308.884097315164,157238.006308498
308.984097315164,158101.892402484
309,158239.286352847
309.000119783421,220892.938919024
309.000239566842,220895.099758783
309.000359350262,220897.260592302
309.00155718447,220918.868987266
309.002755018678,220940.477425623
309.003952852886,220962.085909842
309.006296793583,221004.369859475
309.008640734281,221046.65398229
309.010984674978,221088.938278064
309.013328615676,221131.222747343
309.019193571319,221237.026752911
309.025058526962,221342.831843286
309.030923482605,221448.638019189
309.036788438248,221554.445280861
309.042653393892,221660.25362909
309.05102614221,221811.306385476
309.059398890528,221962.361358577
309.067771638846,222113.418549863
309.076144387164,222264.477960832
309.084517135482,222415.539592983
309.114344336427,222953.701831809
309.144171537372,223491.892345978
309.173998738316,224030.111203244
309.203825939261,224568.358471359
309.303825939261,226373.118372786
309.403825939261,228178.200933379
309.503825939261,229983.608706385
309.603825939261,231789.344245072
309.703825939261,233595.410102694
309.803825939261,235401.808832507
309.903825939261,237208.542987773
310,238946.471390699
310.096174060739,240684.71467661
310.192348121477,242423.27511677
310.292348121478,244231.336704933
310.392348121478,246039.746191775
310.492348121478,247848.50613054
310.592348121478,249657.619074501
310.692348121478,251467.087576908
310.792348121478,253276.91419102
310.892348121478,255087.101470092
310.992348121478,256897.651967388
311,257036.208124652
311.000352007133,184228.072274031
311.000704014266,184231.129521074
311.001056021399,184234.186768809
311.001408028533,184237.244018559
311.002739766254,184248.810434984
311.004071503976,184260.376880688
311.005403241698,184271.943355245
311.00789679896,184293.600599972
311.010390356221,184315.257946213
311.012883913483,184336.91539345
311.015377470745,184358.572941882
311.020765309793,184405.368838114
311.026153148842,184452.165206977
311.03154098789,184498.962048574
311.036928826938,184545.759363023
311.042316665987,184592.557150442
311.050469617509,184663.37310017
311.058622569032,184734.1901336
311.066775520555,184805.008251136
311.074928472078,184875.827453187
311.083081423601,184946.647740164
311.109741351551,185178.235716165
311.136401279502,185409.835311693
311.163061207452,185641.446541097
311.189721135403,185873.069418658
311.289721135403,186741.978791801
311.389721135403,187611.053008665
311.489721135403,188480.292825791
311.589721135403,189349.698999687
311.689721135403,190219.272286876
311.789721135403,191089.01344388
311.889721135403,191958.923227215
311.989721135403,192829.002393416
312,192918.446282956
312.000057943984,37345.928467829
312.000115887968,37345.928467829
312.000173831952,37345.928467829
312.000599508129,37345.928467829
312.001025184307,37345.928467829
312.001450860484,37345.928467829
312.003364841407,37345.928467829
312.005278822329,37345.928467829
312.007192803252,37345.928467829
312.009106784175,37345.928467829
312.011695780216,37345.928467829
312.014284776258,37345.928467829
312.0168737723,37345.928467829
312.019462768342,37345.928467829
312.022051764384,37345.928467829
312.026729922584,37345.928467829
312.031408080784,37345.928467829
312.036086238984,37345.928467829
312.040764397184,37345.928467829
312.045442555384,37345.928467829
312.053247649797,37345.928467829
312.06105274421,37345.928467829
312.068857838623,37345.928467829
312.076662933036,37345.928467829
312.084468027449,37345.928467829
312.102902518593,37345.928467829
312.121337009737,37345.928467829
312.139771500881,37345.928467829
312.158205992025,37345.928467829
312.176640483169,37345.928467829
312.276640483169,37345.928467829
312.376640483169,37345.928467829
312.476640483169,37345.928467829
312.576640483169,37345.928467829
312.676640483169,37345.928467829
312.776640483169,37345.928467829
312.876640483169,37345.928467829
312.976640483169,37345.928467829
313,37345.928467829
313.023359516831,37345.928467829
313.046719033662,37345.928467829
313.070078550494,37345.928467829
313.170078550494,37345.928467829
313.270078550494,37345.928467829
313.370078550494,37345.928467829
313.470078550494,37345.928467829
313.570078550494,37345.928467829
313.670078550494,37345.928467829
313.770078550494,37345.928467829
313.870078550494,37345.928467829
313.970078550494,37345.928467829
314,37345.928467829
314.029921449506,37345.928467829
314.059842899012,37345.928467829
314.089764348518,37345.928467829
314.189764348518,37345.928467829
314.289764348518,37345.928467829
314.389764348518,37345.928467829
314.489764348518,37345.928467829
314.589764348518,37345.928467829
314.689764348518,37345.928467829
314.789764348518,37345.928467829
314.889764348518,37345.928467829
314.989764348518,37345.928467829
315,37345.928467829
315.010235651482,37345.928467829
315.020471302963,37345.928467829
315.030706954445,37345.928467829
315.130706954445,37345.928467829
315.230706954445,37345.928467829
315.330706954445,37345.928467829
315.430706954445,37345.928467829
315.530706954445,37345.928467829
315.630706954445,37345.928467829
315.730706954445,37345.928467829
315.830706954445,37345.928467829
315.930706954445,37345.928467829
316,37345.928467829
316.069293045555,37345.928467829
316.13858609111,37345.928467829
316.207879136665,37345.928467829
316.307879136665,37345.928467829
316.407879136665,37345.928467829
316.507879136665,37345.928467829
316.607879136665,37345.928467829
316.707879136665,37345.928467829
316.807879136665,37345.928467829
316.907879136665,37345.928467829
317,37345.928467829
317.092120863335,37345.928467829
317.184241726671,37345.928467829
317.276362590006,37345.928467829
317.376362590006,37345.928467829
317.476362590006,37345.928467829
317.576362590006,37345.928467829
317.676362590006,37345.928467829
317.776362590006,37345.928467829
317.876362590006,37345.928467829
317.976362590006,37345.928467829
318,37345.928467829
318.023637409994,37345.928467829
318.047274819988,37345.928467829
318.070912229982,37345.928467829
318.170912229982,37345.928467829
318.270912229982,37345.928467829
318.370912229982,37345.928467829
318.470912229982,37345.928467829
318.570912229982,37345.928467829
318.670912229982,37345.928467829
318.770912229982,37345.928467829
318.870912229982,37345.928467829
318.970912229982,37345.928467829
319,37345.928467829
319.029087770018,37345.928467829
319.058175540036,37345.928467829
319.087263310054,37345.928467829
319.187263310054,37345.928467829
319.287263310054,37345.928467829
319.387263310054,37345.928467829
319.487263310054,37345.928467829
319.587263310054,37345.928467829
319.687263310054,37345.928467829
319.787263310054,37345.928467829
319.887263310054,37345.928467829
319.987263310054,37345.928467829
320,37345.928467829
320.012736689946,37345.928467829
320.025473379891,37345.928467829
320.038210069837,37345.928467829
320.138210069837,37345.928467829
320.238210069837,37345.928467829
320.338210069837,37345.928467829
320.438210069837,37345.928467829
320.538210069837,37345.928467829
320.638210069837,37345.928467829
320.738210069837,37345.928467829
320.838210069837,37345.928467829
320.938210069837,37345.928467829
321,37345.928467829
321.000115551845,-243547.020409065
321.000231103691,-243544.546038115
321.000346655536,-243542.071658553
321.000462207382,-243539.597285927
321.000655175667,-243535.465144559
321.000848143953,-243531.333002169
321.001041112238,-243527.200855115
321.001234080523,-243523.06871038
321.001540989143,-243516.496684771
321.00173192907,-243512.407965133
321.001922868997,-243508.319246626
321.002113808924,-243504.230521127
321.002304748852,-243500.141798045
321.00239272351,-243498.257933954
321.002480698169,-243496.374072001
321.002568672828,-243494.490209563
321.002656647486,-243492.606351743
321.003012839598,-243484.978951837
321.003369031709,-243477.35154799
321.003725223821,-243469.724136184
321.004081415933,-243462.096716419
321.00468085422,-243449.260458663
321.005280292506,-243436.424177395
321.005879730793,-243423.587875089
321.00647916908,-243410.751549499
321.00754740036,-243387.876470805
321.00861563164,-243365.001320112
321.009683862919,-243342.12609871
321.010752094199,-243319.250804926
321.012659692271,-243278.40098516
321.014567290342,-243237.550937008
321.016474888413,-243196.700660813
321.018382486485,-243155.850156378
321.021032808113,-243099.094124943
321.023683129741,-243042.337653146
321.02633345137,-242985.580741855
321.028983772998,-242928.823390496
321.03290107131,-242844.932587568
321.036818369621,-242761.040824462
321.040735667933,-242677.148101612
321.044652966244,-242593.254419353
321.048570264556,-242509.359778021
321.055995755896,-242350.329449179
321.063421247237,-242191.29567781
321.070846738577,-242032.258465984
321.078272229917,-241873.217816226
321.085697721257,-241714.173730578
321.104885556841,-241303.180081276
321.124073392424,-240892.163544903
321.143261228008,-240481.124160889
321.162449063592,-240070.061968635
321.262449063592,-237927.388114102
321.362449063592,-235784.101409674
321.462449063592,-233640.20743301
321.562449063592,-231495.711761803
321.662449063592,-229350.619973714
321.762449063592,-227204.93764642
321.862449063592,-225058.670357607
321.962449063592,-222911.823684934
322,-222105.514166028
322.001039430052,-158111.904889999
322.002078860104,-158100.030876365
322.003118290156,-158088.156827203
322.004157720208,-158076.282744092
322.005197150259,-158064.408625459
322.007330320195,-158040.039862167
322.009463490131,-158015.670952415
322.011596660066,-157991.301896428
322.013729830002,-157966.93269423
322.017985417233,-157918.316690637
322.022241004464,-157869.700105404
322.026496591696,-157821.082938722
322.030752178927,-157772.465190774
322.035007766158,-157723.846861643
322.042451925398,-157638.799015781
322.049896084639,-157553.749393276
322.057340243879,-157468.697995181
322.064784403119,-157383.644822469
322.072228562359,-157298.589876108
322.091548995438,-157077.831574579
322.110869428516,-156857.061349272
322.130189861594,-156636.279217165
322.149510294672,-156415.485195167
322.249510294672,-155272.495227995
322.349510294672,-154129.189544163
322.449510294673,-152985.570496763
322.549510294673,-151841.640438864
322.649510294673,-150697.401723561
322.749510294673,-149552.85670393
322.849510294673,-148408.007733054
322.949510294673,-147262.857164014
323,-146684.560182709
323.000325347162,-205977.705307838
323.000650694324,-205970.705518528
323.000976041485,-205963.70572361
323.001301388647,-205956.705923083
323.002575384831,-205929.29601236
323.003849381015,-205901.886015463
323.0051233772,-205874.475932599
323.00744944776,-205824.430202431
323.009775518321,-205774.384185601
323.012101588882,-205724.337882696
323.014427659442,-205674.291293297
323.018426568759,-205588.252059322
323.022425478075,-205502.21197988
323.026424387392,-205416.171054999
323.030423296709,-205330.129285131
323.034422206025,-205244.086670537
323.041943720738,-205082.247557612
323.049465235451,-204920.405460073
323.056986750163,-204758.560380549
323.064508264876,-204596.712321212
323.072029779589,-204434.861284635
323.092093584542,-204003.105559642
323.112157389496,-203571.328710868
323.13222119445,-203139.53078327
323.152284999404,-202707.711821971
323.252284999404,-200555.171052646
323.352284999404,-198402.11447583
323.452284999404,-196248.547669177
323.552284999404,-194094.476210377
323.652284999404,-191939.905677089
323.752284999404,-189784.841647005
323.852284999404,-187629.289697784
323.952284999404,-185473.255407116
324,-184444.33527306
324.000459868812,-131381.025990744
324.000919737624,-131375.741094925
324.001379606437,-131370.456193466
324.001839475249,-131365.171286368
324.003284966908,-131348.55936173
324.004730458567,-131331.947381234
324.006175950226,-131315.335345509
324.008973375445,-131283.186313897
324.011770800664,-131251.037073798
324.014568225883,-131218.887625221
324.017365651103,-131186.737968218
324.02320755327,-131119.59871849
324.029049455437,-131052.458560469
324.034891357605,-130985.317494593
324.040733259772,-130918.175521504
324.046575161939,-130851.0326415
324.056186970962,-130740.559024622
324.065798779985,-130630.08295624
324.075410589007,-130519.60443833
324.08502239803,-130409.123472981
324.094634207052,-130298.640062389
324.125239150016,-129946.833778275
324.15584409298,-129595.002791045
324.186449035944,-129243.147168143
324.217053978908,-128891.266977023
324.317053978908,-127741.34697687
324.417053978908,-126591.167754663
324.517053978908,-125440.731663482
324.617053978908,-124290.041056408
324.717053978908,-123139.098286524
324.817053978908,-121987.905706914
324.917053978908,-120836.465670651
325,-119881.205905851
325.000396131144,-168249.083873682
325.000792262289,-168240.527828708
325.001188393433,-168231.971777732
325.001584524578,-168223.415720755
325.002892131511,-168195.172599985
325.004199738445,-168166.929405932
325.005507345378,-168138.686138009
325.007969241702,-168085.510938628
325.010431138026,-168032.335477408
325.01289303435,-167979.159754419
325.015354930674,-167925.983770122
325.01964800438,-167833.254454753
325.023941078086,-167740.524344855
325.028234151793,-167647.793440579
325.032527225499,-167555.061742656
325.039052720831,-167414.107539121
325.045578216163,-167273.151504217
325.052103711495,-167132.193639444
325.058629206827,-166991.23394635
325.073844702013,-166662.551186235
325.089060197199,-166333.8585139
325.104275692385,-166005.155949055
325.204275692385,-163844.596581016
325.304275692385,-161683.616336973
325.404275692385,-159522.220794618
325.504275692385,-157360.415531618
325.604275692385,-155198.206125649
325.704275692385,-153035.598154392
325.804275692385,-150872.597195516
325.904275692385,-148709.208826699
326,-146637.962522821
326.095724307615,-144566.371232951
326.191448615231,-142494.439849467
326.287172922846,-140422.173264745
326.387172922846,-138256.9926041
326.487172922846,-136091.457045628
326.587172922846,-133925.572167005
326.687172922846,-131759.343545903
326.787172922846,-129592.77676
326.887172922846,-127425.877386971
326.987172922846,-125258.65100449
327,-124980.635827554
327.000671616694,-89080.6694741959
327.001343233387,-89072.896083939
327.002014850081,-89065.1226855462
327.002686466774,-89057.3492790181
327.004357850488,-89038.0043626377
327.006029234202,-89018.6593958751
327.007700617915,-88999.3143787561
327.010973342715,-88961.4348897868
327.014246067514,-88923.5552078691
327.017518792313,-88885.6753330508
327.020791517113,-88847.7952655193
327.027578590209,-88769.2378514249
327.034365663305,-88690.6796093144
327.041152736402,-88612.1205399143
327.047939809498,-88533.5606439603
327.054726882594,-88454.9999221881
327.068608992343,-88294.3112156739
327.082491102093,-88133.6190636683
327.096373211842,-87972.9234724631
327.110255321591,-87812.2244483781
327.210255321591,-86654.5255921426
327.310255321591,-85496.651280459
327.410255321591,-84338.6038664058
327.510255321591,-83180.3857030615
327.610255321591,-82021.9991435111
327.710255321591,-80863.4465408362
327.810255321591,-79704.7302481155
327.910255321591,-78545.8526184337
328,-77505.6861845913
328.000974765642,-108695.139482189
328.001949531284,-108673.990169458
328.002924296926,-108652.840830443
328.003899062568,-108631.69146474
328.005569725653,-108595.443239692
328.007240388739,-108559.194936846
328.008911051824,-108522.946556273
328.010581714909,-108486.698097999
328.014747078035,-108396.321673334
328.018912441161,-108305.944766188
328.023077804287,-108215.567377049
328.027243167413,-108125.189506226
328.033593850463,-107987.394780526
328.039944533513,-107849.598937575
328.046295216563,-107711.80197887
328.052645899613,-107574.003905776
328.065719145191,-107290.335160904
328.07879239077,-107006.661712267
328.091865636349,-106722.983572362
328.104938881928,-106439.300753627
328.183118522125,-104742.745132087
328.261298162322,-103046.025297936
328.339477802519,-101349.143916397
328.439477802519,-99178.4225504569
328.539477802519,-97007.4468134016
328.639477802519,-94836.2222829063
328.739477802519,-92664.7545366462
328.839477802519,-90493.0491522967
328.939477802519,-88321.1117075327
329,-87006.4970657548
329.001394424485,-62021.8259733341
329.00278884897,-62005.6369235478
329.004183273455,-61989.4478492577
329.00557769794,-61973.2587506993
329.007898582148,-61946.313513364
329.010219466355,-61919.3682085138
329.012540350562,-61892.4228362626
329.014861234769,-61865.4773965365
329.020470449298,-61800.354200202
329.026079663827,-61735.2306105412
329.031688878356,-61670.1066279683
329.037298092885,-61604.9822528563
329.042907307414,-61539.8574856769
329.053714976751,-61414.3758984436
329.064522646087,-61288.8928601123
329.075330315424,-61163.4083736231
329.08613798476,-61037.9224419539
329.096945654096,-60912.4350680752
329.139987394535,-60412.6650606051
329.183029134973,-59912.8724137882
329.226070875411,-59413.0573152553
329.269112615849,-58913.2199526382
329.369112615849,-57751.849841617
329.469112615849,-56590.3629184242
329.569112615849,-55428.7615361435
329.669112615849,-54267.0480478564
329.76911261585,-53105.2248066438
329.86911261585,-51943.2941655874
329.96911261585,-50781.2584777701
330,-50422.3151829899
330.001608451431,-70674.2438642864
330.003216902863,-70639.2808192862
330.004825354294,-70604.317727475
330.006433805725,-70569.3545887953
330.009199070961,-70509.2455137454
330.011964336197,-70449.1363004625
330.014729601432,-70389.026949075
330.017494866668,-70328.9174597007
330.023132501079,-70206.369900101
330.028770135489,-70083.8217684505
330.0344077699,-69961.2730657685
330.04004540431,-69838.7237930315
330.05015455333,-69618.9725995045
330.06026370235,-69399.2195820253
330.070372851369,-69179.464746368
330.080482000389,-68959.7080982916
330.139196396814,-67683.3159737689
330.19791079324,-66406.8640335692
330.256625189665,-65130.3534066751
330.356625189665,-62956.1199293609
330.456625189665,-60781.7250689968
330.556625189665,-58607.1744032593
330.656625189665,-56432.4735098232
330.756625189665,-54257.627966364
330.856625189665,-52082.6433505561
330.956625189665,-49907.5252400754
331,-48964.0317828816
331.043374810335,-48020.5147148754
331.086749620669,-47076.9744912206
331.130124431004,-46133.4115670772
331.173499241338,-45189.8263976091
331.273499241338,-43014.3221167372
331.373499241338,-40838.7075930731
331.473499241338,-38662.9884042917
331.573499241338,-36487.1701280683
331.673499241338,-34311.2583420779
331.773499241338,-32135.258623996
331.873499241338,-29959.1765514975
331.973499241338,-27783.0177022577
332,-27206.3069342041
332.004113582577,-19355.7740922626
332.008227165153,-19307.8918300412
332.01234074773,-19260.0095017828
332.016454330306,-19212.1271076558
332.020567912883,-19164.244647818
332.025698014542,-19104.5297254118
332.030828116201,-19044.814701382
332.03595821786,-18985.0995760475
332.04108831952,-18925.3843497249
332.052747699957,-18789.6668716058
332.064407080395,-18653.9488772244
332.076066460832,-18518.2303703111
332.08772584127,-18382.511354595
332.171932696701,-17402.3011481239
332.256139552132,-16422.0660016888
332.340346407563,-15441.8073203
332.440346407563,-14277.6707598093
332.540346407563,-13113.5053430007
332.640346407563,-11949.313422956
332.740346407563,-10785.0973527569
332.840346407563,-9620.85948548506
332.940346407563,-8456.60217422227
333,-7762.07257353756
333.003299686742,-4625.69919143093
333.006599373484,-4610.38606012567
333.009899060225,-4595.0729212801
333.013198746967,-4579.75977491812
333.019251737175,-4551.66911164072
333.025304727383,-4523.57842331076
333.031357717591,-4495.48771008216
333.037410707799,-4467.39697210974
333.047431951005,-4420.8902978694
333.057453194211,-4374.38355693288
333.067474437416,-4327.87675000138
333.077495680622,-4281.36987777702
333.132220285771,-4027.4012432231
333.186944890919,-3773.43079675348
333.241669496068,-3519.45865263256
333.341669496068,-3055.36332062613
333.441669496068,-2591.26339867755
333.541669496068,-2127.15958399623
333.641669496068,-1663.05257379155
333.741669496068,-1198.94306527292
333.841669496068,-734.83175564974
333.941669496068,-270.719342131403
333.999999999996,-1.68843271848746e-08
334,0
334.058330503932,0
334.116661007864,0
334.174991511795,0
334.274991511795,0
334.374991511795,0
334.474991511796,0
334.574991511796,0
334.674991511796,0
334.774991511796,0
334.874991511796,0
334.974991511796,0
335,0
335.025008488204,0
335.050016976409,0
335.150016976409,0
335.250016976409,0
335.350016976409,0
335.450016976409,0
335.550016976409,0
335.650016976409,0
335.750016976409,0
335.850016976409,0
335.950016976409,0
336,0
336.049983023591,0
336.099966047182,0
336.199966047182,0
336.299966047182,0
336.399966047182,0
336.499966047182,0
336.599966047182,0
336.699966047182,0
336.799966047182,0
336.899966047182,0
336.999966047182,0
337,0
337.000033952818,0
337.000067905635,0
337.000407433813,0
337.00074696199,0
337.001086490167,0
337.004481771939,0
337.00787705371,0
337.011272335482,0
337.045225153198,0
337.079177970915,0
337.113130788631,0
337.213130788631,0
337.313130788631,0
337.413130788631,0
337.513130788631,0
337.613130788631,0
337.713130788631,0
337.813130788631,0
337.913130788631,0
338,0
338.086869211369,0
338.173738422737,0
338.273738422737,0
338.373738422737,0
338.473738422737,0
338.573738422737,0
338.673738422737,0
338.773738422737,0
338.873738422737,0
338.973738422737,0
339,0
339.026261577263,0
339.052523154525,0
339.152523154525,0
339.252523154525,0
339.352523154525,0
339.452523154525,0
339.552523154525,0
339.652523154525,0
339.752523154525,0
339.852523154525,0
339.952523154525,0
340,0
340.047476845475,0
340.094953690949,0
340.194953690949,0
340.294953690949,0
340.394953690949,0
340.494953690949,0
340.594953690949,0
340.694953690949,0
340.794953690949,0
340.894953690949,0
340.994953690949,0
341,0
341.005046309051,0
341.010092618101,0
341.060555708609,0
341.111018799116,0
341.161481889623,0
341.261481889623,0
341.361481889623,0
341.461481889623,0
341.561481889623,0
341.661481889623,0
341.761481889623,0
341.861481889623,0
341.961481889623,0
342,0
342.038518110377,0
342.077036220753,0
342.177036220753,0
342.277036220753,0
342.377036220753,0
342.477036220753,0
342.577036220753,0
342.677036220753,0
342.777036220753,0
342.877036220753,0
342.977036220753,0
343,0
343.022963779247,0
343.045927558493,0
343.145927558493,0
343.245927558493,0
343.345927558493,0
343.445927558493,0
343.545927558493,0
343.645927558493,0
343.745927558493,0
343.845927558493,0
343.945927558494,0
344,0
344.054072441506,0
344.108144883013,0
344.208144883013,0
344.308144883013,0
344.408144883013,0
344.508144883013,0
344.608144883013,0
344.708144883013,0
344.808144883013,0
344.908144883013,0
345,0
345.091855116987,0
345.183710233974,0
345.283710233974,0
345.383710233974,0
345.483710233974,0
345.583710233974,0
345.683710233974,0
345.783710233974,0
345.883710233974,0
345.983710233974,0
346,0
346.016289766026,0
346.032579532052,0
346.132579532052,0
346.232579532052,0
346.332579532052,0
346.432579532052,0
346.532579532052,0
346.632579532052,0
346.732579532052,0
346.832579532052,0
346.932579532053,0
347,0
347.067420467947,0
347.134840935895,0
347.234840935895,0
347.334840935895,0
347.434840935895,0
347.534840935895,0
347.634840935895,0
347.734840935895,0
347.834840935895,0
347.934840935895,0
348,0
348.065159064105,0
348.13031812821,0
348.23031812821,0
348.33031812821,0
348.43031812821,0
348.53031812821,0
348.63031812821,0
348.73031812821,0
348.83031812821,0
348.93031812821,0
349,0
349.06968187179,0
349.13936374358,0
349.23936374358,0
349.33936374358,0
349.43936374358,0
349.53936374358,0
349.63936374358,0
349.73936374358,0
349.839363743581,0
349.939363743581,0
350,0
350.060636256419,0
350.121272512839,0
350.221272512839,0
350.321272512839,0
350.421272512839,0
350.521272512839,0
350.621272512839,0
350.721272512839,0
350.821272512839,0
350.921272512839,0
351,0
351.078727487161,0
351.157454974322,0
351.257454974322,0
351.357454974322,0
351.457454974322,0
351.557454974322,0
351.657454974322,0
351.757454974322,0
351.857454974322,0
351.957454974322,0
352,0
352.042545025678,0
352.085090051356,0
352.185090051356,0
352.285090051356,0
352.385090051356,0
352.485090051356,0
352.585090051356,0
352.685090051356,0
352.785090051356,0
352.885090051356,0
352.985090051356,0
353,0
353.000000000004,6.492094432474e-08
353.014909948647,266.073004402322
353.029819897291,532.146017202696
353.044729845935,798.219046929018
353.077305953978,1379.5507108576
353.109882062021,1960.88258424848
353.142458170064,2542.21475536741
353.242458170064,4326.75291968567
353.342458170064,6111.29727458432
353.442458170064,7895.85037332043
353.542458170064,9680.41476915106
353.642458170065,11464.9930153333
353.742458170065,13249.5876651242
353.842458170065,15034.2012717809
353.942458170065,16818.8363885604
354,17845.7588356584
354.057541829935,18872.6897367493
354.115083659871,19899.6295782914
354.172625489806,20926.5788467429
354.230167319742,21953.5380285621
354.330167319742,23738.2806817355
354.430167319742,25523.0572975003
354.530167319742,27307.8704291132
354.630167319742,29092.7226298315
354.730167319742,30877.6164529123
354.830167319742,32662.5544516125
354.930167319742,34447.5391791893
355,35694.070928392
355.069832680258,36940.6275800383
355.139665360516,38187.2100036299
355.209498040775,39433.8190686695
355.309498040775,41219.0042655124
355.409498040775,43004.2484297771
355.509498040775,44789.5541147215
355.609498040775,46574.9238736019
355.709498040775,48360.3602596756
355.809498040775,50145.8658262
355.909498040775,51931.4431264317
356,53547.4895352761
356.090501959225,55163.5986822787
356.181003918451,56779.7724600806
356.271505877676,58396.012761324
356.362007836901,60012.3214786518
356.462007836901,61798.341139408
356.562007836901,63584.4491941248
356.662007836901,65370.6481960585
356.762007836901,67156.940698466
356.862007836901,68943.3292546055
356.962007836901,70729.8164177329
357,71408.5679133858
357.000984012557,51097.5528549884
357.001968025114,51105.9405246711
357.002952037671,51114.3281987835
357.003936050228,51122.7158772932
357.005919665368,51139.6241363508
357.007903280508,51156.5324133092
357.009886895648,51173.4407081186
357.013759067746,51206.4470753243
357.017631239843,51239.4535107485
357.021503411941,51272.4600144142
357.025375584038,51305.466586399
357.03347726452,51374.5259023414
357.041578945002,51443.5855178887
357.049680625484,51512.6454334401
357.057782305966,51581.705649386
357.065883986448,51650.7661661446
357.086394487761,51825.6035642837
357.106904989074,52000.4428994422
357.127415490386,52175.2841781451
357.147925991699,52350.1274069201
357.247925991699,53202.6126725535
357.347925991699,54055.1452050341
357.447925991699,54907.7257608838
357.547925991699,55760.3550966228
357.647925991699,56613.0339687718
357.747925991699,57465.7631338515
357.847925991699,58318.5433483823
357.947925991699,59171.3753688849
358,59615.4999505685
358.000903526126,83337.6186446351
358.001807052253,83353.7675040428
358.002710578379,83369.9163731394
358.003614104505,83386.0652520527
358.005351268808,83417.1139177101
358.007088433111,83448.1626193816
358.008825597414,83479.2113570647
358.010562761717,83510.2601307947
358.015135771567,83591.9948562366
358.019708781418,83673.7298316965
358.024281791268,83755.4650573762
358.028854801119,83837.200533528
358.036033254036,83965.5047793732
358.043211706953,84093.8096439458
358.05039015987,84222.1151282069
358.057568612787,84350.421233085
358.075612700111,84672.9400691358
358.093656787434,84995.4628475028
358.111700874758,85317.9895831912
358.211700874758,87105.4992399621
358.311700874758,88893.1334539972
358.411700874758,90680.8947785549
358.511700874758,92468.7857668896
358.611700874758,94256.8089722607
358.711700874758,96044.9669479254
358.811700874758,97833.2622471381
358.911700874758,99621.6974231586
359,101200.988363042
359.088299125242,102780.392109655
359.176598250484,104359.910420776
359.264897375726,105939.545054183
359.364897375726,107728.646152932
359.464897375726,109517.901253017
359.564897375726,111307.312907697
359.664897375726,113096.883670224
359.764897375726,114886.616093859
359.864897375726,116676.512731859
359.964897375726,118466.576137478
360,119094.975387901
360.035102624274,119723.395612377
360.070205248549,120351.836921353
360.170205248549,122142.250716204
360.270205248549,123932.839073974
360.370205248549,125723.604547914
360.470205248549,127514.549691285
360.570205248549,129305.677057345
360.670205248549,131096.989199347
360.770205248549,132888.488670551
360.870205248549,134680.178024214
360.970205248549,136472.059813591
361,137005.984126594
361.029794751451,137539.925816831
361.059589502903,138073.884951835
361.089384254354,138607.861599134
361.189384254354,140400.174098158
361.289384254354,142192.687182351
361.389384254354,143985.403404979
361.489384254354,145778.325319299
361.589384254354,147571.455478563
361.689384254354,149364.796436032
361.789384254354,151158.350744965
361.889384254354,152952.120958613
361.989384254354,154746.109630238
362,154936.567836205
362.010615745646,155127.028535871
362.021231491292,155317.491732338
362.121231491292,157111.772337211
362.221231491292,158906.277319723
362.321231491292,160701.009233125
362.421231491292,162495.970630671
362.521231491292,164291.16406562
362.621231491292,166086.592091231
362.721231491292,167882.257260755
362.821231491292,169678.162127455
362.921231491292,171474.309244587
363,172889.279773787
363.078768508708,174304.403438718
363.157537017416,175719.681487201
363.236305526124,177135.115167057
363.336305526124,178932.29509636
363.436305526124,180729.730427262
363.536305526124,182527.42371301
363.636305526124,184325.37750687
363.736305526124,186123.594362097
363.836305526124,187922.076831947
363.936305526124,189720.827469678
364,190866.673196441
364.063694473876,192012.629414168
364.127388947752,193158.696782639
364.191083421629,194304.87596165
364.291083421629,196104.598597523
364.391083421629,197904.601012928
364.491083421629,199704.88576112
364.591083421629,201505.455395355
364.691083421629,203306.312468895
364.791083421629,205107.459534985
364.891083421629,206908.899146894
364.991083421629,208710.633857874
365,208871.301361227
365.000049447042,28640.1277701857
365.000098894085,28640.1277701857
365.000148341127,28640.1277701857
365.000504071068,28640.1277701857
365.000859801009,28640.1277701857
365.00121553095,28640.1277701857
365.002924888062,28640.1277701857
365.004634245174,28640.1277701857
365.006343602285,28640.1277701857
365.008052959397,28640.1277701857
365.010479470927,28640.1277701857
365.012905982457,28640.1277701857
365.015332493987,28640.1277701857
365.017759005517,28640.1277701857
365.020185517047,28640.1277701857
365.024533632553,28640.1277701857
365.02888174806,28640.1277701857
365.033229863566,28640.1277701857
365.037577979073,28640.1277701857
365.041926094579,28640.1277701857
365.048926467941,28640.1277701857
365.055926841302,28640.1277701857
365.062927214664,28640.1277701857
365.069927588026,28640.1277701857
365.076927961388,28640.1277701857
365.090084836181,28640.1277701857
365.103241710974,28640.1277701857
365.116398585766,28640.1277701857
365.129555460559,28640.1277701857
365.220708092897,28640.1277701857
365.311860725235,28640.1277701857
365.403013357573,28640.1277701857
365.503013357573,28640.1277701857
365.603013357573,28640.1277701857
365.703013357573,28640.1277701857
365.803013357573,28640.1277701857
365.903013357573,28640.1277701857
366,28640.1277701857
366.096986642427,28640.1277701857
366.193973284855,28640.1277701857
366.290959927282,28640.1277701857
366.387946569709,28640.1277701857
366.487946569709,28640.1277701857
366.587946569709,28640.1277701857
366.687946569709,28640.1277701857
366.787946569709,28640.1277701857
366.887946569709,28640.1277701857
366.987946569709,28640.1277701857
367,28640.1277701857
367.012053430291,28640.1277701857
367.024106860581,28640.1277701857
367.036160290872,28640.1277701857
367.136160290872,28640.1277701857
367.236160290872,28640.1277701857
367.336160290872,28640.1277701857
367.436160290872,28640.1277701857
367.536160290872,28640.1277701857
367.636160290872,28640.1277701857
367.736160290872,28640.1277701857
367.836160290872,28640.1277701857
367.936160290872,28640.1277701857
368,28640.1277701857
368.063839709128,28640.1277701857
368.127679418257,28640.1277701857
368.191519127385,28640.1277701857
368.291519127385,28640.1277701857
368.391519127385,28640.1277701857
368.491519127385,28640.1277701857
368.591519127385,28640.1277701857
368.691519127385,28640.1277701857
368.791519127385,28640.1277701857
368.891519127385,28640.1277701857
368.991519127385,28640.1277701857
369,28640.1277701857
369.008480872615,28640.1277701857
369.01696174523,28640.1277701857
369.025442617845,28640.1277701857
369.110251343995,28640.1277701857
369.195060070145,28640.1277701857
369.279868796295,28640.1277701857
369.364677522445,28640.1277701857
369.464677522445,28640.1277701857
369.564677522445,28640.1277701857
369.664677522445,28640.1277701857
369.764677522445,28640.1277701857
369.864677522445,28640.1277701857
369.964677522445,28640.1277701857
370,28640.1277701857
370.035322477555,28640.1277701857
370.07064495511,28640.1277701857
370.105967432665,28640.1277701857
370.205967432665,28640.1277701857
370.305967432665,28640.1277701857
370.405967432665,28640.1277701857
370.505967432665,28640.1277701857
370.605967432665,28640.1277701857
370.705967432665,28640.1277701857
370.805967432665,28640.1277701857
370.905967432665,28640.1277701857
371,28640.1277701857
371.094032567335,28640.1277701857
371.188065134669,28640.1277701857
371.282097702004,28640.1277701857
371.382097702004,28640.1277701857
371.482097702004,28640.1277701857
371.582097702004,28640.1277701857
371.682097702004,28640.1277701857
371.782097702004,28640.1277701857
371.882097702004,28640.1277701857
371.982097702004,28640.1277701857
372,28640.1277701857
372.017902297996,28640.1277701857
372.035804595992,28640.1277701857
372.053706893987,28640.1277701857
372.153706893987,28640.1277701857
372.253706893987,28640.1277701857
372.353706893987,28640.1277701857
372.453706893987,28640.1277701857
372.553706893987,28640.1277701857
372.653706893987,28640.1277701857
372.753706893987,28640.1277701857
372.853706893987,28640.1277701857
372.953706893987,28640.1277701857
373,28640.1277701857
373.046293106013,28640.1277701857
373.092586212025,28640.1277701857
373.138879318038,28640.1277701857
373.238879318038,28640.1277701857
373.338879318038,28640.1277701857
373.438879318038,28640.1277701857
373.538879318038,28640.1277701857
373.638879318038,28640.1277701857
373.738879318038,28640.1277701857
373.838879318038,28640.1277701857
373.938879318038,28640.1277701857
374,28640.1277701857
374.061120681962,28640.1277701857
374.122241363925,28640.1277701857
374.183362045887,28640.1277701857
374.283362045887,28640.1277701857
374.383362045887,28640.1277701857
374.483362045887,28640.1277701857
374.583362045887,28640.1277701857
374.683362045887,28640.1277701857
374.783362045887,28640.1277701857
374.883362045887,28640.1277701857
374.983362045887,28640.1277701857
375,28640.1277701857
375.016637954113,28640.1277701857
375.033275908226,28640.1277701857
375.049913862339,28640.1277701857
375.149913862339,28640.1277701857
375.249913862339,28640.1277701857
375.349913862339,28640.1277701857
375.449913862339,28640.1277701857
375.549913862339,28640.1277701857
375.649913862339,28640.1277701857
375.749913862339,28640.1277701857
375.849913862339,28640.1277701857
375.949913862339,28640.1277701857
376,28640.1277701857
376.050086137661,28640.1277701857
376.100172275322,28640.1277701857
376.150258412983,28640.1277701857
376.250258412983,28640.1277701857
376.350258412983,28640.1277701857
376.450258412983,28640.1277701857
376.550258412983,28640.1277701857
376.650258412983,28640.1277701857
376.750258412983,28640.1277701857
376.850258412983,28640.1277701857
376.950258412983,28640.1277701857
377,28640.1277701857
377.049741587017,28640.1277701857
377.099483174035,28640.1277701857
377.149224761052,28640.1277701857
377.249224761052,28640.1277701857
377.349224761052,28640.1277701857
377.449224761052,28640.1277701857
377.549224761052,28640.1277701857
377.649224761052,28640.1277701857
377.749224761052,28640.1277701857
377.849224761052,28640.1277701857
377.949224761052,28640.1277701857
378,28640.1277701857
378.000123100958,-189831.437122516
378.000246201915,-189828.783929213
378.000369302873,-189826.130735171
378.000492403831,-189823.477543227
378.000711239282,-189818.760978365
378.000930074734,-189814.044413997
378.001148910185,-189809.327848888
378.001367745637,-189804.61127825
378.001659491247,-189798.323270133
378.00174701493,-189796.436869226
378.001834538613,-189794.550461597
378.001922062296,-189792.664061576
378.00200958598,-189790.777653199
378.00216520449,-189787.423597391
378.002320823001,-189784.069538072
378.002476441511,-189780.715477572
378.002632060022,-189777.361415891
378.003050927669,-189768.33351254
378.003469795317,-189759.305600837
378.003888662965,-189750.277680574
378.004307530612,-189741.249751753
378.00472639826,-189732.221813539
378.005514117546,-189715.243921488
378.006301836833,-189698.265998234
378.007089556119,-189681.288044276
378.007877275405,-189664.310060945
378.008664994691,-189647.332046915
378.010431039483,-189609.26770023
378.012197084275,-189571.20320169
378.013963129067,-189533.138551146
378.015729173859,-189495.073748626
378.017495218651,-189457.008794163
378.020871446789,-189384.237867001
378.024247674928,-189311.466384699
378.027623903066,-189238.694347824
378.031000131204,-189165.921756283
378.034376359342,-189093.148610289
378.040154019514,-188968.612344082
378.045931679686,-188844.07445618
378.051709339858,-188719.534947545
378.05748700003,-188594.993819432
378.063264660201,-188470.451072857
378.073924827911,-188240.657168727
378.08458499562,-188010.857765328
378.09524516333,-187781.052869422
378.105905331039,-187551.242487765
378.116565498749,-187321.426627115
378.153022147725,-186535.439311208
378.189478796702,-185749.388264035
378.225935445679,-184963.27375585
378.262392094655,-184177.096056944
378.362392094655,-182020.301117493
378.462392094655,-179863.038344513
378.562392094655,-177705.313315691
378.662392094655,-175547.131608687
378.762392094655,-173388.49880119
378.862392094655,-171229.420470865
378.962392094656,-169069.902195388
379,-168257.639910555
379.000382110446,-119876.804888231
379.000764220891,-119872.40386672
379.001146331337,-119868.002840849
379.001528441782,-119863.601813049
379.003113567476,-119845.344792718
379.004698693169,-119827.087711925
379.006283818863,-119808.830569674
379.009220568085,-119775.005552807
379.012157317308,-119741.180326212
379.01509406653,-119707.354890368
379.018030815753,-119673.529245019
379.024007881121,-119604.684418026
379.029984946489,-119535.838724401
379.035962011857,-119466.99216463
379.041939077224,-119398.144739214
379.047916142592,-119329.296448657
379.058048722916,-119212.579866789
379.06818130324,-119095.860802583
379.078313883563,-118979.139258399
379.088446463887,-118862.415236685
379.141758497637,-118248.237277753
379.195070531386,-117633.991158918
379.248382565136,-117019.677236743
379.348382565136,-115867.196812863
379.448382565136,-114714.481434929
379.548382565136,-113561.533456027
379.648382565136,-112408.355229233
379.748382565136,-111254.949107635
379.848382565136,-110101.317444312
379.948382565136,-108947.462592347
380,-108351.785753123
380.000733936828,-152030.754419922
380.001467873656,-152014.87944853
380.002201810484,-151999.004456111
380.002935747312,-151983.129442667
380.004234754428,-151955.031938232
380.005533761544,-151926.93436799
380.00683276866,-151898.836731918
380.009432200411,-151842.610601162
380.012031632162,-151786.384206831
380.014631063912,-151730.157549186
380.017230495663,-151673.930628326
380.022533089219,-151559.232241128
380.027835682776,-151444.532759691
380.033138276332,-151329.832184807
380.038440869888,-151215.130517335
380.043743463444,-151100.427758027
380.053344357903,-150892.743765188
380.062945252362,-150685.056200809
380.07254614682,-150477.365069881
380.082147041279,-150269.670377282
380.091747935737,-150061.972128006
380.116217881646,-149532.592386468
380.140687827554,-149003.189654546
380.165157773462,-148473.764013963
380.18962771937,-147944.315546428
380.28962771937,-145780.41169435
380.38962771937,-143616.133559501
380.48962771937,-141451.486719558
380.58962771937,-139286.476752195
380.68962771937,-137121.109235088
380.78962771937,-134955.389745912
380.88962771937,-132789.323862344
380.98962771937,-130622.917162054
381,-130398.192094842
381.000558161577,-92939.0121869601
381.001116323155,-92932.5553736614
381.001674484732,-92926.0985544988
381.002232646309,-92919.6417294727
381.003898708525,-92900.3686514397
381.005564770741,-92881.0955210446
381.007230832956,-92861.8223385768
381.010454732449,-92824.5277826717
381.013678631941,-92787.2330314044
381.016902531433,-92749.938084817
381.020126430926,-92712.6429429884
381.027656949347,-92625.5266404974
381.035187467767,-92538.4092741663
381.042717986188,-92451.2908449929
381.050248504609,-92364.1713540297
381.05777902303,-92277.0508022341
381.071980298584,-92112.7533921274
381.086181574138,-91948.4522197009
381.100382849693,-91784.1472916877
381.114584125247,-91619.838614827
381.214584125247,-90462.7336212032
381.314584125247,-89305.4454303781
381.414584125247,-88147.9763954382
381.514584125247,-86990.3288694649
381.614584125247,-85832.5052055368
381.714584125247,-84674.5077567388
381.814584125247,-83516.3388761527
381.914584125247,-82358.000916857
382,-81368.4643002323
382.000881963086,-114120.467548032
382.001763926171,-114101.338060223
382.002645889257,-114082.208549645
382.003527852343,-114063.079016419
382.005061802352,-114029.808014219
382.006595752361,-113996.536943282
382.008129702371,-113963.265803529
382.00966365238,-113929.99459498
382.013670999195,-113843.075354785
382.017678346009,-113756.15564559
382.021685692824,-113669.23546768
382.025693039638,-113582.314821491
382.031696439109,-113452.098273268
382.037699838579,-113321.880676031
382.043703238049,-113191.662030996
382.04970663752,-113061.442339353
382.061639574633,-112802.601989549
382.073572511747,-112543.757518961
382.08550544886,-112284.908937085
382.097438385973,-112026.056253388
382.197438385973,-109856.66773432
382.297438385973,-107686.997399772
382.397438385973,-105517.050827421
382.497438385974,-103346.833594946
382.597438385974,-101176.351280021
382.697438385974,-99005.6094603215
382.797438385974,-96834.6137135221
382.897438385974,-94663.3696172983
382.997438385974,-92491.8827493252
383,-92436.2544975177
383.002561614026,-92380.6260901594
383.005123228053,-92324.997527345
383.007684842079,-92269.3688091682
383.033300982343,-91713.0731030997
383.058917122607,-91156.7619639298
383.08453326287,-90600.4354854103
383.110149403134,-90044.0937613059
383.210149403134,-87872.1090416075
383.310149403134,-85699.8989921657
383.410149403134,-83527.4691906546
383.510149403134,-81354.8252147502
383.610149403134,-79181.9726421254
383.710149403134,-77008.9170504574
383.810149403134,-74835.664017422
383.910149403134,-72662.2191206922
384,-70709.206862382
384.002032291645,-50398.6975138994
384.00406458329,-50375.0798027171
384.006096874935,-50351.4620494758
384.00812916658,-50327.8442541474
384.010161458225,-50304.2264167995
384.015411217707,-50243.2172792041
384.020660977188,-50182.207861576
384.025910736669,-50121.1981642797
384.031160496151,-50060.1881876309
384.038860248714,-49970.7051599471
384.046560001277,-49881.2215331514
384.05425975384,-49791.7373083324
384.061959506403,-49702.2524865644
384.081168402713,-49479.0083457405
384.100377299023,-49255.7605130028
384.119586195332,-49032.5090050276
384.219586195332,-47870.2205310146
384.319586195332,-46707.8352571713
384.419586195332,-45545.3555365774
384.519586195332,-44382.7837223148
384.619586195332,-43220.122167466
384.719586195333,-42057.3732251118
384.819586195333,-40894.539248334
384.919586195333,-39731.6225902152
385,-38796.4186797139
385.00184992227,-54361.4858627562
385.003699844541,-54321.2517062742
385.005549766811,-54281.0175021427
385.007399689082,-54240.7832503972
385.010760447358,-54167.6894659402
385.014121205635,-54094.5955246628
385.017481963911,-54021.5014267722
385.020842722188,-53948.4071725024
385.027425291698,-53805.2402172447
385.034007861208,-53662.0726644079
385.040590430719,-53518.9045155929
385.047173000229,-53375.7357723757
385.06028479521,-53090.5567365856
385.073396590191,-52805.3753613246
385.086508385172,-52520.1916591729
385.099620180154,-52235.0056427036
385.199620180154,-50059.8967018628
385.299620180154,-47884.6594533088
385.399620180154,-45709.2994747154
385.499620180154,-43533.8223437582
385.599620180154,-41358.2336381117
385.699620180154,-39182.5389354516
385.799620180154,-37006.7438134531
385.899620180154,-34830.8538497911
385.999620180154,-32654.8746221411
386,-32646.6096581221
386.000379819846,-23279.0083201427
386.000759639692,-23274.5877565985
386.001139459539,-23270.1671923952
386.001519279385,-23265.7466274741
386.002420774606,-23255.2544975948
386.003322269826,-23244.7623638712
386.004223765047,-23234.2702263377
386.005125260268,-23223.7780849875
386.006026755489,-23213.2859398308
386.009935504036,-23167.7935223731
386.013844252583,-23122.3010333766
386.01775300113,-23076.8084729755
386.021661749677,-23031.3158413105
386.029731907907,-22937.3897137235
386.037802066137,-22843.4632841927
386.045872224367,-22749.5365539547
386.053942382597,-22655.6095242471
386.062012540827,-22561.6821963039
386.081525149848,-22334.5767222339
386.101037758869,-22107.4695293699
386.12055036789,-21880.3606351936
386.140062976911,-21653.2500571871
386.240062976911,-20489.3072586953
386.340062976911,-19325.3230474475
386.440062976911,-18161.2997765251
386.540062976911,-16997.2397990096
386.640062976912,-15833.1454679829
386.740062976912,-14669.0191365268
386.840062976912,-13504.8631577228
386.940062976912,-12340.6798846528
387,-11642.8909823692
387.059937023088,-10945.0936267649
387.119874046177,-10247.2883245067
387.179811069265,-9549.47558226147
387.239748092354,-8851.65590669616
387.339748092354,-7687.38703999351
387.439748092354,-6523.1026370239
387.539748092354,-5358.80505086908
387.639748092354,-4194.49663461074
387.739748092354,-3030.17974133062
387.839748092354,-1865.85672411043
387.939748092354,-701.5299360319
387.999999999996,-4.23580173907103e-08
388,0
388.060251907646,0
388.120503815292,0
388.180755722938,0
388.280755722938,0
388.380755722938,0
388.480755722939,0
388.580755722939,0
388.680755722939,0
388.780755722939,0
388.880755722939,0
388.980755722939,0
389,0
389.019244277061,0
389.038488554123,0
389.138488554123,0
389.238488554123,0
389.338488554123,0
389.438488554123,0
389.538488554123,0
389.638488554123,0
389.738488554123,0
389.838488554123,0
389.938488554123,0
390,0
390.061511445877,0
390.123022891754,0
390.223022891754,0
390.323022891754,0
390.423022891754,0
390.523022891754,0
390.623022891754,0
390.723022891754,0
390.823022891754,0
390.923022891754,0
391,0
391.076977108246,0
391.153954216491,0
391.253954216491,0
391.353954216492,0
391.453954216492,0
391.553954216492,0
391.653954216492,0
391.753954216492,0
391.853954216492,0
391.953954216492,0
392,0
392.046045783508,0
392.092091567017,0
392.192091567017,0
392.292091567017,0
392.392091567017,0
392.492091567017,0
392.592091567017,0
392.692091567017,0
392.792091567017,0
392.892091567017,0
392.992091567017,0
393,0
393.007908432983,0
393.015816865966,0
393.094901195797,0
393.173985525628,0
393.253069855458,0
393.353069855458,0
393.453069855458,0
393.553069855458,0
393.653069855458,0
393.753069855458,0
393.853069855458,0
393.953069855458,0
394,0
394.046930144542,0
394.093860289083,0
394.193860289083,0
394.293860289083,0
394.393860289083,0
394.493860289083,0
394.593860289083,0
394.693860289083,0
394.793860289083,0
394.893860289083,0
394.993860289083,0
395,0
395.006139710917,0
395.012279421833,0
395.073676531001,0
395.135073640168,0
395.196470749335,0
395.296470749335,0
395.396470749335,0
395.496470749335,0
395.596470749335,0
395.696470749335,0
395.796470749335,0
395.896470749335,0
395.996470749335,0
396,0
396.003529250665,0
396.007058501329,0
396.042351007975,0
396.07764351462,0
396.112936021265,0
396.212936021265,0
396.312936021265,0
396.412936021265,0
396.512936021265,0
396.612936021265,0
396.712936021265,0
396.812936021266,0
396.912936021266,0
397,0
397.000000000004,6.492094432474e-08
397.011597900184,206.96839494666
397.023195800365,413.936793811605
397.034793700545,620.905200642959
397.046391600726,827.873619423928
397.08885751149,1585.69220667211
397.131323422255,2343.51120305806
397.17378933302,3101.3308041129
397.27378933302,4885.87063334861
397.37378933302,6670.41745312984
397.47378933302,8454.97381671367
397.57378933302,10239.5422773572
397.67378933302,12024.1253883174
397.77378933302,13808.7257028514
397.87378933302,15593.3457742164
397.97378933302,17377.9881556693
398,17845.7588356583
398.02621066698,18313.5312697327
398.05242133396,18781.3055038679
398.07863200094,19249.0815840399
398.10484266792,19716.8595562243
398.20484266792,21501.5632509359
398.30484266792,23286.2977083782
398.40484266792,25071.0654818082
398.50484266792,26855.869124483
398.60484266792,28640.7111896598
398.70484266792,30425.5942305954
398.80484266792,32210.5208005471
398.90484266792,33995.493452772
399,35694.070928392
399.09515733208,37392.6946430783
399.19031466416,39091.3667968237
399.28547199624,40790.0895896214
399.38547199624,42575.3193533174
399.48547199624,44360.6100242459
399.58547199624,46145.9641556641
399.68547199624,47931.3843008289
399.785471996241,49716.8730129973
399.885471996241,51502.4328454268
399.985471996241,53288.0663513741
400,53547.4895352752
400.014528003759,53806.9143358726
400.029056007519,54066.340760991
400.043584011278,54325.7688184593
400.143584011278,56111.5240210905
400.243584011278,57897.3594875016
400.343584011278,59683.2777709509
400.443584011278,61469.2814246959
400.543584011278,63255.3730019931
400.643584011278,65041.5550560995
400.743584011278,66827.830140273
400.843584011278,68614.2008077699
400.943584011279,70400.6696118473
401,71408.5679133863
401.00136665394,51100.8144688586
401.00273330788,51112.4637565243
401.004099961819,51124.1130527193
401.005466615759,51135.7623573504
401.0079151888,51156.6339192818
401.010363761841,51177.505508451
401.012812334882,51198.3771248816
401.015260907922,51219.2487685846
401.021164801865,51269.5736899003
401.027068695808,51319.8987699918
401.03297258975,51370.2240090183
401.038876483693,51420.5494071186
401.044780377636,51470.8749644652
401.056593627915,51571.5731200261
401.068406878195,51672.2719150128
401.080220128474,51772.9713506637
401.092033378754,51873.6714282372
401.103846629033,51974.3721489693
401.145177143727,52326.694543267
401.186507658421,52679.0248789583
401.227838173115,53031.363209456
401.269168687808,53383.7095881714
401.369168687808,54236.2522588273
401.469168687808,55088.8431135567
401.569168687808,55941.4829088812
401.669168687808,56794.172401321
401.769168687808,57646.9123473968
401.869168687808,58499.7035036292
401.969168687809,59352.5466265387
402,59615.4999505684
402.001185091743,83342.6511085465
402.002370183486,83363.8324388334
402.003555275229,83385.0137858949
402.004740366972,83406.1951497035
402.006840000069,83443.7223213526
402.008939633166,83481.2495455922
402.011039266263,83518.7768224601
402.01313889936,83556.3041519619
402.017998250398,83643.1568941022
402.022857601436,83730.0099186592
402.027716952474,83816.8632259671
402.032576303513,83903.7168162876
402.040517371997,84045.6520803665
402.048458440481,84187.5881023382
402.056399508965,84329.5248835011
402.064340577449,84471.4624251193
402.089185902346,84915.5491949846
402.114031227243,85359.6434605554
402.13887655214,85803.7452609834
402.23887655214,87591.2885143839
402.33887655214,89378.9570189141
402.43887655214,91166.7533278292
402.53887655214,92954.6799943885
402.63887655214,94742.7395718492
402.73887655214,96530.9346134659
402.83887655214,98319.267672498
402.93887655214,100107.741302203
403,101200.988363042
403.06112344786,102294.289479133
403.122246895719,103387.645233544
403.183370343579,104481.05620934
403.283370343579,106270.0336447
403.383370343579,108059.162999802
403.483370343579,109848.4468279
403.583370343579,111637.887682254
403.683370343579,113427.488116122
403.783370343579,115217.250682756
403.883370343579,117007.177935418
403.983370343579,118797.272427364
404,119094.975387899
404.016629656421,119392.683055713
404.033259312842,119690.395442548
404.049888969263,119988.112560144
404.149888969263,121778.491202365
404.249888969263,123569.043888772
404.349888969263,125359.773172627
404.449888969263,127150.681607186
404.549888969263,128941.771745702
404.649888969263,130733.046141438
404.749888969263,132524.507347649
404.849888969263,134316.157917589
404.949888969263,136108.000404519
405,137005.984126594
405.050111030737,137904.017003677
405.100222061474,138802.099357063
405.150333092211,139700.231508034
405.250333092211,141492.665957532
405.350333092211,143285.302548388
405.450333092211,145078.143833859
405.550333092211,146871.192367198
405.650333092211,148664.450701665
405.750333092212,150457.921390519
405.850333092212,152251.606987013
405.950333092212,154045.510044406
406,154936.567836199
406.049666907788,155827.680213938
406.099333815577,156718.847490456
406.149000723365,157610.06997856
406.249000723365,159404.637721975
406.349000723365,161199.433105294
406.449000723365,162994.45868178
406.549000723365,164789.71700469
406.649000723365,166585.210627277
406.749000723365,168380.942102803
406.849000723365,170176.913984523
406.949000723365,171973.128825692
407,172889.279773788
407.00021667828,74679.3969947817
407.000433356561,74679.9607142733
407.000650034841,74680.5244338937
407.000866713121,74681.0881550925
407.001846447931,74683.6370766413
407.00282618274,74686.1860020744
407.00380591755,74688.7349301401
407.005983079978,74694.3991564066
407.008160242407,74700.0633958304
407.010337404835,74705.7276479682
407.012514567264,74711.3919133984
407.015825743253,74720.0065362723
407.019136919243,74728.6211893352
407.022448095232,74737.2358724853
407.025759271221,74745.8505857259
407.029070447211,74754.4653291553
407.035087965528,74770.121286681
407.041105483846,74785.777343721
407.047123002163,74801.4335002049
407.053140520481,74817.0897562058
407.059158038798,74832.7461115874
407.070730957655,74862.8567659752
407.082303876512,74892.9677885454
407.093876795369,74923.0791794798
407.105449714226,74953.1909388434
407.117022633083,74983.3030668645
407.204185506986,75210.1081527332
407.291348380888,75436.9342202122
407.37851125479,75663.7813319267
407.465674128693,75890.6495505093
407.552837002595,76117.5389385709
407.652837002595,76377.8701745782
407.752837002595,76638.229451816
407.852837002595,76898.6168648501
407.952837002595,77159.032508236
408,77281.8621552559
408.000502970948,24407.0602867642
408.001005941896,24407.0602867642
408.001508912844,24407.0602867642
408.002011883792,24407.0602867642
408.003438856121,24407.0602867642
408.00486582845,24407.0602867642
408.006292800778,24407.0602867642
408.009085250479,24407.0602867642
408.011877700179,24407.0602867642
408.014670149879,24407.0602867642
408.017462599579,24407.0602867642
408.021824245001,24407.0602867642
408.026185890422,24407.0602867642
408.030547535844,24407.0602867642
408.034909181266,24407.0602867642
408.041519073307,24407.0602867642
408.048128965349,24407.0602867642
408.054738857391,24407.0602867642
408.061348749433,24407.0602867642
408.073498051236,24407.0602867642
408.08564735304,24407.0602867642
408.097796654843,24407.0602867642
408.109945956647,24407.0602867642
408.209945956647,24407.0602867642
408.309945956647,24407.0602867642
408.409945956647,24407.0602867642
408.509945956647,24407.0602867642
408.609945956647,24407.0602867642
408.709945956647,24407.0602867642
408.809945956647,24407.0602867642
408.909945956647,24407.0602867642
409,24407.0602867642
409.090054043353,24407.0602867642
409.180108086706,24407.0602867642
409.270162130059,24407.0602867642
409.370162130059,24407.0602867642
409.470162130059,24407.0602867642
409.570162130059,24407.0602867642
409.670162130059,24407.0602867642
409.770162130059,24407.0602867642
409.870162130059,24407.0602867642
409.970162130059,24407.0602867642
410,24407.0602867642
410.029837869941,24407.0602867642
410.059675739882,24407.0602867642
410.089513609822,24407.0602867642
410.189513609822,24407.0602867642
410.289513609823,24407.0602867642
410.389513609823,24407.0602867642
410.489513609823,24407.0602867642
410.589513609823,24407.0602867642
410.689513609823,24407.0602867642
410.789513609823,24407.0602867642
410.889513609823,24407.0602867642
410.989513609823,24407.0602867642
411,24407.0602867642
411.010486390177,24407.0602867642
411.020972780355,24407.0602867642
411.031459170532,24407.0602867642
411.131459170532,24407.0602867642
411.231459170532,24407.0602867642
411.331459170532,24407.0602867642
411.431459170532,24407.0602867642
411.531459170532,24407.0602867642
411.631459170532,24407.0602867642
411.731459170532,24407.0602867642
411.831459170532,24407.0602867642
411.931459170532,24407.0602867642
412,24407.0602867642
412.068540829468,24407.0602867642
412.137081658936,24407.0602867642
412.205622488403,24407.0602867642
412.305622488403,24407.0602867642
412.405622488403,24407.0602867642
412.505622488403,24407.0602867642
412.605622488403,24407.0602867642
412.705622488403,24407.0602867642
412.805622488404,24407.0602867642
412.905622488404,24407.0602867642
413,24407.0602867642
413.094377511596,24407.0602867642
413.188755023193,24407.0602867642
413.283132534789,24407.0602867642
413.383132534789,24407.0602867642
413.483132534789,24407.0602867642
413.583132534789,24407.0602867642
413.683132534789,24407.0602867642
413.78313253479,24407.0602867642
413.88313253479,24407.0602867642
413.98313253479,24407.0602867642
414,24407.0602867642
414.01686746521,24407.0602867642
414.033734930421,24407.0602867642
414.050602395631,24407.0602867642
414.150602395631,24407.0602867642
414.250602395631,24407.0602867642
414.350602395631,24407.0602867642
414.450602395631,24407.0602867642
414.550602395631,24407.0602867642
414.650602395631,24407.0602867642
414.750602395632,24407.0602867642
414.850602395632,24407.0602867642
414.950602395632,24407.0602867642
415,24407.0602867642
415.049397604368,24407.0602867642
415.098795208737,24407.0602867642
415.148192813105,24407.0602867642
415.248192813105,24407.0602867642
415.348192813105,24407.0602867642
415.448192813105,24407.0602867642
415.548192813105,24407.0602867642
415.648192813105,24407.0602867642
415.748192813105,24407.0602867642
415.848192813105,24407.0602867642
415.948192813105,24407.0602867642
416,24407.0602867642
416.051807186895,24407.0602867642
416.103614373789,24407.0602867642
416.155421560684,24407.0602867642
416.255421560684,24407.0602867642
416.355421560684,24407.0602867642
416.455421560684,24407.0602867642
416.555421560684,24407.0602867642
416.655421560684,24407.0602867642
416.755421560684,24407.0602867642
416.855421560684,24407.0602867642
416.955421560684,24407.0602867642
417,24407.0602867642
417.044578439316,24407.0602867642
417.089156878633,24407.0602867642
417.133735317949,24407.0602867642
417.233735317949,24407.0602867642
417.333735317949,24407.0602867642
417.433735317949,24407.0602867642
417.533735317949,24407.0602867642
417.633735317949,24407.0602867642
417.733735317949,24407.0602867642
417.833735317949,24407.0602867642
417.933735317949,24407.0602867642
418,24407.0602867642
418.066264682051,24407.0602867642
418.132529364102,24407.0602867642
418.198794046153,24407.0602867642
418.298794046153,24407.0602867642
418.398794046153,24407.0602867642
418.498794046153,24407.0602867642
418.598794046153,24407.0602867642
418.698794046153,24407.0602867642
418.798794046153,24407.0602867642
418.898794046153,24407.0602867642
418.998794046153,24407.0602867642
419,24407.0602867642
419.001205953847,24407.0602867642
419.002411907694,24407.0602867642
419.003617861541,24407.0602867642
419.015677400011,24407.0602867642
419.027736938482,24407.0602867642
419.039796476952,24407.0602867642
419.051856015422,24407.0602867642
419.151856015422,24407.0602867642
419.251856015423,24407.0602867642
419.351856015423,24407.0602867642
419.451856015423,24407.0602867642
419.551856015423,24407.0602867642
419.651856015423,24407.0602867642
419.751856015423,24407.0602867642
419.851856015423,24407.0602867642
419.951856015423,24407.0602867642
420,24407.0602867642
420.048143984577,24407.0602867642
420.096287969155,24407.0602867642
420.144431953732,24407.0602867642
420.244431953732,24407.0602867642
420.344431953732,24407.0602867642
420.444431953732,24407.0602867642
420.544431953732,24407.0602867642
420.644431953732,24407.0602867642
420.744431953732,24407.0602867642
420.844431953732,24407.0602867642
420.944431953732,24407.0602867642
421,24407.0602867642
421.055568046268,24407.0602867642
421.111136092536,24407.0602867642
421.166704138803,24407.0602867642
421.266704138803,24407.0602867642
421.366704138803,24407.0602867642
421.466704138803,24407.0602867642
421.566704138804,24407.0602867642
421.666704138804,24407.0602867642
421.766704138804,24407.0602867642
421.866704138804,24407.0602867642
421.966704138804,24407.0602867642
422,24407.0602867642
422.000096964411,-162854.459848352
422.000193928822,-162852.364486198
422.000290893233,-162850.269120562
422.000387857644,-162848.173751445
422.000584462426,-162843.925193682
422.000781067207,-162839.676633798
422.000977671989,-162835.428069251
422.001174276771,-162831.179504611
422.001582965042,-162822.347879912
422.001705571523,-162819.698393009
422.001828178005,-162817.048901303
422.001950784486,-162814.399413853
422.002073390968,-162811.74992089
422.002235453893,-162808.247789049
422.002397516818,-162804.745654151
422.002559579743,-162801.243516308
422.002721642669,-162797.74138106
422.003160314302,-162788.261796749
422.003598985935,-162778.782204151
422.004037657568,-162769.302604871
422.004476329202,-162759.822996181
422.005180815693,-162744.599164783
422.005885302185,-162729.375312214
422.006589788676,-162714.151438899
422.007294275167,-162698.92754484
422.008550761085,-162671.774938084
422.009807247002,-162644.622264984
422.01106373292,-162617.469526403
422.012320218837,-162590.3167214
422.014580200355,-162541.47809575
422.016840181873,-162492.63925679
422.019100163391,-162443.80020478
422.02136014491,-162394.96093939
422.024663522141,-162323.573017959
422.027966899373,-162252.184641525
422.031270276605,-162180.795810304
422.034573653836,-162109.406524586
422.037877031068,-162038.016784303
422.044337036572,-161898.407403529
422.050797042075,-161758.796287325
422.057257047579,-161619.183437201
422.063717053082,-161479.568854662
422.070177058586,-161339.952541258
422.083488631127,-161052.251872547
422.096800203668,-160764.543873721
422.110111776209,-160476.828557967
422.123423348751,-160189.105938375
422.223423348751,-158027.426488833
422.323423348751,-155865.34117548
422.423423348751,-153702.855575994
422.523423348751,-151539.975268047
422.623423348751,-149376.705829315
422.723423348751,-147213.052837473
422.823423348751,-145049.021870197
422.923423348751,-142884.618505162
423,-141226.942593649
423.000525020011,-100647.092672073
423.001050040021,-100641.026103689
423.001575060032,-100634.959529684
423.002100080042,-100628.892950307
423.003714544507,-100610.237859758
423.005329008972,-100591.582716308
423.006943473437,-100572.927519735
423.010063730496,-100536.872683597
423.013183987554,-100500.81764907
423.016304244613,-100464.762416379
423.019424501671,-100428.70698547
423.025816900225,-100354.840438505
423.032209298778,-100280.973060708
423.038601697331,-100207.10485268
423.044994095885,-100133.235815033
423.051386494438,-100059.365948383
423.062723916002,-99928.3498932802
423.074061337567,-99797.3312358612
423.085398759131,-99666.3099795142
423.096736180695,-99535.2861277135
423.10807360226,-99404.2596838543
423.152025537324,-98896.283263411
423.195977472388,-98388.2681386596
423.239929407452,-97880.2145093843
423.283881342516,-97372.1225753739
423.32783327758,-96863.9925364169
423.42783327758,-95707.7477138162
423.52783327758,-94551.3090247333
423.62783327758,-93394.6788222509
423.72783327758,-92237.859459447
423.82783327758,-91080.853289407
423.92783327758,-89923.6626652126
424,-89088.4428563227
424.000786817495,-124963.582105357
424.001573634991,-124946.528363481
424.002360452486,-124929.474601464
424.003147269981,-124912.420819746
424.004550331933,-124882.010272031
424.005953393884,-124851.599661216
424.007356455835,-124821.188987412
424.009871672207,-124766.67275856
424.012386888579,-124712.156327306
424.014902104951,-124657.639693549
424.017417321324,-124603.122857376
424.023023037336,-124481.619302161
424.028628753348,-124360.114743122
424.03423446936,-124238.60918128
424.039840185372,-124117.102617597
424.045445901385,-123995.595053117
424.055778974102,-123771.616317677
424.06611204682,-123547.634191112
424.076445119537,-123323.648679532
424.086778192255,-123099.659789136
424.097111264972,-122875.667526033
424.157674893953,-121562.749087109
424.218238522933,-120249.716236755
424.278802151913,-118936.570214017
424.339365780893,-117623.312257952
424.439365780893,-115454.676798712
424.539365780893,-113285.745129544
424.639365780893,-111116.522828126
424.739365780893,-108947.015472128
424.839365780893,-106777.22863923
424.939365780893,-104607.167907105
425,-103291.23749995
425.000956057171,-73630.0785129119
425.001912114343,-73618.9919666103
425.002868171514,-73607.9054068892
425.003824228686,-73596.8188333541
425.005591890962,-73576.3207372
425.007359553239,-73555.8225943781
425.009127215515,-73535.3244051517
425.01263306471,-73494.6696915638
425.016138913904,-73454.0147952039
425.019644763098,-73413.3597161401
425.023150612292,-73372.7044544738
425.030721575867,-73284.907840738
425.038292539442,-73197.1103769205
425.045863503017,-73109.312064044
425.053434466592,-73021.5129031297
425.061005430167,-72933.7128951986
425.077619969401,-72741.0321218801
425.094234508635,-72548.3472851526
425.110849047869,-72355.6583958146
425.127463587102,-72162.9654646411
425.227463587102,-71003.0957165182
425.327463587102,-69843.0822922904
425.427463587102,-68682.9275450404
425.527463587102,-67522.6338278472
425.627463587102,-66362.2034937951
425.727463587102,-65201.6388959658
425.827463587102,-64040.9423874386
425.927463587103,-62880.1163212977
426,-62038.0149988106
426.000891693465,-86987.127801386
426.001783386931,-86967.7585193023
426.002675080396,-86948.3892195764
426.003566773862,-86929.0199019437
426.005259026401,-86892.2608345034
426.006951278941,-86855.5017032261
426.00864353148,-86818.7425081212
426.01033578402,-86781.9832493569
426.014795291801,-86685.113123123
426.019254799583,-86588.2425548155
426.023714307364,-86491.371544982
426.028173815145,-86394.5000940458
426.035105586921,-86243.924128734
426.042037358696,-86093.3471008051
426.048969130472,-85942.7690121252
426.055900902248,-85792.1898645635
426.072110577693,-85440.0623322982
426.088320253139,-85087.9290435162
426.104529928584,-84735.7900219462
426.204529928584,-82563.2644803134
426.304529928584,-80390.5272396857
426.404529928585,-78217.583877741
426.504529928585,-76044.4399721535
426.604529928585,-73871.1011005994
426.704529928585,-71697.5728407536
426.804529928585,-69523.8607702916
426.904529928585,-67349.9704668875
427,-65274.3946624792
427.095470071415,-63198.6663443309
427.190940142831,-61122.7903659431
427.286410214246,-59046.7715808135
427.386410214246,-56872.1006060716
427.486410214246,-54697.2838537807
427.586410214246,-52522.3269016155
427.686410214246,-50347.2353272519
427.786410214246,-48172.0147083648
427.886410214246,-45996.6706226297
427.986410214246,-43821.208647721
428,-43525.559233635
428.001790465326,-31020.4862752733
428.003580930652,-30999.6543302961
428.005371395977,-30978.8223652077
428.007161861303,-30957.9903800552
428.010641110766,-30917.509408553
428.014120360228,-30877.028361398
428.01759960969,-30836.5472386751
428.021078859152,-30796.0660405007
428.028197430908,-30713.2409560313
428.035316002665,-30630.4155569459
428.042434574421,-30547.5898441033
428.049553146177,-30464.7638183439
428.062381544762,-30315.5020123457
428.075209943348,-30166.2391978609
428.088038341933,-30016.975379855
428.100866740519,-29867.7105633002
428.199136519508,-28724.2600743427
428.297406298497,-27580.7535142389
428.395676077486,-26437.1931160307
428.495676077486,-25273.445261791
428.595676077486,-24109.6463223687
428.695676077486,-22945.7986508452
428.795676077486,-21781.9046003026
428.895676077486,-20617.9665238225
428.995676077486,-19453.9867744864
429,-19403.6562882839
429.001529659575,-27173.0182594455
429.00305931915,-27139.7295683978
429.004588978726,-27106.4408610681
429.006118638301,-27073.1521374887
429.009351854175,-27002.7902655125
429.01258507005,-26932.4283211967
429.015818285924,-26862.0663047288
429.019051501799,-26791.7042163028
429.025363482716,-26654.3410321438
429.031675463632,-26516.9775758453
429.037987444549,-26379.6138488098
429.044299425466,-26242.249852439
429.057511714709,-25954.7175642324
429.070724003952,-25667.1841149408
429.083936293195,-25379.6495174309
429.097148582438,-25092.1137845651
429.182747501936,-23229.219370831
429.268346421433,-21366.2813399788
429.353945340931,-19503.3031903169
429.453945340931,-17326.8532433868
429.553945340931,-15150.3588951135
429.653945340931,-12973.8257231722
429.753945340931,-10797.259305238
429.853945340931,-8620.6652189862
429.953945340931,-6444.04904209194
430,-5441.60999154019
430.003219111037,-757.573109557859
430.006438222075,-755.126614227184
430.009657333112,-752.680117999397
430.012876444149,-750.233620877116
430.016095555186,-747.787122863248
430.020632361175,-744.339185974207
430.025169167165,-740.891247328198
430.029705973154,-737.443306933606
430.034242779143,-733.995364798502
430.038779585132,-730.547420931091
430.043316391121,-727.099475339311
430.051243646563,-721.074804197623
430.059170902004,-715.050127859854
430.067098157445,-709.025446369409
430.075025412887,-703.000759769815
430.082952668328,-696.976068104375
430.090879923769,-690.951371416543
430.10981916388,-676.557570540853
430.128758403991,-662.163741837532
430.147697644101,-647.769885898603
430.166636884212,-633.376003316127
430.185576124323,-618.982094682159
430.241424139957,-576.537202773228
430.29727215559,-534.092104664726
430.353120171224,-491.646815537517
430.408968186858,-449.201350572465
430.508968186858,-373.199216809996
430.608968186858,-297.196655107533
430.708968186858,-221.193752616251
430.808968186858,-145.190596487325
430.908968186858,-69.1872738719295
430.999999999996,-2.7649880546378e-09
431,0
431.091031813142,0
431.182063626283,0
431.273095439425,0
431.373095439425,0
431.473095439425,0
431.573095439425,0
431.673095439425,0
431.773095439425,0
431.873095439425,0
431.973095439425,0
432,0
432.026904560575,0
432.05380912115,0
432.15380912115,0
432.25380912115,0
432.35380912115,0
432.45380912115,0
432.55380912115,0
432.65380912115,0
432.75380912115,0
432.85380912115,0
432.95380912115,0
433,0
433.04619087885,0
433.0923817577,0
433.1923817577,0
433.2923817577,0
433.3923817577,0
433.492381757701,0
433.592381757701,0
433.692381757701,0
433.792381757701,0
433.892381757701,0
433.992381757701,0
434,0
434.007618242299,0
434.015236484599,0
434.091418907592,0
434.167601330586,0
434.24378375358,0
434.34378375358,0
434.44378375358,0
434.54378375358,0
434.64378375358,0
434.74378375358,0
434.84378375358,0
434.94378375358,0
435,0
435.05621624642,0
435.11243249284,0
435.21243249284,0
435.31243249284,0
435.41243249284,0
435.51243249284,0
435.61243249284,0
435.71243249284,0
435.81243249284,0
435.91243249284,0
436,0
436.08756750716,0
436.17513501432,0
436.27513501432,0
436.37513501432,0
436.47513501432,0
436.57513501432,0
436.67513501432,0
436.77513501432,0
436.87513501432,0
436.97513501432,0
437,0
437.02486498568,0
437.04972997136,0
437.14972997136,0
437.24972997136,0
437.34972997136,0
437.44972997136,0
437.54972997136,0
437.64972997136,0
437.74972997136,0
437.84972997136,0
437.94972997136,0
438,0
438.05027002864,0
438.10054005728,0
438.20054005728,0
438.30054005728,0
438.40054005728,0
438.50054005728,0
438.60054005728,0
438.70054005728,0
438.80054005728,0
438.90054005728,0
439,0
439.09945994272,0
439.198919885439,0
439.298919885439,0
439.398919885439,0
439.498919885439,0
439.598919885439,0
439.69891988544,0
439.79891988544,0
439.89891988544,0
439.99891988544,0
440,0
440.00108011456,0
440.002160229121,0
440.012961374725,0
440.023762520329,0
440.034563665933,0
440.134563665933,0
440.234563665933,0
440.334563665933,0
440.434563665933,0
440.534563665933,0
440.634563665933,0
440.734563665933,0
440.834563665933,0
440.934563665933,0
441,0
441.065436334067,0
441.130872668133,0
441.230872668133,0
441.330872668133,0
441.430872668133,0
441.530872668133,0
441.630872668134,0
441.730872668134,0
441.830872668134,0
441.930872668134,0
442,0
442.069127331866,0
442.138254663733,0
442.238254663733,0
442.338254663733,0
442.438254663733,0
442.538254663733,0
442.638254663733,0
442.738254663733,0
442.838254663733,0
442.938254663733,0
443,0
443.061745336267,0
443.123490672534,0
443.223490672534,0
443.323490672534,0
443.423490672534,0
443.523490672534,0
443.623490672534,0
443.723490672534,0
443.823490672534,0
443.923490672534,0
444,0
444.076509327466,0
444.153018654932,0
444.253018654932,0
444.353018654932,0
444.453018654932,0
444.553018654932,0
444.653018654932,0
444.753018654932,0
444.853018654932,0
444.953018654932,0
445,0
445.046981345068,0
445.093962690136,0
445.193962690136,0
445.293962690136,0
445.393962690136,0
445.493962690136,0
445.593962690136,0
445.693962690136,0
445.793962690136,0
445.893962690137,0
445.993962690137,0
446,0
446.006037309863,0
446.012074619727,0
446.072447718362,0
446.132820816996,0
446.193193915631,0
446.293193915631,0
446.393193915631,0
446.493193915631,0
446.593193915631,0
446.693193915631,0
446.793193915631,0
446.893193915631,0
446.993193915631,0
447,0
447.006806084369,0
447.013612168737,0
447.081673012424,0
447.149733856111,0
447.217794699798,0
447.317794699798,0
447.417794699798,0
447.517794699798,0
447.617794699798,0
447.717794699798,0
447.817794699798,0
447.917794699798,0
448,0
448.082205300202,0
448.164410600403,0
448.264410600403,0
448.364410600404,0
448.464410600404,0
448.564410600404,0
448.664410600404,0
448.764410600404,0
448.864410600404,0
448.964410600404,0
449,0
449.035589399596,0
449.071178799193,0
449.171178799193,0
449.271178799193,0
449.371178799193,0
449.471178799193,0
449.571178799193,0
449.671178799193,0
449.771178799193,0
449.871178799193,0
449.971178799193,0
450,0
450.028821200807,0
450.057642401614,0
450.157642401614,0
450.257642401614,0
450.357642401614,0
450.457642401614,0
450.557642401614,0
450.657642401614,0
450.757642401614,0
450.857642401614,0
450.957642401614,0
451,0
451.042357598386,0
451.084715196771,0
451.184715196771,0
451.284715196771,0
451.384715196771,0
451.484715196771,0
451.584715196771,0
451.684715196771,0
451.784715196771,0
451.884715196771,0
451.984715196771,0
452,0
452.015284803229,0
452.030569606457,0
452.130569606457,0
452.230569606457,0
452.330569606457,0
452.430569606457,0
452.530569606457,0
452.630569606457,0
452.730569606457,0
452.830569606457,0
452.930569606457,0
453,0
453.069430393543,0
453.138860787085,0
453.238860787085,0
453.338860787085,0
453.438860787085,0
453.538860787085,0
453.638860787085,0
453.738860787085,0
453.838860787085,0
453.938860787085,0
454,0
454.061139212915,0
454.122278425829,0
454.222278425829,0
454.322278425829,0
454.422278425829,0
454.522278425829,0
454.622278425829,0
454.722278425829,0
454.822278425829,0
454.92227842583,0
455,0
455.000000000004,6.492094432474e-08
455.011172257785,199.372664399062
455.022344515566,398.745332293755
455.033516773348,598.118007309553
455.044689031129,797.490693007009
455.085463824368,1525.13069596019
455.126238617607,2252.77106170763
455.167013410846,2980.41196333848
455.267013410846,4764.95141126503
455.367013410846,6549.49767673038
455.467013410846,8334.05331299161
455.567013410846,10118.6208733058
455.667013410846,11903.20291093
455.767013410846,13687.8019791213
455.867013410846,15472.4206311368
455.967013410846,17257.0614202336
456,17845.7588356584
456.032986589154,18434.4590293207
456.065973178308,19023.162092865
456.098959767462,19611.8681179359
456.131946356616,20200.5771961781
456.231946356617,21985.2889764935
456.331946356617,23770.0322115663
456.431946356617,25554.8094546537
456.531946356617,27339.6232590129
456.631946356617,29124.4761779007
456.731946356617,30909.3707645743
456.831946356617,32694.309572291
456.931946356617,34479.2951543074
457,35694.070928392
457.068053643383,36908.8703522675
457.136107286767,38123.6942306606
457.20416093015,39338.5433682991
457.272214573533,40553.4185699097
457.372214573533,42338.6404505625
457.472214573533,44123.9228999514
457.572214573533,45909.2684713343
457.672214573533,47694.6797179675
457.772214573533,49480.1591931082
457.872214573533,51265.7094500141
457.972214573534,53051.3330419416
458,53547.4895352758
458.027785426466,54043.6519421841
458.055570852933,54539.8203174345
458.083356279399,55035.9947157974
458.111141705866,55532.1751920458
458.211141705866,57317.9843392332
458.311141705866,59103.8754751243
458.411141705866,60889.851152975
458.511141705866,62675.9139260423
458.611141705866,64462.0663475842
458.711141705866,66248.310970857
458.811141705866,68034.6503491177
458.911141705866,69821.0870356242
459,71408.5679133862
459.001008253751,51097.7594855333
459.002016507503,51106.3537860431
459.003024761254,51114.9480911689
459.004033015006,51123.5424009113
459.006017202589,51140.455540329
459.008001390172,51157.3686976564
459.009985577755,51174.2818728454
459.013861338195,51207.3188288226
459.017737098634,51240.3558531416
459.021612859074,51273.3929458466
459.025488619514,51306.4301069902
459.034189366635,51380.5959270826
459.042890113756,51454.7620927601
459.051590860877,51528.9286045267
459.060291607999,51603.0954628694
459.06899235512,51677.2626682904
459.0930813834,51882.6049997266
459.117170411681,52087.9500059945
459.141259439961,52293.2976976682
459.165348468242,52498.6480853225
459.265348468242,53351.1415315906
459.365348468242,54203.6823765115
459.465348468242,55056.2713766051
459.565348468242,55908.9092883931
459.665348468242,56761.5968683957
459.765348468242,57614.3348731334
459.865348468242,58467.124059127
459.965348468242,59319.9651828971
460,59615.4999505685
460.000873662664,83337.0848906268
460.001747325328,83352.6999953371
460.002620987992,83368.3151091889
460.003494650656,83383.9302321839
460.005192119227,83414.2694056976
460.006889587797,83444.6086135794
460.008587056368,83474.9478558891
460.010284524939,83505.287132572
460.014827363862,83586.4825884269
460.019370202786,83667.6782909671
460.02391304171,83748.8742404183
460.028455880633,83830.0704370448
460.035556895125,83956.990548099
460.042657909616,84083.9112645406
460.049758924108,84210.8325873018
460.0568599386,84337.7545172754
460.074331031061,84650.0314705128
460.091802123521,84962.3121186614
460.109273215982,85274.5964753408
460.209273215982,87062.1031400302
460.309273215982,88849.7343000005
460.409273215982,90637.4925085087
460.509273215982,92425.3803188095
460.609273215982,94213.4002841623
460.709273215982,96001.5549578244
460.809273215983,97789.8468930501
460.909273215983,99578.2786430992
461,101200.988363043
461.090726784017,102823.817177906
461.181453568035,104446.766994474
461.272180352052,106069.839719529
461.372180352052,107858.951947956
461.472180352052,109648.218363669
461.572180352052,111437.64151993
461.672180352053,113227.223969994
461.772180352053,115016.968267116
461.872180352053,116806.876964556
461.972180352053,118596.952615572
462,119094.9753879
462.027819647947,119593.011333891
462.055639295895,120091.060508519
462.083458943842,120589.122966755
462.183458943842,122379.55975087
462.283458943842,124170.171436302
462.383458943842,125960.960576306
462.483458943842,127751.929724142
462.583458943842,129543.081433067
462.683458943842,131334.418256335
462.783458943842,133125.942747206
462.883458943842,134917.657458938
462.983458943842,136709.564944783
463,137005.984126596
463.016541056158,137302.408664245
463.033082112315,137598.838569283
463.049623168473,137895.273853286
463.149623168473,139687.507306888
463.249623168473,141479.940330467
463.349623168473,143272.575477273
463.449623168473,145065.415300568
463.549623168473,146858.462353609
463.649623168473,148651.719189648
463.749623168473,150445.188361948
463.849623168473,152238.872423765
463.949623168473,154032.773928352
464,154936.567836198
464.050376831527,155840.417901617
464.100753663054,156744.324451038
464.151130494581,157648.287810887
464.251130494581,159442.860375898
464.351130494581,161237.660635196
464.451130494581,163032.69114204
464.551130494581,164827.954449682
464.651130494581,166623.453111383
464.751130494581,168419.189680402
464.851130494581,170215.16670999
464.951130494581,172011.386753408
465,172889.279773788
465.048869505419,173767.231739194
465.097739010837,174645.242947622
465.197739010837,176442.073196027
465.297739010837,178239.155308069
465.397739010837,180036.491837004
465.497739010837,181834.085336089
465.597739010837,183631.938358584
465.697739010837,185430.053457737
465.797739010837,187228.433186815
465.897739010837,189027.08009907
465.997739010837,190825.996747762
466,190866.673196475
466.002260989163,190907.349784377
466.004521978326,190948.026511535
466.006782967488,190988.703377824
466.029392859116,191395.479709539
466.052002750744,191802.270002093
466.074612642372,192209.074285104
466.097222533999,192615.89258813
466.197222533999,194415.354943398
466.297222534,196215.094681691
466.397222534,198015.114356261
466.497222534,199815.416520365
466.597222534,201616.003727264
466.697222534,203416.878530203
466.797222534,205218.043482451
466.897222534,207019.501137261
466.997222534,208821.25404789
467,208871.301361265
467.000356176517,149609.449188178
467.000712353034,149612.521627732
467.001068529551,149615.594068966
467.001424706068,149618.666511879
467.002895011908,149631.349653215
467.004365317748,149644.032823135
467.005835623589,149656.716021424
467.008550541639,149680.135608468
467.01126545969,149703.555292938
467.013980377741,149726.975075053
467.016695295791,149750.394954828
467.02255811074,149800.970082113
467.02842092569,149851.545665038
467.034283740639,149902.121703765
467.040146555588,149952.698198447
467.046009370537,150003.27514917
467.055222113679,150082.751964579
467.06443485682,150162.229907133
467.073647599962,150241.70897749
467.082860343103,150321.189176199
467.092073086245,150400.670503976
467.128523939748,150715.154939562
467.164974793252,151029.657094687
467.201425646755,151344.177005977
467.237876500259,151658.714710083
467.337876500259,152521.715395273
467.437876500259,153384.851027692
467.537876500259,154248.12236384
467.637876500259,155111.530160243
467.737876500259,155975.075173416
467.837876500259,156838.758159893
467.937876500259,157702.579876182
468,158239.286352846
468.000132826414,220893.174208175
468.000265652827,220895.570337128
468.000398479241,220897.966460603
468.001726743379,220921.92775789
468.003055007516,220945.889108629
468.004383271653,220969.850515242
468.006756071296,221012.655104557
468.009128870938,221055.459871341
468.011501670581,221098.264815214
468.013874470223,221141.069936717
468.019052005536,221234.472888398
468.024229540849,221327.876685543
468.029407076162,221421.2813285
468.034584611475,221514.686817701
468.039762146787,221608.093153266
468.047803135896,221753.159864714
468.055844125005,221898.228620043
468.063885114114,222043.299420767
468.071926103222,222188.372268063
468.079967092331,222333.44716326
468.105288821029,222790.313201683
468.130610549727,223247.199603599
468.155932278426,223704.106410552
468.181254007124,224161.033663935
468.281254007124,225965.721088163
468.381254007124,227770.730595228
468.481254007124,229576.064738395
468.581254007124,231381.726070923
468.681254007124,233187.717146058
468.781254007124,234994.04051707
468.881254007124,236800.698737211
468.981254007124,238607.694359737
469,238946.471390712
469.000082725074,32949.4525315891
469.000165450148,32949.4525315891
469.000248175222,32949.4525315891
469.000330900296,32949.4525315891
469.000927488252,32949.4525315891
469.001524076208,32949.4525315891
469.002120664164,32949.4525315891
469.00376773595,32949.4525315891
469.005414807737,32949.4525315891
469.007061879523,32949.4525315891
469.00870895131,32949.4525315891
469.011237457969,32949.4525315891
469.013765964628,32949.4525315891
469.016294471287,32949.4525315891
469.018822977946,32949.4525315891
469.021351484605,32949.4525315891
469.025654189934,32949.4525315891
469.029956895264,32949.4525315891
469.034259600593,32949.4525315891
469.038562305922,32949.4525315891
469.042865011251,32949.4525315891
469.049805831868,32949.4525315891
469.056746652485,32949.4525315891
469.063687473103,32949.4525315891
469.07062829372,32949.4525315891
469.077569114337,32949.4525315891
469.089935761404,32949.4525315891
469.102302408471,32949.4525315891
469.114669055538,32949.4525315891
469.127035702605,32949.4525315891
469.139402349672,32949.4525315891
469.191501408079,32949.4525315891
469.243600466485,32949.4525315891
469.295699524892,32949.4525315891
469.347798583298,32949.4525315891
469.399897641705,32949.4525315891
469.499897641705,32949.4525315891
469.599897641705,32949.4525315891
469.699897641705,32949.4525315891
469.799897641705,32949.4525315891
469.899897641705,32949.4525315891
469.999897641705,32949.4525315891
470,32949.4525315891
470.000102358295,32949.4525315891
470.000204716591,32949.4525315891
470.000307074886,32949.4525315891
470.00133065784,32949.4525315891
470.002354240793,32949.4525315891
470.003377823747,32949.4525315891
470.0044014067,32949.4525315891
470.014637236235,32949.4525315891
470.02487306577,32949.4525315891
470.035108895305,32949.4525315891
470.04534472484,32949.4525315891
470.14534472484,32949.4525315891
470.24534472484,32949.4525315891
470.34534472484,32949.4525315891
470.44534472484,32949.4525315891
470.545344724841,32949.4525315891
470.645344724841,32949.4525315891
470.745344724841,32949.4525315891
470.845344724841,32949.4525315891
470.945344724841,32949.4525315891
471,32949.4525315891
471.054655275159,32949.4525315891
471.109310550319,32949.4525315891
471.163965825478,32949.4525315891
471.263965825478,32949.4525315891
471.363965825478,32949.4525315891
471.463965825478,32949.4525315891
471.563965825478,32949.4525315891
471.663965825478,32949.4525315891
471.763965825478,32949.4525315891
471.863965825478,32949.4525315891
471.963965825478,32949.4525315891
472,32949.4525315891
472.036034174522,32949.4525315891
472.072068349043,32949.4525315891
472.108102523565,32949.4525315891
472.208102523565,32949.4525315891
472.308102523565,32949.4525315891
472.408102523565,32949.4525315891
472.508102523565,32949.4525315891
472.608102523565,32949.4525315891
472.708102523565,32949.4525315891
472.808102523565,32949.4525315891
472.908102523565,32949.4525315891
473,32949.4525315891
473.091897476435,32949.4525315891
473.18379495287,32949.4525315891
473.275692429305,32949.4525315891
473.375692429305,32949.4525315891
473.475692429305,32949.4525315891
473.575692429305,32949.4525315891
473.675692429305,32949.4525315891
473.775692429305,32949.4525315891
473.875692429305,32949.4525315891
473.975692429305,32949.4525315891
474,32949.4525315891
474.024307570695,32949.4525315891
474.04861514139,32949.4525315891
474.072922712084,32949.4525315891
474.172922712084,32949.4525315891
474.272922712084,32949.4525315891
474.372922712085,32949.4525315891
474.472922712085,32949.4525315891
474.572922712085,32949.4525315891
474.672922712085,32949.4525315891
474.772922712085,32949.4525315891
474.872922712085,32949.4525315891
474.972922712085,32949.4525315891
475,32949.4525315891
475.027077287915,32949.4525315891
475.054154575831,32949.4525315891
475.081231863746,32949.4525315891
475.181231863746,32949.4525315891
475.281231863746,32949.4525315891
475.381231863746,32949.4525315891
475.481231863746,32949.4525315891
475.581231863746,32949.4525315891
475.681231863746,32949.4525315891
475.781231863746,32949.4525315891
475.881231863746,32949.4525315891
475.981231863746,32949.4525315891
476,32949.4525315891
476.018768136254,32949.4525315891
476.037536272508,32949.4525315891
476.056304408761,32949.4525315891
476.156304408761,32949.4525315891
476.256304408761,32949.4525315891
476.356304408761,32949.4525315891
476.456304408761,32949.4525315891
476.556304408761,32949.4525315891
476.656304408761,32949.4525315891
476.756304408761,32949.4525315891
476.856304408761,32949.4525315891
476.956304408761,32949.4525315891
477,32949.4525315891
477.043695591239,32949.4525315891
477.087391182477,32949.4525315891
477.131086773716,32949.4525315891
477.231086773716,32949.4525315891
477.331086773716,32949.4525315891
477.431086773716,32949.4525315891
477.531086773716,32949.4525315891
477.631086773716,32949.4525315891
477.731086773716,32949.4525315891
477.831086773716,32949.4525315891
477.931086773716,32949.4525315891
478,32949.4525315891
478.068913226284,32949.4525315891
478.137826452568,32949.4525315891
478.206739678853,32949.4525315891
478.306739678853,32949.4525315891
478.406739678853,32949.4525315891
478.506739678853,32949.4525315891
478.606739678853,32949.4525315891
478.706739678853,32949.4525315891
478.806739678853,32949.4525315891
478.906739678853,32949.4525315891
479,32949.4525315891
479.093260321147,32949.4525315891
479.186520642294,32949.4525315891
479.279780963442,32949.4525315891
479.379780963442,32949.4525315891
479.479780963442,32949.4525315891
479.579780963442,32949.4525315891
479.679780963442,32949.4525315891
479.779780963442,32949.4525315891
479.879780963442,32949.4525315891
479.979780963442,32949.4525315891
480,32949.4525315891
480.000127377586,-216732.631098013
480.000254755172,-216729.894056217
480.000382132758,-216727.157010382
480.000509510344,-216724.419969911
480.000723619085,-216719.819275406
480.000937727825,-216715.218579445
480.001151836566,-216710.617880927
480.001365945307,-216706.017179853
480.001641379391,-216700.098734995
480.001724009617,-216698.323200344
480.001806639842,-216696.547670627
480.001889270068,-216694.772130866
480.001971900293,-216692.996595556
480.002116252887,-216689.894787839
480.00226060548,-216686.792977367
480.002404958074,-216683.691162968
480.002549310667,-216680.589352938
480.002898786265,-216673.079902032
480.003248261864,-216665.570446407
480.003597737462,-216658.060981689
480.00394721306,-216650.551511303
480.004296688658,-216643.042034107
480.00498581116,-216628.234257378
480.005674933662,-216613.426454592
480.006364056165,-216598.618624175
480.007053178667,-216583.810767865
480.007742301169,-216569.002885087
480.009305263698,-216535.417806471
480.010868226227,-216501.832591578
480.012431188757,-216468.247240579
480.013994151286,-216434.661753239
480.015557113815,-216401.076130347
480.018720728677,-216333.094572673
480.021884343538,-216265.112457847
480.0250479584,-216197.129786004
480.028211573261,-216129.14655732
480.031375188123,-216061.162771971
480.036610352455,-215948.661671008
480.041845516788,-215836.159046846
480.04708068112,-215723.654900486
480.052315845452,-215611.149232729
480.057551009785,-215498.642044148
480.066704117245,-215301.931982031
480.075857224705,-215105.217278125
480.085010332165,-214908.497936768
480.094163439626,-214711.773962108
480.103316547086,-214515.045358552
480.139255920289,-213742.552325766
480.175195293493,-212969.988252816
480.211134666696,-212197.353398629
480.247074039899,-211424.648022126
480.347074039899,-209274.254453602
480.447074039899,-207123.322476228
480.547074039899,-204971.857667665
480.6470740399,-202819.865605604
480.7470740399,-200667.351867708
480.8470740399,-198514.322031653
480.9470740399,-196360.781675125
481,-195220.795066968
481.000496246896,-139036.016544789
481.000992493792,-139030.322666315
481.001488740688,-139024.628780888
481.001984987584,-139018.934888508
481.003370103306,-139003.042158006
481.004755219029,-138987.149373741
481.006140334751,-138971.256535063
481.008859548569,-138940.056077135
481.011578762387,-138908.855410687
481.014297976205,-138877.654535652
481.017017190023,-138846.453452078
481.022690980629,-138781.349987619
481.028364771236,-138716.24561574
481.034038561843,-138651.14033707
481.039712352449,-138586.034151976
481.045386143056,-138520.927060889
481.054649904367,-138414.622892307
481.063913665679,-138308.316311513
481.07317742699,-138202.007320365
481.082441188302,-138095.695920852
481.091704949613,-137989.382114727
481.121022781185,-137652.905721957
481.150340612756,-137316.405303317
481.179658444327,-136979.880918046
481.208976275898,-136643.332625488
481.308976275898,-135495.223215749
481.408976275898,-134346.838706673
481.508976275898,-133198.181451336
481.608976275898,-132049.253802825
481.708976275898,-130900.058114209
481.808976275898,-129750.596738582
481.908976275898,-128600.87202902
482,-127554.122827534
482.000416867347,-179042.622471973
482.000833734694,-179033.627845464
482.00125060204,-179024.63321096
482.001667469387,-179015.63856846
482.002941850763,-178988.141510734
482.004216232139,-178960.644378177
482.005490613514,-178933.147170927
482.007912543314,-178880.889213288
482.010334473113,-178828.630986001
482.012756402912,-178776.372489134
482.015178332712,-178724.113722768
482.019367123875,-178633.730178703
482.023555915037,-178543.345829111
482.0277447062,-178452.960674353
482.031933497363,-178362.574715075
482.038317248866,-178224.824237565
482.04470100037,-178087.071893532
482.051084751873,-177949.317684411
482.057468503376,-177811.561611651
482.06385225488,-177673.803676654
482.080864770643,-177306.673624385
482.097877286405,-176939.530384447
482.114889802168,-176572.373984354
482.131902317931,-176205.20445155
482.231902317931,-174046.708592547
482.331902317931,-171887.765510081
482.431902317931,-169728.380781851
482.531902317931,-167568.559985521
482.631902317931,-165408.308698777
482.731902317931,-163247.632499286
482.831902317931,-161086.536964722
482.931902317931,-158925.027672771
483,-157452.855984828
483.000147149951,-112195.78510729
483.000294299902,-112194.087975848
483.000441449853,-112192.390843914
483.001912949362,-112175.419497814
483.003384448871,-112158.448102145
483.00485594838,-112141.476657043
483.007961857711,-112105.654690214
483.011067767043,-112069.832503849
483.014173676374,-112034.0100984
483.017279585705,-111998.187473846
483.023935637458,-111921.417836271
483.03059168921,-111844.647193421
483.037247740963,-111767.875545979
483.043903792716,-111691.102894771
483.050559844468,-111614.329240359
483.061428351787,-111488.965226244
483.072296859105,-111363.598542325
483.083165366423,-111238.229191563
483.094033873742,-111112.85717703
483.185444406426,-110058.299865419
483.27685493911,-109003.556133249
483.368265471794,-107948.627777837
483.468265471794,-106794.362857691
483.568265471794,-105639.88149165
483.668265471794,-104485.186032794
483.768265471794,-103330.278834202
483.868265471794,-102175.16224896
483.968265471794,-101019.838630149
484,-100653.159234862
484.000696538661,-141211.863449546
484.001393077321,-141196.784287597
484.002089615982,-141181.705108433
484.002786154642,-141166.6259115
484.004118797313,-141137.775803669
484.005451439983,-141108.925631592
484.006784082653,-141080.075395183
484.009439819438,-141022.581446273
484.012095556223,-140965.087241925
484.014751293008,-140907.592782399
484.017407029794,-140850.098067798
484.0227294095,-140734.871761186
484.028051789207,-140619.644431182
484.033374168914,-140504.416078592
484.038696548621,-140389.186704256
484.044018928328,-140273.956309041
484.053863199646,-140060.823529795
484.063707470964,-139847.687266256
484.073551742282,-139634.54752369
484.0833960136,-139421.404307418
484.093240284918,-139208.257622801
484.117920236408,-138673.875806102
484.142600187898,-138139.47230718
484.167280139389,-137605.047209858
484.191960090879,-137070.600598001
484.291960090879,-134904.872966093
484.391960090879,-132738.799069884
484.491960090879,-130572.384487045
484.591960090879,-128405.634795256
484.691960090879,-126238.555572191
484.791960090879,-124071.152395525
484.891960090879,-121903.430842933
484.991960090879,-119735.396492091
485,-119561.075083253
485.008039909121,-119386.751691432
485.016079818242,-119212.426319516
485.024119727363,-119038.098970445
485.104518818572,-117294.717372316
485.184917909782,-115551.141244596
485.265317000991,-113807.373486003
485.365317000991,-111638.220568705
485.465317000991,-109468.781255464
485.565317000992,-107299.061123961
485.665317000992,-105129.065751867
485.765317000992,-102958.80071686
485.865317000992,-100788.271596613
485.965317000992,-98617.4839688033
486,-97864.5303593084
486.000848921347,-69765.1397537378
486.001697842694,-69755.2914633166
486.002546764041,-69745.4431627235
486.003395685387,-69735.59485196
486.005187911327,-69714.8032598595
486.006980137266,-69694.0116225131
486.008772363205,-69673.2199397698
486.012320494156,-69632.0578013457
486.015868625106,-69590.8954855496
486.019416756057,-69549.7329924321
486.022964887007,-69508.570322174
486.030438225827,-69421.8698478852
486.037911564646,-69335.1685890687
486.045384903465,-69248.4665467176
486.052858242284,-69161.7637217783
486.060331581103,-69075.0601152689
486.076764468522,-68884.40756418
486.093197355941,-68693.7512493119
486.10963024336,-68503.0911811096
486.126063130779,-68312.4273700151
486.226063130779,-67152.0897713982
486.326063130779,-65991.6163073294
486.426063130779,-64831.0093308876
486.526063130779,-63670.2711951571
486.626063130779,-62509.4042532195
486.726063130779,-61348.4108581541
486.826063130779,-60187.2933630452
486.926063130779,-59026.0541209743
487,-58167.3932774346
487.000924513408,-81555.2580444974
487.001849026817,-81535.170856045
487.002773540225,-81515.0836495618
487.003698053633,-81494.9964253759
487.00547074554,-81456.4804819676
487.007243437446,-81417.9644729888
487.009016129352,-81379.4483984509
487.010788821259,-81340.9322582588
487.015394227206,-81240.8680547102
487.019999633154,-81140.8034093304
487.024605039102,-81040.738322671
487.02921044505,-80940.6727953253
487.036468325816,-80782.9738240536
487.043726206583,-80625.2737616987
487.05098408735,-80467.5726103876
487.058241968117,-80309.8703722529
487.07666941287,-79909.4663553124
487.095096857624,-79509.0553810279
487.113524302377,-79108.6374843013
487.213524302377,-76935.5751382422
487.313524302377,-74762.3155390557
487.413524302377,-72588.8642644168
487.513524302377,-70415.2268920008
487.613524302377,-68241.4089994831
487.713524302377,-66067.4161645378
487.813524302377,-63893.2539648414
487.913524302377,-61718.9279780684
488,-59838.5366484782
488.00395109808,-42626.7639046091
488.007051885967,-42590.7094542128
488.010152673854,-42554.6549210225
488.01325346174,-42518.6003051137
488.016354249627,-42482.5456065303
488.024598773186,-42386.6812431213
488.032843296744,-42290.8162971869
488.041087820302,-42194.9507700374
488.049332343861,-42099.0846630014
488.060161753658,-41973.1610001633
488.070991163456,-41847.2363420713
488.081820573253,-41721.3106917157
488.09264998305,-41595.3840520825
488.19264998305,-40432.5169439072
488.29264998305,-39269.5680892784
488.39264998305,-38106.5398412796
488.49264998305,-36943.4345529931
488.59264998305,-35780.2545775
488.69264998305,-34617.002267882
488.79264998305,-33453.6799772215
488.89264998305,-32290.2900585996
488.99264998305,-31126.8348650979
489,-31041.3182001645
489.002149523993,-43478.7955767224
489.004299047986,-43432.0318683342
489.006448571979,-43385.2681084955
489.008598095973,-43338.5042972894
489.012683621144,-43249.6218133595
489.016769146315,-43160.7391444065
489.020854671486,-43071.8562908102
489.024940196658,-42982.9732529655
489.03207874077,-42827.6695252823
489.039217284881,-42672.3652382586
489.046355828993,-42517.0603939128
489.053494373105,-42361.754994285
489.069647381698,-42010.3298336033
489.08580039029,-41658.9018636327
489.101953398882,-41307.471107879
489.118106407474,-40956.0375898501
489.218106407474,-38780.3239031982
489.318106407474,-36604.5108283091
489.418106407474,-34428.6039428585
489.518106407474,-32252.6088245214
489.618106407474,-30076.5310509731
489.718106407474,-27900.3761998887
489.818106407474,-25724.1498489435
489.918106407474,-23547.8575758126
490,-21765.5684544124
490.081893592526,-19983.2419259962
490.163787185051,-18200.8810539587
490.245680777577,-16418.4889016951
490.327574370102,-14636.0685326002
490.427574370102,-12459.5270016877
490.527574370102,-10282.9535427329
490.627574370102,-8106.353733411
490.727574370103,-5929.73315139708
490.827574370103,-3753.09737436641
490.927574370103,-1576.45197999416
490.999999999996,-7.9186058672145e-08
491,0
491.024401053916,0
491.048802107832,0
491.073203161748,0
491.097604215664,0
491.195208431328,0
491.292812646993,0
491.390416862657,0
491.490416862657,0
491.590416862657,0
491.690416862657,0
491.790416862657,0
491.890416862657,0
491.990416862657,0
492,0
492.009583137343,0
492.019166274686,0
492.114997648117,0
492.210829021547,0
492.306660394977,0
492.406660394977,0
492.506660394977,0
492.606660394977,0
492.706660394977,0
492.806660394977,0
492.906660394978,0
493,0
493.093339605022,0
493.186679210045,0
493.286679210045,0
493.386679210045,0
493.486679210045,0
493.586679210045,0
493.686679210045,0
493.786679210045,0
493.886679210045,0
493.986679210045,0
494,0
494.013320789955,0
494.02664157991,0
494.12664157991,0
494.22664157991,0
494.32664157991,0
494.42664157991,0
494.52664157991,0
494.62664157991,0
494.72664157991,0
494.82664157991,0
494.92664157991,0
495,0
495.07335842009,0
495.14671684018,0
495.24671684018,0
495.34671684018,0
495.44671684018,0
495.54671684018,0
495.64671684018,0
495.74671684018,0
495.84671684018,0
495.94671684018,0
496,0
496.05328315982,0
496.106566319639,0
496.206566319639,0
496.306566319639,0
496.406566319639,0
496.506566319639,0
496.606566319639,0
496.706566319639,0
496.806566319639,0
496.906566319639,0
497,0
497.093433680361,0
497.186867360721,0
497.286867360721,0
497.386867360721,0
497.486867360721,0
497.586867360721,0
497.686867360722,0
497.786867360722,0
497.886867360722,0
497.986867360722,0
498,0
498.013132639278,0
498.026265278557,0
498.126265278557,0
498.226265278557,0
498.326265278557,0
498.426265278557,0
498.526265278557,0
498.626265278557,0
498.726265278557,0
498.826265278557,0
498.926265278557,0
499,0
499.073734721443,0
499.147469442886,0
499.247469442886,0
499.347469442886,0
499.447469442886,0
499.547469442886,0
499.647469442886,0
499.747469442886,0
499.847469442886,0
499.947469442886,0
500,0
500.052530557114,0
500.105061114228,0
500.205061114228,0
500.305061114228,0
500.405061114228,0
500.505061114228,0
500.605061114228,0
500.705061114228,0
500.805061114228,0
500.905061114228,0
501,0
501.094938885772,0
501.189877771544,0
501.289877771544,0
501.389877771544,0
501.489877771544,0
501.589877771544,0
501.689877771544,0
501.789877771544,0
501.889877771544,0
501.989877771544,0
502,0
502.010122228456,0
502.020244456911,0
502.120244456911,0
502.220244456911,0
502.320244456911,0
502.420244456911,0
502.520244456911,0
502.620244456911,0
502.720244456911,0
502.820244456911,0
502.920244456912,0
503,0
503.000000000004,6.492094432474e-08
503.011324233153,202.084715523929
503.022648466303,404.169434690776
503.033972699453,606.254161273303
503.045296932602,808.338898979349
503.086882596162,1550.44916493515
503.128468259721,2292.55981452276
503.17005392328,3034.67103136448
503.27005392328,4819.21064894329
503.37005392328,6603.75716169302
503.47005392328,8388.31312287072
503.57005392328,10172.8810857335
503.67005392328,11957.4636035384
503.77005392328,13742.0632295424
503.87005392328,15526.6825170028
503.97005392328,17311.3240191766
504,17845.7588356583
504.02994607672,18380.1959418182
504.05989215344,18914.6354062229
504.089838230159,19449.0772974393
504.119784306879,19983.5216840344
504.219784306879,21768.229812954
504.319784306879,23552.9690861026
504.419784306879,25337.7420567375
504.519784306879,27122.5512781158
504.619784306879,28907.3993034942
504.719784306879,30692.2886861301
504.819784306879,32477.2219792806
504.919784306879,34262.2017362026
505,35694.070928392
505.080215693121,37125.9729787401
505.160431386241,38557.9092051166
505.240647079362,39989.8809253915
505.320862772483,41421.889457435
505.420862772483,43207.1404847632
505.520862772483,44992.4533229416
505.620862772483,46777.8305252268
505.720862772483,48563.2746448765
505.820862772483,50348.7882351473
505.920862772483,52134.3738492962
506,53547.4895352763
506.079137227517,54960.6531921115
506.158274455035,56373.8660852287
506.237411682552,57787.1294800548
506.337411682552,59573.0425778304
506.437411682552,61359.0408883056
506.537411682552,63145.1269647384
506.637411682552,64931.3033603849
506.737411682552,66717.5726285023
506.837411682552,68503.9373223485
506.937411682552,70290.3999951797
507,71408.567913386
507.002089098033,51106.9725439828
507.004178196065,51124.7799181194
507.006267294098,51142.5873120957
507.00835639213,51160.3947259184
507.010445490163,51178.2021595478
507.01563131211,51222.4060973255
507.020817134056,51266.6101574862
507.026002956003,51310.8143401398
507.03118877795,51355.018645392
507.038949461388,51421.1714774725
507.046710144825,51487.3245847183
507.054470828262,51553.4779674714
507.062231511699,51619.6316260855
507.085038566084,51814.0452391409
507.107845620468,52008.4612467357
507.130652674853,52202.8796578475
507.230652674853,53055.3568355518
507.330652674853,53907.8811494283
507.430652674853,54760.4533559973
507.530652674853,55613.0742117794
507.630652674853,56465.7444732954
507.730652674853,57318.4648970657
507.830652674853,58171.236239611
507.930652674853,59024.0592574523
508,59615.4999505681
508.000875322324,83337.1145539693
508.001750644649,83352.7593221115
508.002625966973,83368.404099343
508.003501289298,83384.0488857957
508.00520097201,83414.4276332327
508.006900654722,83444.8064151499
508.008600337435,83475.1852315626
508.010300020147,83505.564082416
508.014844535665,83586.7895054184
508.019389051183,83668.0151752684
508.023933566701,83749.2410922378
508.028478082218,83830.4672565409
508.035583385379,83957.4640232635
508.042688688539,84084.4613961092
508.049793991699,84211.4593760112
508.056899294859,84338.4579638638
508.074413545826,84651.5063417967
508.091927796793,84964.5584329836
508.109442047761,85277.6142511445
508.209442047761,87065.1211238705
508.309442047761,88852.752496187
508.409442047761,90640.5109213517
508.509442047761,92428.3989526221
508.609442047761,94216.4191432528
508.709442047761,96004.5740465034
508.809442047761,97792.866215631
508.909442047761,99581.2982038901
509,101200.988363042
509.090557952239,102820.797174284
509.181115904479,104440.726533776
509.271673856718,106060.778337673
509.371673856718,107849.889791645
509.471673856718,109639.155419975
509.571673856718,111428.577775919
509.671673856718,113218.159412733
509.771673856718,115007.902883675
509.871673856718,116797.810742003
509.971673856718,118587.885540971
510,119094.975387901
510.028326143282,119602.078892549
510.056652286564,120109.196112943
510.156652286564,121899.586445824
510.256652286564,123690.150995574
510.356652286564,125480.892315456
510.456652286564,127271.812958727
510.556652286564,129062.915478642
510.656652286564,130854.202428459
510.756652286564,132645.676361438
510.856652286564,134437.33983083
510.956652286564,136229.195389897
511,137005.984126595
511.043347713436,137782.809645134
511.086695426872,138559.67215349
511.130043140308,139336.571859618
511.230043140308,141128.965606319
511.330043140308,142921.560976319
511.430043140308,144714.360522879
511.530043140308,146507.366799256
511.630043140308,148300.582358704
511.730043140308,150094.009754483
511.830043140308,151887.651539851
511.930043140308,153681.510268061
512,154936.567836198
512.069956859692,156191.733699046
512.139913719384,157447.008730755
512.209870579077,158702.393805473
512.309870579077,160497.099808895
512.409870579077,162292.03500639
512.509870579077,164087.201951217
512.609870579077,165882.603196626
512.709870579077,167678.241295881
512.809870579077,169474.118802237
512.909870579077,171270.238268949
513,172889.279773787
513.090129420923,174508.52177404
513.180258841847,176127.966139081
513.27038826277,177747.614738266
513.37038826277,179544.881428607
513.47038826277,181342.404390766
513.57038826277,183140.186177997
513.67038826277,184938.229343558
513.77038826277,186736.536440705
513.87038826277,188535.110022699
513.97038826277,190333.952642786
514,190866.673196435
514.02961173723,191399.417631006
514.05922347446,191932.186012804
514.08883521169,192464.978408089
514.18883521169,194264.417614414
514.28883521169,196064.133989606
514.38883521169,197864.130086924
514.48883521169,199664.408459629
514.58883521169,201464.971660969
514.68883521169,203265.82224421
514.78883521169,205066.962762606
514.88883521169,206868.395769415
514.98883521169,208670.123817892
515,208871.301361241
515.000507177524,149610.751748124
515.001014355048,149615.126750458
515.001521532572,149619.501754702
515.002028710096,149623.876763848
515.003375822003,149635.497219658
515.00472293391,149647.117700351
515.006070045817,149658.738204795
515.008728056519,149681.66690123
515.011386067221,149704.595691359
515.014044077922,149727.524575083
515.016702088624,149750.453552416
515.02226845564,149798.471383659
515.027834822655,149846.489625744
515.033401189671,149894.508278619
515.038967556686,149942.527342416
515.044533923702,149990.546817469
515.053530906028,150068.162110689
515.062527888353,150145.778478862
515.071524870679,150223.395922512
515.080521853004,150301.014442192
515.08951883533,150378.634038451
515.11843030603,150628.069041571
515.14734177673,150877.515185793
515.17625324743,151126.972489405
515.20516471813,151376.440970689
515.30516471813,152239.397676459
515.40516471813,153102.48908198
515.50516471813,153965.715943759
515.60516471813,154829.079018321
515.70516471813,155692.579062183
515.80516471813,156556.216831877
515.90516471813,157419.993083911
516,158239.286352846
516.000177384527,220893.97801619
516.000354769054,220897.177952131
516.000532153581,220900.377884544
516.001824420643,220923.689814385
516.003116687706,220947.001795917
516.004408954769,220970.31383005
516.006788220301,221013.23506421
516.009167485833,221056.156476486
516.011546751365,221099.078067495
516.013926016897,221141.999836597
516.019198956156,221237.123896038
516.024471895415,221332.248832289
516.029744834674,221427.374645826
516.035017773934,221522.501337024
516.040290713193,221617.628906258
516.048404457703,221764.008335729
516.056518202212,221910.38984637
516.064631946722,222056.773439697
516.072745691232,222203.159116927
516.080859435741,222349.546879472
516.106956583377,222820.404435709
516.133053731014,223291.283624702
516.15915087865,223762.184491765
516.185248026286,224233.10708234
516.285248026286,226037.807321653
516.385248026286,227842.829745794
516.485248026286,229648.176908014
516.585248026286,231453.851361573
516.685248026286,233259.855659717
516.785248026286,235066.192355715
516.885248026286,236872.864002819
516.985248026286,238679.873154287
517,238946.471390716
517.014751973714,239213.077035655
517.029503947428,239479.690097404
517.044255921143,239746.310584044
517.144255921143,241553.861651813
517.244255921143,243361.756837072
517.344255921143,245169.998693093
517.444255921143,246978.589773121
517.544255921143,248787.532630426
517.644255921143,250596.82981826
517.744255921143,252406.483889881
517.844255921143,254216.497398545
517.944255921143,256026.872897515
518,257036.208124662
518.055744078857,258045.657072438
518.111488157715,259055.22018311
518.167232236572,260064.897898953
518.267232236572,261876.459981052
518.367232236572,263688.394853114
518.467232236572,265500.705068411
518.567232236572,267313.393180196
518.667232236572,269126.461741725
518.767232236572,270939.913306257
518.867232236572,272753.750427051
518.967232236572,274567.975657353
519,275162.541543372
519.032767763428,275757.149465715
519.065535526856,276351.799514213
519.098303290284,276946.491778701
519.198303290284,278761.623584082
519.298303290284,280577.151952075
519.398303290284,282393.079435936
519.498303290284,284209.408588927
519.598303290284,286026.141964291
519.698303290284,287843.282115298
519.798303290284,289660.831595202
519.898303290284,291478.79295726
519.998303290284,293297.168754728
520,293328.0249041
520.000178517397,127386.713597653
520.000357034793,127387.19120677
520.00053555219,127387.668810088
520.000714069587,127388.1464195
520.001454147744,127390.126429279
520.002194225902,127392.106441908
520.002934304059,127394.086458509
520.004694773116,127398.796452859
520.006455242173,127403.506461981
520.008215711229,127408.216485767
520.009976180286,127412.926523313
520.01277976121,127420.427379144
520.015583342133,127427.928271333
520.018386923057,127435.429199955
520.021190503981,127442.930165012
520.023994084904,127450.431166505
520.02877338794,127463.218311164
520.033552690975,127476.005561688
520.038331994011,127488.792918126
520.043111297046,127501.580380377
520.047890600082,127514.367948786
520.055998287067,127536.061228836
520.064105974052,127557.754813753
520.072213661037,127579.448703793
520.080321348022,127601.142898744
520.088429035007,127622.83739892
520.112321047058,127686.769275848
520.136213059109,127750.703803916
520.160105071161,127814.640984378
520.183997083212,127878.580818544
520.283997083212,128146.229776833
520.383997083212,128413.925340591
520.483997083212,128681.667604369
520.583997083212,128949.456662716
520.683997083212,129217.292610219
520.783997083212,129485.175541422
520.883997083212,129753.105550904
520.983997083212,130021.082733233
521,130063.971283579
521.000663053202,41840.44947576
521.001326106403,41840.44947576
521.001989159605,41840.44947576
521.002652212807,41840.44947576
521.003315266009,41840.44947576
521.004657821233,41840.44947576
521.006000376458,41840.44947576
521.007342931683,41840.44947576
521.008685486908,41840.44947576
521.012177495854,41840.44947576
521.015669504799,41840.44947576
521.019161513745,41840.44947576
521.02265352269,41840.44947576
521.026145531636,41840.44947576
521.031902242608,41840.44947576
521.037658953581,41840.44947576
521.043415664553,41840.44947576
521.049172375525,41840.44947576
521.054929086498,41840.44947576
521.065686552414,41840.44947576
521.076444018331,41840.44947576
521.087201484247,41840.44947576
521.097958950164,41840.44947576
521.10871641608,41840.44947576
521.1659567407,41840.44947576
521.223197065321,41840.44947576
521.280437389941,41840.44947576
521.337677714561,41840.44947576
521.437677714561,41840.44947576
521.537677714561,41840.44947576
521.637677714561,41840.44947576
521.737677714561,41840.44947576
521.837677714561,41840.44947576
521.937677714561,41840.44947576
522,41840.44947576
522.062322285439,41840.44947576
522.124644570879,41840.44947576
522.186966856318,41840.44947576
522.286966856318,41840.44947576
522.386966856318,41840.44947576
522.486966856318,41840.44947576
522.586966856318,41840.44947576
522.686966856318,41840.44947576
522.786966856318,41840.44947576
522.886966856318,41840.44947576
522.986966856318,41840.44947576
523,41840.44947576
523.013033143682,41840.44947576
523.026066287364,41840.44947576
523.039099431045,41840.44947576
523.139099431045,41840.44947576
523.239099431045,41840.44947576
523.339099431045,41840.44947576
523.439099431046,41840.44947576
523.539099431046,41840.44947576
523.639099431046,41840.44947576
523.739099431046,41840.44947576
523.839099431046,41840.44947576
523.939099431046,41840.44947576
524,41840.44947576
524.060900568954,41840.44947576
524.121801137909,41840.44947576
524.182701706863,41840.44947576
524.282701706863,41840.44947576
524.382701706863,41840.44947576
524.482701706863,41840.44947576
524.582701706863,41840.44947576
524.682701706863,41840.44947576
524.782701706863,41840.44947576
524.882701706863,41840.44947576
524.982701706863,41840.44947576
525,41840.44947576
525.017298293137,41840.44947576
525.034596586273,41840.44947576
525.05189487941,41840.44947576
525.15189487941,41840.44947576
525.25189487941,41840.44947576
525.35189487941,41840.44947576
525.45189487941,41840.44947576
525.55189487941,41840.44947576
525.65189487941,41840.44947576
525.75189487941,41840.44947576
525.85189487941,41840.44947576
525.95189487941,41840.44947576
526,41840.44947576
526.04810512059,41840.44947576
526.096210241179,41840.44947576
526.144315361769,41840.44947576
526.244315361769,41840.44947576
526.344315361769,41840.44947576
526.444315361769,41840.44947576
526.544315361769,41840.44947576
526.644315361769,41840.44947576
526.744315361769,41840.44947576
526.844315361769,41840.44947576
526.944315361769,41840.44947576
527,41840.44947576
527.055684638231,41840.44947576
527.111369276462,41840.44947576
527.167053914693,41840.44947576
527.267053914693,41840.44947576
527.367053914693,41840.44947576
527.467053914693,41840.44947576
527.567053914693,41840.44947576
527.667053914693,41840.44947576
527.767053914693,41840.44947576
527.867053914693,41840.44947576
527.967053914693,41840.44947576
528,41840.44947576
528.000082036387,-270263.826459915
528.000164072773,-270262.076568279
528.00024610916,-270260.32667009
528.000328145547,-270258.576765348
528.000476533903,-270255.41153317
528.000624922258,-270252.246290352
528.000773310614,-270249.081052725
528.000921698969,-270245.915806837
528.00101202372,-270243.989107903
528.001102348471,-270242.062407266
528.001192673223,-270240.13570606
528.001282997974,-270238.209004285
528.001563674366,-270232.221942459
528.001647877284,-270230.425815781
528.001732080202,-270228.629701055
528.00181628312,-270226.833579907
528.001900486038,-270225.037458266
528.002012823498,-270222.641202546
528.002125160959,-270220.244940493
528.002237498419,-270217.848686444
528.00234983588,-270215.452422632
528.002637060532,-270209.325660569
528.002924285184,-270203.198889888
528.003211509836,-270197.072113457
528.003498734487,-270190.945331275
528.003979026441,-270180.700221435
528.004459318395,-270170.45509737
528.004939610349,-270160.20995515
528.005419902302,-270149.964798931
528.006288597151,-270131.434537916
528.007157291999,-270112.904224988
528.008025986848,-270094.373860051
528.008894681696,-270075.843441386
528.010444691814,-270042.779530821
528.011994701933,-270009.715452317
528.013544712051,-269976.651207111
528.01509472217,-269943.586794258
528.017436511184,-269893.632042411
528.019778300198,-269843.676908886
528.022120089212,-269793.721393831
528.024461878226,-269743.765496678
528.027581907771,-269677.207296105
528.030701937317,-269610.648418507
528.033821966863,-269544.088863553
528.036941996408,-269477.52863205
528.040062025954,-269410.96772353
528.046101365264,-269282.126024797
528.052140704574,-269153.281792249
528.058180043884,-269024.435027416
528.064219383194,-268895.585731526
528.070258722505,-268766.733905561
528.081750950965,-268521.535429795
528.093243179425,-268276.327806036
528.104735407885,-268031.111042915
528.116227636345,-267785.885148767
528.127719864805,-267540.65013206
528.176050362579,-266509.216080313
528.224380860354,-265477.621465463
528.272711358128,-264445.866917227
528.321041855902,-263413.953065248
528.421041855902,-261278.330534182
528.521041855902,-259142.03427807
528.621041855902,-257005.069874573
528.721041855902,-254867.442901384
528.821041855902,-252729.15893616
528.921041855902,-250590.223556594
529,-248900.903310874
529.00044533237,-177111.455421401
529.000890664739,-177106.393465631
529.001335997109,-177101.331504767
529.001781329478,-177096.269534686
529.003032968171,-177082.042468392
529.004284606864,-177067.815344673
529.005536245557,-177053.588165181
529.007998641805,-177025.598329981
529.010461038053,-176997.608275949
529.012923434301,-176969.618003669
529.015385830549,-176941.627512615
529.020280421029,-176885.989193122
529.025175011509,-176830.350010471
529.030069601989,-176774.709964856
529.034964192468,-176719.069056553
529.039858782948,-176663.427285837
529.047730850158,-176573.935711215
529.055602917367,-176484.441907648
529.063474984577,-176394.945876296
529.071347051786,-176305.447618306
529.079219118996,-176215.947134768
529.10019025362,-175977.50759021
529.121161388244,-175739.052281449
529.142132522868,-175500.581230246
529.163103657492,-175262.094458283
529.263103657492,-174124.664475522
529.363103657492,-172986.879877932
529.463103657492,-171848.743018594
529.563103657492,-170710.256250605
529.663103657492,-169571.421927042
529.763103657492,-168432.242400985
529.863103657493,-167292.720025517
529.963103657493,-166152.857153724
530,-165732.203921775
530.000483813639,-232824.624467564
530.000967627278,-232814.24944289
530.001451440917,-232803.874405069
530.001935254556,-232793.499353214
530.003085489988,-232768.833287017
530.004235725421,-232744.167140576
530.005385960854,-232719.500915209
530.007622529753,-232671.538583345
530.009859098651,-232623.575951928
530.01209566755,-232575.613020468
530.014332236449,-232527.649789603
530.018298260838,-232442.597640985
530.022264285228,-232357.544550637
530.026230309617,-232272.490519327
530.030196334007,-232187.435546969
530.034162358396,-232102.379634345
530.041416838144,-231946.796616522
530.048671317891,-231791.210455375
530.055925797639,-231635.621153029
530.063180277386,-231480.028711438
530.070434757134,-231324.433132908
530.088692961425,-230932.813530957
530.106951165716,-230541.174105512
530.125209370007,-230149.514890541
530.143467574299,-229757.835919969
530.243467574299,-227612.265256952
530.343467574299,-225466.108573659
530.443467574299,-223319.371447796
530.543467574299,-221172.059457028
530.643467574299,-219024.178179028
530.743467574299,-216875.733191485
530.843467574299,-214726.730072058
530.943467574299,-212577.174398437
531,-211361.736062685
531.000513440063,-150495.184982383
531.001026880125,-150489.308932314
531.001540320188,-150483.432874182
531.00205376025,-150477.556807986
531.003377279523,-150462.409751009
531.004700798796,-150447.262640335
531.006024318069,-150432.115476096
531.008646085358,-150402.110209264
531.011267852647,-150372.104732104
531.013889619936,-150342.099045157
531.016511387224,-150312.093148021
531.021877156458,-150250.681734052
531.027242925691,-150189.269441016
531.032608694924,-150127.85626902
531.037974464157,-150066.442218428
531.04334023339,-150005.02728982
531.052088502396,-149904.895436871
531.060836771401,-149804.761252132
531.069585040407,-149704.624737313
531.078333309413,-149604.485893812
531.087081578418,-149504.34472338
531.113944371332,-149196.832619457
531.140807164245,-148889.298634975
531.167669957159,-148581.742815486
531.194532750072,-148274.165206618
531.294532750072,-147128.979537
531.394532750072,-145983.494897358
531.494532750072,-144837.713640771
531.594532750073,-143691.638120319
531.694532750073,-142545.270689089
531.794532750073,-141398.613700152
531.894532750073,-140251.669506599
531.994532750073,-139104.440461509
532,-139041.710416374
532.000594906337,-195207.980417334
532.001189812674,-195195.165749921
532.001784719011,-195182.351064744
532.002379625348,-195169.536361805
532.003575483945,-195143.776668589
532.004771342542,-195118.016903766
532.005967201139,-195092.257067492
532.008323540248,-195041.499258969
532.010679879357,-194990.741172346
532.013036218466,-194939.982807027
532.015392557576,-194889.224163541
532.021033316346,-194767.713670764
532.026674075116,-194646.201584424
532.032314833886,-194524.687905576
532.037955592657,-194403.172635221
532.043596351427,-194281.655774359
532.052436831192,-194091.205264314
532.061277310957,-193900.750853812
532.070117790722,-193710.29254684
532.078958270487,-193519.83034709
532.087798750253,-193329.364258577
532.11979516616,-192639.976442276
532.151791582067,-191950.53791773
532.183787997974,-191261.04886759
532.215784413881,-190571.509474609
532.315784413881,-188416.134972336
532.415784413881,-186260.276092736
532.515784413881,-184103.938413466
532.615784413881,-181947.127512215
532.715784413881,-179789.848966648
532.815784413881,-177632.10835444
532.915784413881,-175473.911253277
533,-173656.022919377
533.084215586119,-171837.818118679
533.168431172238,-170019.300182612
533.252646758357,-168200.472442595
533.352646758357,-166040.346521031
533.452646758357,-163879.794054947
533.552646758357,-161718.820622011
533.652646758357,-159557.431799898
533.752646758357,-157395.633166291
533.852646758357,-155233.430298856
533.952646758357,-153070.828775277
534,-152046.629370272
534.000487523922,-108346.159337663
534.000975047845,-108340.532916978
534.001462571767,-108334.906491074
534.001950095689,-108329.28005995
534.003524898732,-108311.105488727
534.005099701774,-108292.930863085
534.006674504817,-108274.756183007
534.00970529621,-108239.777900895
534.012736087603,-108204.799417221
534.015766878996,-108169.820732039
534.018797670389,-108134.841845553
534.025015594876,-108063.079075782
534.031233519363,-107991.315459158
534.037451443849,-107919.550996309
534.043669368336,-107847.785687711
534.049887292823,-107776.019534019
534.060680983438,-107651.438714508
534.071474674054,-107526.855352991
534.08226836467,-107402.269452376
534.093062055286,-107277.681015661
534.103855745901,-107153.090045791
534.142646437764,-106705.310384247
534.181437129626,-106257.49818101
534.220227821488,-105809.653573441
534.25901851335,-105361.776698876
534.297809205213,-104913.86769467
534.397809205213,-103759.038825456
534.497809205213,-102603.999696054
534.597809205213,-101448.752659549
534.697809205213,-100293.300069024
534.797809205213,-99137.6442775573
534.897809205213,-97981.7876382336
534.997809205213,-96825.7325041348
535,-96800.4035043261
535.000692207778,-135798.665194667
535.001384415557,-135783.673638746
535.002076623335,-135768.682066306
535.002768831113,-135753.690476807
535.004115854975,-135724.517066299
535.005462878837,-135695.343592687
535.006809902699,-135666.170055785
535.009305225907,-135612.126745411
535.011800549116,-135558.083218404
535.014295872324,-135504.039474644
535.016791195533,-135449.995514416
535.022295052538,-135330.791662249
535.027798909544,-135211.586757839
535.033302766549,-135092.380802163
535.038806623555,-134973.173796083
535.04431048056,-134853.96574055
535.054215394048,-134639.432548594
535.064120307535,-134424.895966242
535.074025221022,-134210.355998912
535.08393013451,-133995.812652034
535.093835047997,-133781.265930991
535.143878048876,-132697.251334763
535.193921049755,-131613.151447109
535.243964050634,-130528.966967036
535.294007051514,-129444.698593554
535.394007051514,-127277.77669471
535.494007051514,-125110.528167601
535.594007051514,-122942.958589901
535.694007051514,-120775.073539286
535.794007051514,-118606.878593431
535.894007051514,-116438.37933001
535.994007051514,-114269.581326701
536,-114139.597013096
536.0007630998,-81359.6233013523
536.001526199599,-81350.7822931412
536.002289299399,-81341.941275203
536.003052399199,-81333.1002476762
536.004734328549,-81313.6139241991
536.006416257899,-81294.1275542505
536.00809818725,-81274.6411376239
536.011237301571,-81238.2720127044
536.014376415892,-81201.9027257173
536.017515530213,-81165.533276752
536.020654644534,-81129.1636658813
536.027016436018,-81055.4557932587
536.033378227503,-80981.7472565673
536.039740018988,-80908.0380564106
536.046101810472,-80834.3281933948
536.052463601957,-80760.6176681255
536.064713484303,-80618.6832590801
536.07696336665,-80476.7464011777
536.089213248997,-80334.8070987165
536.101463131344,-80192.8653560473
536.11371301369,-80050.9211774873
536.149233951111,-79639.3124483031
536.184754888532,-79227.6833793947
536.220275825953,-78816.0340762233
536.255796763373,-78404.3646442583
536.291317700794,-77992.6751889515
536.391317700794,-76833.5635234739
536.491317700794,-75674.2963503026
536.591317700794,-74514.8760225187
536.691317700794,-73355.3048932012
536.791317700794,-72195.5853154347
536.891317700794,-71035.7196423009
536.991317700794,-69875.7102268786
537,-69774.9880339977
537.001068187886,-97841.3399601965
537.002136375773,-97818.149532485
537.003204563659,-97794.9590762318
537.004272751545,-97771.7685911917
537.006117218338,-97731.7249323576
537.00796168513,-97691.6811881453
537.009806151923,-97651.6373587913
537.011650618715,-97611.593444136
537.016076364529,-97515.5088582247
537.020502110344,-97419.4237824152
537.024927856158,-97323.3382172152
537.029353601972,-97227.2521631083
537.036282224538,-97076.8259138688
537.043210847103,-96926.398469423
537.050139469669,-96775.9698316365
537.057068092235,-96625.5400023261
537.073446314304,-96269.9417756149
537.089824536374,-95914.3369259354
537.106202758443,-95558.7254777903
537.206202758443,-93387.3380424886
537.306202758443,-91215.71111312
537.406202758443,-89043.8502673615
537.506202758443,-86871.7610828908
537.606202758443,-84699.4491373823
537.706202758443,-82526.920008511
537.806202758443,-80354.1792739523
537.906202758443,-78181.2325113812
538,-76142.8860970124
538.093797241557,-74104.3679308032
538.187594483113,-72065.6826155687
538.28139172467,-70026.8347541228
538.38139172467,-67852.985194641
538.48139172467,-65678.9616893196
538.58139172467,-63504.7698158333
538.68139172467,-61330.4151518573
538.78139172467,-59155.9032750672
538.88139172467,-56981.2397631372
538.98139172467,-54806.4301937434
539,-54401.7199715538
539.002257234666,-38770.1665454582
539.004514469332,-38743.91437125
539.006771703998,-38717.6621571539
539.009028938664,-38691.409903164
539.012978759834,-38645.4723112228
539.016928581005,-38599.5345973965
539.020878402175,-38553.5967618291
539.024828223345,-38507.6588046468
539.03204115854,-38423.7692483071
539.039254093734,-38339.8792878128
539.046467028928,-38255.9889240492
539.053679964123,-38172.0981579028
539.068105433292,-38004.3200884475
539.082530902462,-37836.5404201337
539.096956371632,-37668.7591600271
539.111381840802,-37500.9763151861
539.211381840802,-36337.8318472293
539.311381840802,-35174.6139172025
539.411381840802,-34011.3248781874
539.511381840802,-32847.9670832662
539.611381840802,-31684.5428855201
539.711381840802,-30521.0546380308
539.811381840802,-29357.5046938806
539.911381840802,-28193.8954061506
540,-27162.6785707025
540.002052859553,-38041.7234240298
540.004105719106,-37997.0573319826
540.006158578659,-37952.391198897
540.008211438213,-37907.7250248213
540.012325421079,-37818.212750359
540.016439403946,-37728.7003118587
540.020553386812,-37639.18770971
540.024667369679,-37549.6749442951
540.031861616147,-37393.1408684827
540.039055862616,-37236.6062966674
540.046250109085,-37080.071230931
540.053444355553,-36923.5356733456
540.069960893411,-36564.1597776164
540.086477431268,-36204.7813255927
540.102993969125,-35845.4003424079
540.119510506982,-35486.0168531912
540.219510506982,-33310.0639157605
540.319510506982,-31134.0256125967
540.419510506982,-28957.9075213756
540.519510506982,-26781.7152197719
540.619510506982,-24605.4542854612
540.719510506982,-22429.1302961185
540.819510506983,-20252.748829419
540.919510506983,-18076.3154630379
541,-16324.4813699213
541.005755882461,-11575.88034615
541.010339402483,-11522.5184309171
541.014922922504,-11469.1564667604
541.019506442526,-11415.7944539068
541.024089962547,-11362.4323925815
541.028673482569,-11309.0702830129
541.039552284028,-11182.4172582892
541.050431085486,-11055.7639660971
541.061309886945,-10929.1104094659
541.072188688403,-10802.4565914254
541.083067489862,-10675.8025150047
541.109552431817,-10367.4562855895
541.136037373773,-10059.1085864245
541.162522315728,-9750.75946122502
541.189007257683,-9442.40895370645
541.289007257683,-8278.148870138
541.389007257683,-7113.87205632928
541.489007257683,-5949.58086536203
541.589007257683,-4785.27765031797
541.689007257683,-3620.96476427881
541.789007257683,-2456.64456032629
541.889007257683,-1292.31939154211
541.989007257683,-127.991611008005
541.999999999993,-8.47160347814206e-08
542,0
542.010992742317,0
542.021985484634,0
542.03297822695,0
542.065159461041,0
542.097340695132,0
542.129521929222,0
542.229521929222,0
542.329521929222,0
542.429521929222,0
542.529521929222,0
542.629521929222,0
542.729521929222,0
542.829521929222,0
542.929521929222,0
543,0
543.070478070778,0
543.140956141555,0
543.240956141555,0
543.340956141555,0
543.440956141555,0
543.540956141555,0
543.640956141555,0
543.740956141555,0
543.840956141555,0
543.940956141555,0
544,0
544.059043858445,0
544.118087716889,0
544.218087716889,0
544.318087716889,0
544.418087716889,0
544.518087716889,0
544.618087716889,0
544.718087716889,0
544.818087716889,0
544.918087716889,0
545,0
545.081912283111,0
545.163824566222,0
545.263824566222,0
545.363824566222,0
545.463824566222,0
545.563824566222,0
545.663824566222,0
545.763824566222,0
545.863824566222,0
545.963824566222,0
546,0
546.036175433778,0
546.072350867556,0
546.172350867556,0
546.272350867556,0
546.372350867557,0
546.472350867557,0
546.572350867557,0
546.672350867557,0
546.772350867557,0
546.872350867557,0
546.972350867557,0
547,0
547.027649132443,0
547.055298264887,0
547.155298264887,0
547.255298264887,0
547.355298264887,0
547.455298264887,0
547.555298264887,0
547.655298264887,0
547.755298264887,0
547.855298264887,0
547.955298264887,0
548,0
548.044701735113,0
548.089403470226,0
548.189403470226,0
548.289403470226,0
548.389403470226,0
548.489403470226,0
548.589403470226,0
548.689403470226,0
548.789403470226,0
548.889403470226,0
548.989403470226,0
549,0
549.010596529774,0
549.021193059547,0
549.121193059547,0
549.221193059547,0
549.321193059547,0
549.421193059547,0
549.521193059547,0
549.621193059547,0
549.721193059547,0
549.821193059547,0
549.921193059547,0
550,0
550.078806940453,0
550.157613880905,0
550.257613880905,0
550.357613880905,0
550.457613880905,0
550.557613880905,0
550.657613880905,0
550.757613880905,0
550.857613880905,0
550.957613880905,0
551,0
551.042386119095,0
551.084772238189,0
551.184772238189,0
551.284772238189,0
551.384772238189,0
551.484772238189,0
551.584772238189,0
551.684772238189,0
551.784772238189,0
551.884772238189,0
551.984772238189,0
552,0
552.015227761811,0
552.030455523621,0
552.130455523621,0
552.230455523621,0
552.330455523621,0
552.430455523622,0
552.530455523622,0
552.630455523622,0
552.730455523622,0
552.830455523622,0
552.930455523622,0
553,0
553.069544476378,0
553.139088952757,0
553.239088952757,0
553.339088952757,0
553.439088952757,0
553.539088952757,0
553.639088952757,0
553.739088952757,0
553.839088952757,0
553.939088952757,0
554,0
554.060911047243,0
554.121822094486,0
554.221822094486,0
554.321822094486,0
554.421822094486,0
554.521822094486,0
554.621822094486,0
554.721822094486,0
554.821822094486,0
554.921822094486,0
555,0
555.078177905514,0
555.156355811027,0
555.256355811027,0
555.356355811027,0
555.456355811027,0
555.556355811028,0
555.656355811028,0
555.756355811028,0
555.856355811028,0
555.956355811028,0
556,0
556.000000000007,1.2984188864948e-07
556.009379278795,167.376356489956
556.018758557582,334.752714956771
556.02813783637,502.129077636988
556.051730427099,923.146771873513
556.075323017829,1344.16453962773
556.098915608558,1765.18241442871
556.197831217109,3530.36729982021
556.29674682566,5295.55712739697
556.39566243421,7060.75436825163
556.49566243421,8845.31315967737
556.59566243421,10629.8846066393
556.69566243421,12414.4712623944
556.79566243421,14199.0756801999
556.895662434211,15983.7004133128
556.995662434211,17768.3480149901
557,17845.7588356583
557.004337565789,17923.1697043652
557.008675131579,18000.5806213177
557.013012697368,18077.9915867256
557.017350263158,18155.4026007969
557.060725921052,18929.5154638322
557.104101578947,19703.6334224034
557.147477236841,20477.7566848795
557.190852894736,21251.8854596292
557.290852894736,23036.6154598232
557.390852894736,24821.37841881
557.490852894736,26606.1768898468
557.590852894736,28391.0134261906
557.690852894736,30175.8905810985
557.790852894736,31960.8109078275
557.890852894736,33745.7769596349
557.990852894736,35530.7912897774
558,35694.0709283915
558.009147105264,35857.3509942667
558.018294210528,36020.6314893548
558.027441315791,36183.9124156098
558.118912368429,37816.745822302
558.210383421067,39449.6244952829
558.301854473704,41082.5503886476
558.393325526342,42715.5254564908
558.493325526342,44500.8210189214
558.593325526342,46286.1802423627
558.693325526342,48071.6056800711
558.793325526342,49857.0998853045
558.893325526342,51642.6654113194
558.993325526342,53428.3048113727
559,53547.4895352759
559.006674473658,53666.6746004114
559.013348947316,53785.8600075418
559.020023420974,53905.0457574153
559.086768157554,55096.9222744815
559.153512894134,56288.8339016906
559.220257630714,57480.7813982246
559.287002367294,58672.7655232648
559.387002367294,60458.7205594661
559.487002367294,62244.7620745449
559.587002367294,64030.8926217581
559.687002367294,65817.1147543635
559.787002367294,67603.4310256175
559.887002367294,69389.843988777
559.987002367294,71176.3561971001
560,71408.5679133848
560.001636016254,51103.1104986595
560.003272032509,51117.0558198269
560.004908048763,51131.0011531302
560.006544065018,51144.9464986324
560.009341560105,51168.792277336
560.012139055191,51192.6380916283
560.014936550278,51216.4839415155
560.017734045365,51240.3298270259
560.023701492099,51291.1965417864
560.029668938833,51342.0634188377
560.035636385567,51392.9304583338
560.041603832301,51443.7976604192
560.047571279034,51494.6650252764
560.06022873583,51602.5595270455
560.072886192625,51710.4547633365
560.085543649421,51818.35073568
560.098201106216,51926.2474456129
560.110858563011,52034.1448946612
560.155134990199,52411.5814922809
560.199411417387,52789.0272184858
560.243687844574,53166.4821389425
560.287964271762,53543.9463193146
560.387964271762,54396.4979887152
560.487964271762,55249.0979843823
560.587964271762,56101.7470628365
560.687964271762,56954.4459805989
560.787964271762,57807.195494189
560.887964271762,58659.9963601285
560.987964271762,59512.8493349377
561,59615.4999505673
561.001460885226,83347.5804071651
561.002921770452,83373.6910447803
561.004382655678,83399.8017078666
561.005843540905,83425.912396432
561.008285853654,83469.5643886805
561.010728166404,83513.2164521532
561.013170479154,83556.8685868778
561.015612791904,83600.5207928447
561.020759974527,83692.5182024829
561.02590715715,83784.5159291916
561.031054339772,83876.513973328
561.036201522395,83968.5123352402
561.044960693115,84125.0704335636
561.053719863836,84281.6294548677
561.062479034556,84438.189400866
561.071238205277,84594.7502732742
561.106228767424,85220.1786801378
561.141219329571,85845.6220073255
561.176209891718,86471.0803642202
561.276209891718,88258.6700793758
561.376209891718,90046.3859988772
561.476209891718,91834.2306759796
561.576209891718,93622.2066639424
561.676209891718,95410.3165160228
561.776209891718,97198.5627854751
561.876209891718,98986.9480255592
561.976209891718,100775.474789532
562,101200.988363042
562.023790108282,101626.510125254
562.047580216564,102052.040110546
562.071370324846,102477.578353296
562.171370324846,104266.388669745
562.271370324846,106055.348046287
562.371370324846,107844.459036179
562.471370324846,109633.724192676
562.571370324846,111423.146069038
562.671370324846,113212.727218522
562.771370324846,115002.470194382
562.871370324846,116792.377549878
562.971370324846,118582.451838267
563,119094.9753879
563.028629675154,119607.512889523
563.057259350308,120120.064403051
563.085889025461,120632.629988401
563.185889025461,122423.07099249
563.285889025461,124213.686959943
563.385889025461,126004.480444017
563.485889025461,127795.453997966
563.585889025461,129586.610175051
563.685889025461,131377.951528528
563.785889025461,133169.480611651
563.885889025461,134961.19997768
563.985889025461,136753.112179874
564,137005.984126593
564.014110974539,137258.859971074
564.028221949077,137511.73972049
564.128221949077,139303.930795371
564.228221949077,141096.320893799
564.328221949077,142888.912569026
564.428221949077,144681.708374314
564.528221949077,146474.71086292
564.628221949077,148267.922588096
564.728221949077,150061.346103104
564.828221949077,151854.983961201
564.928221949077,153648.83871564
565,154936.567836198
565.071778050923,156224.410963345
565.143556101845,157512.369041296
565.215334152768,158800.443014262
565.315334152768,160595.161473932
565.415334152768,162390.109267175
565.515334152768,164185.288947247
565.615334152768,165980.703067403
565.715334152768,167776.354180902
565.815334152768,169572.244841002
565.915334152768,171368.377600957
566,172889.279773788
566.084665847232,174410.358871046
566.169331694463,175931.616442339
566.269331694463,177728.626747043
566.369331694463,179525.890743331
566.469331694463,181323.410984457
566.569331694463,183121.190023679
566.669331694463,184919.230414256
566.769331694464,186717.534709436
566.869331694464,188516.105462486
566.969331694464,190314.94522666
567,190866.673196439
567.030668305536,191418.426781717
567.061336611073,191970.206056143
567.092004916609,192522.011093365
567.192004916609,194321.459045938
567.292004916609,196121.184248312
567.392004916609,197921.189253744
567.492004916609,199721.476615491
567.592004916609,201522.048886813
567.692004916609,203322.908620957
567.792004916609,205124.05837119
567.892004916609,206925.500690766
567.99200491661,208727.238132942
568,208871.301361235
568.000389981147,149609.740792812
568.000779962294,149613.104837147
568.001169943441,149616.468882523
568.001559924588,149619.832931857
568.002988010345,149632.151876703
568.004416096102,149644.470848327
568.005844181858,149656.789847224
568.008542992074,149680.070483808
568.011241802289,149703.351216919
568.013940612505,149726.632046239
568.01663942272,149749.912972204
568.02277965711,149802.881243921
568.028919891499,149855.85001544
568.035060125889,149908.819286994
568.041200360278,149961.789058571
568.047340594668,150014.759330532
568.056744534364,150095.885745195
568.066148474061,150177.013334425
568.075552413757,150258.142098868
568.084956353454,150339.272039196
568.09436029315,150420.403155914
568.139325859963,150808.35330005
568.184291426775,151196.330425487
568.229256993588,151584.334601005
568.2742225604,151972.365895385
568.3742225604,152835.415541071
568.4742225604,153698.600408933
568.5742225604,154561.921255491
568.6742225604,155425.378837275
568.7742225604,156288.973910797
568.8742225604,157152.707232579
568.9742225604,158016.579559143
569,158239.286352842
569.00016550118,220893.763645573
569.00033100236,220896.749211577
569.00049650354,220899.734776022
569.001782132311,220922.926950404
569.003067761081,220946.119178265
569.004353389852,220969.311457876
569.006730284612,221012.189919669
569.009107179371,221055.068559316
569.011484074131,221097.94737734
569.01386096889,221140.826373269
569.019180351262,221236.788261344
569.024499733634,221332.751041921
569.029819116006,221428.714715383
569.035138498378,221524.679281889
569.04045788075,221620.644742126
569.048588248785,221767.32412035
569.056718616821,221914.00558842
569.064848984856,222060.689147654
569.072979352891,222207.374799425
569.081109720926,222354.062545104
569.107429286283,222828.933373049
569.133748851639,223303.826204876
569.160068416996,223778.741087088
569.186387982352,224253.678066283
569.286387982352,226058.381963985
569.386387982353,227863.408075615
569.486387982353,229668.758954421
569.586387982353,231474.437153673
569.686387982353,233280.445226623
569.786387982353,235086.785726529
569.886387982353,236893.461206647
569.986387982353,238700.47422024
570,238946.471390693
570.013612017647,239192.474868962
570.027224035295,239438.484661476
570.040836052942,239684.500774674
570.140836052942,241492.040119229
570.240836052942,243299.923493952
570.340836052942,245108.15345212
570.440836052942,246916.732546986
570.540836052942,248725.663331805
570.640836052942,250534.948359836
570.740836052942,252344.590184341
570.840836052942,254154.591358562
570.940836052942,255964.95443577
571,257036.208124664
571.059163947058,258107.589915591
571.118327894116,259179.100337321
571.177491841173,260250.739918622
571.277491841173,262062.340129952
571.377491841173,263874.313393211
571.477491841173,265686.662261654
571.577491841173,267499.389288539
571.677491841173,269312.497027123
571.777491841173,271125.988030667
571.877491841173,272939.864852415
571.977491841173,274754.130045637
572,275162.541543374
572.022508158827,275570.972875143
572.045016317653,275979.424070062
572.06752447648,276387.895157245
572.16752447648,278202.905419228
572.26752447648,280018.311457962
572.36752447648,281834.115826701
572.46752447648,283650.321078703
572.56752447648,285466.929767231
572.66752447648,287283.944445525
572.76752447648,289101.367666859
572.86752447648,290919.201984484
572.96752447648,292737.449951657
573,293328.02490391
573.03247552352,293918.64383882
573.06495104704,294509.306843893
573.09742657056,295100.014006532
573.19742657056,296919.222645284
573.29742657056,298738.85335684
573.39742657056,300558.90869445
573.49742657056,302379.391211371
573.597426570561,304200.303460865
573.697426570561,306021.647996174
573.797426570561,307843.42737057
573.897426570561,309665.644137306
573.997426570561,311488.300849638
574,311535.211463413
574.002573429439,311582.122369976
574.005146858879,311629.03357011
574.007720288318,311675.945063202
574.033454582712,312145.076128355
574.059188877106,312614.236559175
574.0849231715,313083.426399089
574.110657465894,313552.645691633
574.210657465894,315376.249030548
574.310657465894,317200.300312666
574.410657465894,319024.802091229
574.510657465894,320849.756919492
574.610657465894,322675.167350718
574.710657465894,324501.035938147
574.810657465894,326327.365235054
574.910657465894,328154.15779469
575,329786.65447873
575.000037114205,46443.9094522366
575.000074228409,46443.9094522366
575.000111342614,46443.9094522366
575.000348364475,46443.9094522366
575.000585386336,46443.9094522366
575.000822408197,46443.9094522366
575.002139777379,46443.9094522366
575.00345714656,46443.9094522366
575.004774515741,46443.9094522366
575.006091884923,46443.9094522366
575.008441719024,46443.9094522366
575.010791553125,46443.9094522366
575.013141387226,46443.9094522366
575.015491221328,46443.9094522366
575.017841055429,46443.9094522366
575.021543540492,46443.9094522366
575.025246025555,46443.9094522366
575.028948510618,46443.9094522366
575.032650995681,46443.9094522366
575.036353480745,46443.9094522366
575.041976293004,46443.9094522366
575.047599105264,46443.9094522366
575.053221917524,46443.9094522366
575.058844729783,46443.9094522366
575.064467542043,46443.9094522366
575.074867544257,46443.9094522366
575.085267546472,46443.9094522366
575.095667548686,46443.9094522366
575.106067550901,46443.9094522366
575.116467553115,46443.9094522366
575.162714052218,46443.9094522366
575.208960551321,46443.9094522366
575.255207050423,46443.9094522366
575.301453549526,46443.9094522366
575.401453549526,46443.9094522366
575.501453549526,46443.9094522366
575.601453549526,46443.9094522366
575.701453549526,46443.9094522366
575.801453549526,46443.9094522366
575.901453549526,46443.9094522366
576,46443.9094522366
576.098546450474,46443.9094522366
576.197092900948,46443.9094522366
576.295639351422,46443.9094522366
576.394185801897,46443.9094522366
576.494185801897,46443.9094522366
576.594185801897,46443.9094522366
576.694185801897,46443.9094522366
576.794185801897,46443.9094522366
576.894185801897,46443.9094522366
576.994185801897,46443.9094522366
577,46443.9094522366
577.005814198103,46443.9094522366
577.011628396207,46443.9094522366
577.01744259431,46443.9094522366
577.023256792413,46443.9094522366
577.081398773446,46443.9094522366
577.139540754479,46443.9094522366
577.197682735512,46443.9094522366
577.255824716544,46443.9094522366
577.313966697577,46443.9094522366
577.413966697577,46443.9094522366
577.513966697577,46443.9094522366
577.613966697577,46443.9094522366
577.713966697577,46443.9094522366
577.813966697577,46443.9094522366
577.913966697577,46443.9094522366
578,46443.9094522366
578.086033302423,46443.9094522366
578.172066604845,46443.9094522366
578.258099907268,46443.9094522366
578.344133209691,46443.9094522366
578.444133209691,46443.9094522366
578.544133209691,46443.9094522366
578.644133209691,46443.9094522366
578.744133209691,46443.9094522366
578.844133209691,46443.9094522366
578.944133209691,46443.9094522366
579,46443.9094522366
579.055866790309,46443.9094522366
579.111733580618,46443.9094522366
579.167600370927,46443.9094522366
579.223467161236,46443.9094522366
579.323467161236,46443.9094522366
579.423467161236,46443.9094522366
579.523467161236,46443.9094522366
579.623467161236,46443.9094522366
579.723467161236,46443.9094522366
579.823467161236,46443.9094522366
579.923467161236,46443.9094522366
580,46443.9094522366
580.076532838764,46443.9094522366
580.153065677528,46443.9094522366
580.229598516292,46443.9094522366
580.306131355056,46443.9094522366
580.406131355056,46443.9094522366
580.506131355056,46443.9094522366
580.606131355056,46443.9094522366
580.706131355056,46443.9094522366
580.806131355056,46443.9094522366
580.906131355056,46443.9094522366
581,46443.9094522366
581.000182565055,-296868.841425276
581.000365130111,-296864.963879609
581.000547695166,-296861.086331385
581.000730260222,-296857.208780605
581.000912825277,-296853.331227269
581.001017832715,-296851.100938715
581.001122840153,-296848.870657832
581.001227847591,-296846.640370875
581.001332855029,-296844.410077845
581.001606450972,-296838.599082397
581.001772737394,-296835.067264751
581.001939023817,-296831.53544493
581.00210531024,-296828.003622989
581.002271596663,-296824.471798927
581.00234686614,-296822.87311958
581.002422135617,-296821.274439816
581.002497405095,-296819.675752324
581.002572674572,-296818.077078984
581.002875453803,-296811.646217794
581.003178233034,-296805.215346931
581.003481012265,-296798.784470852
581.003783791495,-296792.353589556
581.004300485615,-296781.379240817
581.004817179735,-296770.404873154
581.005333873855,-296759.430486086
581.005850567975,-296748.456076427
581.006784707805,-296728.615210619
581.007718847635,-296708.774276707
581.008652987465,-296688.933277084
581.009587127294,-296669.092209405
581.011253391415,-296633.700705838
581.012919655535,-296598.308989641
581.014585919656,-296562.917060053
581.016252183776,-296527.524918086
581.018588295547,-296477.904575842
581.020924407318,-296428.283815484
581.023260519089,-296378.662637218
581.025596630859,-296329.041041113
581.02906993909,-296255.263362988
581.03254324732,-296181.484761438
581.03601655555,-296107.705237177
581.039489863781,-296033.924789968
581.042963172011,-295960.143420201
581.04921386486,-295827.361438351
581.055464557709,-295694.576470933
581.061715250558,-295561.788519029
581.067965943408,-295428.997584089
581.074216636257,-295296.203667387
581.086673495024,-295031.552907693
581.099130353791,-294766.89032216
581.111587212558,-294502.215921756
581.124044071325,-294237.529717261
581.224044071325,-292112.280254688
581.324044071325,-289986.276358267
581.424044071325,-287859.523605622
581.524044071325,-285732.02757445
581.624044071325,-283603.793842405
581.724044071325,-281474.827987184
581.824044071325,-279345.135586445
581.924044071325,-277214.722217864
582,-275596.068604661
582.000627734256,-196001.936563404
582.001255468512,-195994.841094462
582.001883202768,-195987.745608948
582.002510937024,-195980.650109294
582.00313867128,-195973.554593068
582.004582325112,-195957.236370801
582.006025978945,-195940.918066152
582.007469632777,-195924.59967781
582.008913286609,-195908.281206134
582.011903363604,-195874.482335332
582.014893440599,-195840.683107155
582.017883517593,-195806.883521648
582.020873594588,-195773.083578873
582.025693491819,-195718.598527334
582.03051338905,-195664.112547942
582.035333286281,-195609.625640905
582.040153183512,-195555.137806594
582.044973080743,-195500.649044955
582.053878497014,-195399.971202361
582.062783913286,-195299.290197352
582.071689329557,-195198.606031613
582.080594745829,-195097.918706805
582.0895001621,-194997.228224647
582.118068317805,-194674.196611666
582.14663647351,-194351.132577976
582.175204629214,-194028.036178327
582.203772784919,-193704.907467652
582.303772784919,-192573.57370551
582.403772784919,-191441.847067505
582.503772784919,-190309.729906712
582.603772784919,-189177.224576212
582.703772784919,-188044.33342909
582.803772784919,-186911.058818416
582.903772784919,-185777.403097284
583,-184686.160147912
583.000384139069,-259583.39924784
583.000768278137,-259575.192139391
583.001152417206,-259566.985019818
583.001536556274,-259558.77789037
583.00268587742,-259534.222590341
583.003835198566,-259509.667201526
583.004984519711,-259485.111725159
583.007165423648,-259438.51603208
583.009346327585,-259391.920020951
583.011527231522,-259345.323691717
583.013708135459,-259298.727044218
583.018500295345,-259196.337839635
583.02329245523,-259093.947100125
583.028084615116,-258991.554826516
583.032876775001,-258889.161019323
583.037668934887,-258786.765679459
583.045077547475,-258628.460891533
583.052486160063,-258470.152443598
583.059894772651,-258311.840338121
583.067303385238,-258153.524577114
583.074711997826,-257995.205163101
583.094709895289,-257567.838990871
583.114707792751,-257140.446262724
583.134705690213,-256713.027023231
583.154703587676,-256285.581317001
583.254703587676,-254147.732566154
583.354703587676,-252009.228700814
583.454703587676,-249870.075298674
583.554703587676,-247730.277937392
583.654703587676,-245589.84219466
583.754703587676,-243448.773648136
583.854703587676,-241307.077875513
583.954703587676,-239164.760454453
584,-238194.164456836
584.000402114849,-169526.258602845
584.000804229697,-169521.678427474
584.001206344546,-169517.098246522
584.001608459394,-169512.518059991
584.002920381142,-169497.574911514
584.00423230289,-169482.631703566
584.005544224638,-169467.688436235
584.008071738265,-169438.898966674
584.010599251892,-169410.109276447
584.013126765519,-169381.319366079
584.015654279146,-169352.529235609
584.020637953764,-169295.761084948
584.025621628381,-169238.992078339
584.030605302998,-169182.222216232
584.035588977615,-169125.451498654
584.040572652232,-169068.679925984
584.048643012485,-168976.74453431
584.056713372737,-168884.806902323
584.06478373299,-168792.867031246
584.072854093243,-168700.924922315
584.080924453496,-168608.980576767
584.10298648363,-168357.619931546
584.125048513763,-168106.242606179
584.147110543897,-167854.848626002
584.169172574031,-167603.438016206
584.269172574031,-166463.667745443
584.369172574031,-165323.558689859
584.469172574031,-164183.11320256
584.569172574031,-163042.333636622
584.669172574031,-161901.222345127
584.769172574031,-160759.781681158
584.869172574031,-159618.0139978
584.969172574031,-158475.921648122
585,-158123.778869479
585.000426268752,-222096.360680867
585.000852537503,-222087.207184072
585.001278806255,-222078.053678809
585.001705075006,-222068.9001622
585.002884015858,-222043.584025762
585.00406295671,-222018.267810232
585.005241897562,-221992.951515271
585.007503027947,-221944.396317999
585.009764158331,-221895.840828537
585.012025288716,-221847.285046873
585.014286419101,-221798.728973614
585.018269634052,-221713.191720011
585.022252849004,-221627.653560989
585.026236063956,-221542.114496857
585.030219278908,-221456.57452797
585.034202493859,-221371.033654679
585.041547863319,-221213.287018339
585.048893232779,-221055.537309936
585.056238602239,-220897.784531497
585.063583971699,-220740.028685399
585.070929341158,-220582.269773797
585.089786001008,-220177.265078377
585.108642660858,-219772.240232419
585.127499320708,-219367.19527339
585.146355980558,-218962.130238689
585.246355980558,-216813.669051784
585.346355980558,-214664.649894128
585.446355980558,-212515.078343369
585.546355980558,-210364.959977198
585.646355980558,-208214.300373278
585.746355980558,-206063.105109284
585.846355980558,-203911.379762903
585.946355980558,-201759.129911795
586,-200604.362376066
586.053644019442,-199449.446370723
586.107288038884,-198294.382756795
586.160932058327,-197139.17239531
586.260932058327,-194985.308948659
586.360932058327,-192830.944120991
586.460932058327,-190676.083489992
586.560932058327,-188520.732633328
586.660932058327,-186364.897128674
586.760932058327,-184208.582553715
586.860932058327,-182051.794486112
586.960932058327,-179894.538503555
587,-179051.617090606
587.000387240163,-127549.669206888
587.000774480327,-127545.21558141
587.00116172049,-127540.761953752
587.001548960654,-127536.308321363
587.003079385651,-127518.706931488
587.004609810648,-127501.105481125
587.006140235646,-127483.503970163
587.008999269658,-127450.62188386
587.01185830367,-127417.739586104
587.014717337682,-127384.857077
587.017576371694,-127351.974356602
587.023447277258,-127284.450417132
587.029318182822,-127216.925587536
587.035189088386,-127149.399868108
587.04105999395,-127081.873259379
587.046930899514,-127014.345761771
587.056691845896,-126902.072822291
587.066452792278,-126789.797429352
587.07621373866,-126677.519585195
587.085974685042,-126565.239291975
587.095735631424,-126452.95655198
587.126942471064,-126093.959655677
587.158149310705,-125734.937842796
587.189356150345,-125375.891184878
587.220562989985,-125016.819753394
587.320562989985,-123866.035969868
587.420562989985,-122715.00089046
587.520562989985,-121563.716868247
587.620562989985,-120412.186256321
587.720562989985,-119260.41140776
587.820562989985,-118108.394675645
587.920562989985,-116956.138413059
588,-116040.651339799
588.000387401576,-162848.183608892
588.000774803152,-162839.811996328
588.001162204728,-162831.440377487
588.001549606303,-162823.068752368
588.002876823889,-162794.387954202
588.004204041475,-162765.707081867
588.005531259061,-162737.026136111
588.008018064856,-162683.286488798
588.010504870651,-162629.546582765
588.012991676446,-162575.806418513
588.015478482241,-162522.065996008
588.021294946197,-162396.369917298
588.027111410153,-162270.672427337
588.032927874109,-162144.973527243
588.038744338064,-162019.273218165
588.04456080202,-161893.571501048
588.053981516212,-161689.974037725
588.063402230403,-161486.372888541
588.072822944594,-161282.768058076
588.082243658786,-161079.159550995
588.091664372977,-160875.547372054
588.135270350202,-159933.033118455
588.178876327426,-158990.440755677
588.222482304651,-158047.77074621
588.266088281875,-157105.023552507
588.366088281875,-154942.766775144
588.466088281875,-152780.112091351
588.566088281875,-150617.065078811
588.666088281875,-148453.631315196
588.766088281875,-146289.816378184
588.866088281875,-144125.62584545
588.966088281875,-141961.065294665
589,-141226.942593647
589.000738934168,-100644.620910094
589.001477868336,-100636.082574199
589.002216802505,-100627.544227171
589.002955736673,-100619.005869011
589.004519557703,-100600.935935702
589.006083378733,-100582.865952416
589.007647199763,-100564.795919458
589.010743003419,-100529.023600787
589.013838807076,-100493.251086941
589.016934610733,-100457.478377958
589.02003041439,-100421.705473907
589.026556568439,-100346.293243057
589.033082722488,-100270.880146309
589.039608876537,-100195.466184328
589.046135030587,-100120.051357709
589.052661184636,-100044.635667166
589.064274518199,-99910.4308209501
589.075887851762,-99776.2232446655
589.087501185325,-99642.0129420421
589.099114518887,-99507.7999167213
589.11072785245,-99373.5841724218
589.155729883502,-98853.4683484321
589.200731914553,-98333.3119662426
589.245733945605,-97813.1152403101
589.290735976656,-97292.8783850969
589.335738007708,-96772.6016150479
589.435738007708,-95616.3413821732
589.535738007708,-94459.887468822
589.635738007708,-93303.242228076
589.735738007708,-92146.4080130134
589.835738007708,-90989.3871767194
589.935738007708,-89832.1820722757
590,-89088.4428563227
590.00072067621,-124965.015672537
590.001441352419,-124949.395500861
590.002162028629,-124933.775312532
590.002882704838,-124918.155107553
590.004273617044,-124888.007910518
590.00566452925,-124857.860651484
590.007055441455,-124827.713330466
590.00957117112,-124773.186000585
590.012086900784,-124718.658467991
590.014602630448,-124664.130732892
590.017118360112,-124609.602795376
590.022679441457,-124489.066750915
590.028240522802,-124368.529718529
590.033801604147,-124247.991699221
590.039362685492,-124127.452693887
590.044923766837,-124006.912703487
590.055156012175,-123785.119679336
590.065388257513,-123563.323329515
590.075620502851,-123341.523660017
590.085852748189,-123119.720676806
590.096084993527,-122897.914385889
590.153316664258,-121657.232071256
590.21054833499,-120416.447508156
590.267780005721,-119175.561742184
590.325011676452,-117934.575818932
590.425011676452,-115765.983335747
590.525011676452,-113597.09384201
590.625011676452,-111427.912915396
590.725011676452,-109258.44613358
590.825011676452,-107088.699074237
590.925011676452,-104918.677315042
591,-103291.237499951
591.074988323548,-101663.648702748
591.149976647095,-100035.913275422
591.224964970643,-98408.0335699509
591.324964970643,-96236.9689046783
591.424964970643,-94065.6574253254
591.524964970643,-91894.1047095667
591.624964970643,-89722.3163350775
591.724964970643,-87550.2978795328
591.824964970643,-85378.054920608
591.924964970643,-83205.5930359782
592,-81575.3452151951
592.001689452203,-58147.7721829889
592.003378904406,-58128.151054977
592.00506835661,-58108.5298934064
592.006757808813,-58088.9086982885
592.008447261016,-58069.2874696345
592.013212864682,-58013.9397633416
592.017978468348,-57958.5917905231
592.022744072014,-57903.2435514928
592.02750967568,-57847.8950464427
592.034233232041,-57769.8061048227
592.040956788402,-57691.7166349669
592.047680344763,-57613.6266375982
592.054403901123,-57535.536113432
592.069298093245,-57362.5461365459
592.084192285366,-57189.5535858325
592.099086477488,-57016.5584690649
592.113980669609,-56843.560794023
592.213980669609,-55681.984161669
592.313980669609,-54520.2949103732
592.413980669609,-53358.4953932135
592.513980669609,-52196.5879632709
592.613980669609,-51034.574973627
592.713980669609,-49872.4587773647
592.813980669609,-48710.2417275647
592.913980669609,-47547.9261773087
593,-46548.0331122714
593.001102664865,-65250.4211760218
593.002205329731,-65226.4476692316
593.003307994596,-65202.4741421111
593.004410659461,-65178.5005946679
593.00656983081,-65131.5569917196
593.008729002159,-65084.6133109052
593.010888173508,-65037.6695523218
593.013047344857,-64990.7257160257
593.018272425045,-64877.1237997304
593.023497505234,-64763.5214293921
593.028722585423,-64649.9186058017
593.033947665611,-64536.3153297376
593.042711712168,-64345.7671158837
593.051475758725,-64155.2176350865
593.060239805281,-63964.6668911
593.069003851838,-63774.1148876889
593.102785207116,-63039.6131306661
593.136566562395,-62305.0929324922
593.170347917673,-61570.5545081888
593.270347917673,-59396.059719699
593.370347917673,-57221.4126800815
593.470347917673,-55046.6189670126
593.570347917673,-52871.684158167
593.670347917673,-50696.6138312201
593.770347917673,-48521.4135638473
593.870347917673,-46346.0889337229
593.970347917674,-44170.645518523
594,-43525.5592336354
594.00444864581,-30989.5585148997
594.008115780635,-30946.8915624834
594.01178291546,-30904.2245259393
594.015450050285,-30861.5574053841
594.01911718511,-30818.890200934
594.022784319935,-30776.2229127049
594.029419951954,-30699.0168057553
594.036055583973,-30621.8104255649
594.042691215992,-30544.6037728109
594.049326848011,-30467.3968481929
594.05596248003,-30390.1896523864
594.073493538169,-30186.2102186761
594.091024596308,-29982.2289096055
594.108555654446,-29778.2457378503
594.126086712585,-29574.2607160923
594.143617770724,-29370.2738570087
594.217257570078,-28513.4004125087
594.290897369433,-27656.4957127184
594.364537168787,-26799.5606973073
594.438176968141,-25942.596305944
594.538176968141,-24778.8264525279
594.638176968141,-23615.0065140099
594.738176968141,-22451.1388434715
594.838176968142,-21287.2257939945
594.938176968142,-20123.2697186607
595,-19403.6562882842
595.001527162216,-27173.0726073562
595.003054324432,-27139.838264261
595.004581486648,-27106.6039049491
595.006108648864,-27073.3695294404
595.009339855798,-27003.0513766584
595.012571062732,-26932.7331516319
595.015802269666,-26862.4148545402
595.0190334766,-26792.096485579
595.025348560285,-26654.6657787821
595.03166364397,-26517.2347995757
595.037978727655,-26379.8035493634
595.04429381134,-26242.3720295501
595.057495147936,-25955.078099156
595.070696484533,-25667.7830095862
595.08389782113,-25380.4867736734
595.097099157727,-25093.1894042498
595.18277296067,-23228.665304211
595.268446763613,-21364.0975117492
595.354120566557,-19499.4895343618
595.454120566557,-17323.039504751
595.554120566557,-15146.5450835705
595.654120566557,-12970.0118484954
595.754120566557,-10793.4453772011
595.854120566557,-8616.85124736263
595.954120566557,-6440.23503665523
596,-5441.60999154019
596.003210657409,-757.579534237942
596.006421314818,-755.139463592329
596.009631972226,-752.699392053909
596.012842629635,-750.259319625953
596.016053287044,-747.81924631096
596.020573720259,-744.383752620917
596.025094153474,-740.948257186608
596.029614586689,-737.512760016114
596.034135019904,-734.077261117484
596.03865545312,-730.641760498836
596.043175886335,-727.206258168022
596.051106296575,-721.179189487771
596.059036706815,-715.152115606634
596.066967117055,-709.125036567984
596.074897527295,-703.097952415325
596.082827937536,-697.070863192087
596.090758347776,-691.043768941847
596.109598785421,-676.725058079691
596.128439223066,-662.406319672668
596.147279660711,-648.087554303582
596.166120098356,-633.768762555289
596.184960536001,-619.449945010619
596.240778318774,-577.028032705336
596.296596101548,-534.60591424831
596.352413884322,-492.183604795765
596.408231667095,-449.761119503923
596.508231667095,-373.758989216624
596.608231667095,-297.756430347445
596.708231667095,-221.753530047561
596.808231667095,-145.750375468147
596.908231667095,-69.7470537603786
596.999999999993,-5.52997610927559e-09
597,0
597.091768332905,0
597.183536665809,0
597.275304998714,0
597.375304998714,0
597.475304998714,0
597.575304998714,0
597.675304998714,0
597.775304998714,0
597.875304998714,0
597.975304998714,0
598,0
598.024695001286,0
598.049390002573,0
598.149390002573,0
598.249390002573,0
598.349390002573,0
598.449390002573,0
598.549390002573,0
598.649390002573,0
598.749390002573,0
598.849390002573,0
598.949390002573,0
599,0
599.050609997427,0
599.101219994854,0
599.201219994854,0
599.301219994854,0
599.401219994854,0
599.501219994854,0
599.601219994854,0
599.701219994854,0
599.801219994854,0
599.901219994855,0
600,0
600.098780005145,0
600.197560010291,0
600.297560010291,0
600.397560010291,0
600.497560010291,0
600.597560010291,0
600.697560010291,0
600.797560010291,0
600.897560010291,0
600.997560010291,0
601,0
601.002439989709,0
601.004879979418,0
601.029279876506,0
601.053679773594,0
601.078079670682,0
601.178079670682,0
601.278079670682,0
601.378079670682,0
601.478079670682,0
601.578079670682,0
601.678079670682,0
601.778079670682,0
601.878079670682,0
601.978079670682,0
602,0
602.021920329318,0
602.043840658635,0
602.143840658635,0
602.243840658635,0
602.343840658635,0
602.443840658635,0
602.543840658635,0
602.643840658635,0
602.743840658635,0
602.843840658635,0
602.943840658635,0
603,0
603.056159341365,0
603.112318682729,0
603.212318682729,0
603.312318682729,0
603.412318682729,0
603.512318682729,0
603.612318682729,0
603.712318682729,0
603.812318682729,0
603.912318682729,0
604,0
604.000000000007,1.2984188864948e-07
604.01177656152,210.156666057306
604.023553123032,420.313336154904
604.035329684545,630.470014592771
604.047106246057,840.626705541041
604.090865614257,1621.52749052509
604.134624982456,2402.42871976811
604.178384350656,3183.3306072178
604.278384350656,4967.87070170451
604.378384350656,6752.41790405935
604.478384350656,8536.97476753938
604.578384350656,10321.5438454017
604.678384350656,12106.1276909034
604.778384350656,13890.7288573015
604.878384350656,15675.3498978531
604.978384350656,17459.9933658153
605,17845.7588356583
605.021615649344,18231.5254984759
605.043231298687,18617.2933800546
605.064846948031,19003.0625061816
605.086462597375,19388.8329026437
605.186462597375,21173.5312209169
605.286462597375,22958.2598326303
605.386462597375,24743.0212910409
605.486462597375,26527.818149406
605.586462597375,28312.6529609825
605.686462597375,30097.5282790275
605.786462597375,31882.4466567982
605.886462597375,33667.4106475513
605.986462597375,35452.4228045443
606,35694.0709283919
606.013537402625,35935.7199880664
606.027074805251,36177.3699899004
606.040612207876,36419.0209402298
606.140612207876,38204.1123467497
606.240612207876,39989.258408602
606.340612207876,41774.461679044
606.440612207876,43559.7247113329
606.540612207876,45345.0500587257
606.640612207876,47130.4402744794
606.740612207876,48915.8979118509
606.840612207876,50701.425524098
606.940612207876,52487.025664477
607,53547.489535276
607.059387792124,54607.9804213984
607.118775584248,55668.4988576365
607.178163376372,56729.0453787836
607.278163376372,58514.9091940018
607.378163376372,60300.8567091579
607.478163376372,62086.8904775092
607.578163376372,63873.0130523136
607.678163376372,65659.2269868272
607.778163376372,67445.5348343072
607.878163376372,69231.9391480115
607.978163376372,71018.4424811963
608,71408.5679133853
608.003391189113,51118.0715052706
608.006150552343,51141.5922091988
608.008909915574,51165.1129477387
608.011669278804,51188.6337209028
608.014428642034,51212.1545286719
608.022441253894,51280.4542158362
608.030453865754,51348.7541954982
608.038466477614,51417.054468064
608.046479089474,51485.3550339187
608.05652489447,51570.9872225944
608.066570699465,51656.6198736638
608.076616504461,51742.2529878926
608.086662309456,51827.8865660575
608.161295104086,52464.0944102468
608.235927898716,53100.3282172758
608.310560693346,53736.5883016373
608.410560693346,54589.150824885
608.510560693346,55441.7618453462
608.610560693346,56294.4221195411
608.710560693346,57147.1324039905
608.810560693346,57999.8934552149
608.910560693346,58852.7060297349
609,59615.4999505685
609.001063480644,83340.477535281
609.002126961288,83359.4852890356
609.003190441932,83378.4930563079
609.004253922576,83397.5008370654
609.006199215407,83432.2694405087
609.008144508238,83467.0380890638
609.010089801069,83501.8067828257
609.012035093901,83536.5755217547
609.016770159526,83621.2068047625
609.021505225151,83705.8383558904
609.026240290776,83790.4701754063
609.030975356402,83875.1022635572
609.038579245708,84011.0107695732
609.046183135015,84146.9199702085
609.053787024322,84282.8298665882
609.061390913628,84418.7404598348
609.083049631273,84805.868436468
609.104708348917,85193.0021019905
609.126367066561,85580.14148235
609.226367066561,87367.6692471548
609.326367066561,89155.3219436899
609.426367066561,90943.1021252124
609.526367066561,92731.0123449799
609.626367066561,94519.0551562469
609.726367066561,96307.2331122731
609.826367066561,98095.5487663155
609.926367066561,99884.0046716286
610,101200.988363042
610.073632933439,102518.050499661
610.147265866877,103835.192100811
610.220898800316,105152.414185807
610.320898800316,106941.448335002
610.420898800316,108730.635362134
610.520898800316,110519.977820463
610.620898800316,112309.478263246
610.720898800316,114099.139243737
610.820898800316,115888.963315196
610.920898800316,117678.953030881
611,119094.9753879
611.079101199684,120511.10424978
611.158202399367,121927.340880219
611.237303599051,123343.686542917
611.337303599051,125134.393460883
611.437303599051,126925.279208212
611.537303599051,128716.346338167
611.637303599051,130507.597404002
611.737303599051,132299.034958974
611.837303599051,134090.661556341
611.937303599051,135882.479749361
612,137005.984126593
612.062696400949,138129.56544988
612.125392801898,139253.224348469
612.225392801898,141045.608781131
612.325392801898,142838.194718359
612.425392801898,144630.984713411
612.525392801898,146423.981319545
612.625392801898,148217.187090015
612.725392801898,150010.604578082
612.825392801898,151804.236337001
612.925392801898,153598.084920028
613,154936.567836198
613.074607198102,156275.173923262
613.149214396205,157613.904241542
613.223821594307,158952.759851355
613.323821594307,160747.497676422
613.423821594307,162542.465051766
613.523821594307,164337.664530647
613.623821594307,166133.098666317
613.723821594307,167928.770012037
613.823821594307,169724.681121065
613.923821594307,171520.834546652
614,172889.279773788
614.076178405693,174257.868231268
614.152356811386,175626.601047832
614.228535217079,176995.479352195
614.328535217079,178792.639542916
614.428535217079,180590.054936828
614.528535217079,182387.7280872
614.628535217079,184185.661547285
614.728535217079,185983.857870341
614.828535217079,187782.319609624
614.928535217079,189581.049318395
615,190866.673196436
615.071464782921,192152.436168171
615.142929565842,193438.339165503
615.214394348763,194724.383120321
615.314394348763,196524.170747182
615.414394348763,198324.238748752
615.514394348763,200124.5896783
615.614394348763,201925.226089079
615.714394348763,203726.150534347
615.814394348763,205527.36556736
615.914394348763,207328.87374138
616,208871.301361224
616.000378922378,149609.645397762
616.000757844755,149612.91404717
616.001136767133,149616.18269848
616.00151568951,149619.45135169
616.002956169909,149631.877214537
616.004396650309,149644.303104762
616.005837130708,149656.729022202
616.008540911504,149680.052536325
616.011244692299,149703.37614686
616.013948473095,149726.699854521
616.01665225389,149750.023658762
616.022793738404,149803.002715772
616.028935222918,149855.982272635
616.035076707433,149908.962329798
616.041218191947,149961.94288725
616.047359676461,150014.923945167
616.056767570277,150096.084474108
616.066175464092,150177.246178526
616.075583357908,150258.409059229
616.084991251723,150339.573116685
616.094399145539,150420.738351687
616.139361963075,150808.664798282
616.184324780611,151196.618222955
616.229287598147,151584.598694462
616.274250415683,151972.606281544
616.374250415683,152835.655964792
616.474250415683,153698.840870422
616.574250415683,154562.16175497
616.674250415683,155425.619374945
616.774250415683,156289.21448687
616.874250415683,157152.947847263
616.974250415683,158016.820212656
617,158239.286352852
617.000165376546,220893.761398023
617.000330753091,220896.74471326
617.000496129637,220899.728031782
617.001781689489,220922.918962376
617.003067249342,220946.109946335
617.004352809194,220969.300982974
617.006731230112,221012.206976273
617.00910965103,221055.113147595
617.011488071947,221098.019497523
617.013866492865,221140.926025416
617.019191069617,221236.981621856
617.024515646369,221333.038112375
617.02984022312,221429.095497451
617.035164799872,221525.153777467
617.040489376624,221621.212952811
617.048624261703,221767.973831464
617.056759146782,221914.73680215
617.064894031861,222061.50186638
617.07302891694,222208.269025479
617.081163802019,222355.038280823
617.107532653992,222830.798428573
617.133901505965,223306.580662844
617.160270357938,223782.385030448
617.186639209912,224258.211578245
617.286639209912,226062.916282228
617.386639209912,227867.943206559
617.486639209912,229673.294904489
617.586639209912,231478.97392928
617.686639209912,233284.982834175
617.786639209912,235091.324172444
617.886639209912,236898.000497341
617.986639209912,238705.014362121
618,238946.471390716
618.013360790088,239187.934496378
618.026721580177,239429.403685311
618.040082370265,239670.878963475
618.140082370265,241478.415724833
618.240082370265,243286.29649712
618.340082370265,245094.523833595
618.440082370265,246903.100287528
618.540082370265,248712.028412173
618.640082370265,250521.310760785
618.740082370265,252330.949886622
618.840082370265,254140.948342946
618.940082370265,255951.308683001
619,257036.208124663
619.059917629735,258121.238952901
619.11983525947,259206.401716951
619.179752889205,260291.696966047
619.279752889205,262103.305584048
619.379752889205,263915.287311708
619.479752889205,265727.644702283
619.579752889205,267540.380309035
619.679752889205,269353.496685206
619.779752889205,271166.996384068
619.879752889205,272980.881958874
619.979752889205,274795.155962879
620,275162.541543384
620.020247110795,275529.943173195
620.040494221591,275897.36087359
620.060741332386,276264.794665663
620.160741332386,278079.778174027
620.260741332386,279895.157285927
620.360741332386,281710.934554647
620.460741332386,283527.112533438
620.560741332386,285343.693775558
620.660741332386,287160.680834264
620.760741332386,288978.076262819
620.860741332386,290795.882614463
620.960741332386,292614.102442469
621,293328.024903905
621.000150246819,127386.63796279
621.000300493637,127387.039937222
621.000450740456,127387.441904693
621.000600987275,127387.843875802
621.001329095029,127389.791861892
621.002057202783,127391.739849044
621.002785310537,127393.687838654
621.004557563195,127398.429358134
621.006329815852,127403.170892358
621.008102068509,127407.912441438
621.009874321167,127412.654004475
621.012768261401,127420.396611759
621.015662201635,127428.139258065
621.01855614187,127435.881943006
621.021450082104,127443.624666584
621.024344022338,127451.367429354
621.029149545923,127464.224735708
621.033955069507,127477.082149221
621.038760593092,127489.939669813
621.043566116676,127502.797297497
621.04837164026,127515.655032281
621.056573712452,127537.600873566
621.064775784644,127559.54702702
621.072977856835,127581.493492484
621.081179929027,127603.440270204
621.089382001218,127625.387360232
621.113436966226,127689.755393321
621.137491931233,127754.126113944
621.161546896241,127818.499523312
621.185601861248,127882.875622764
621.285601861248,128150.525328234
621.385601861248,128418.221640682
621.485601861248,128685.964654652
621.585601861248,128953.75446473
621.685601861248,129221.59116546
621.785601861248,129489.474851423
621.885601861248,129757.405617184
621.985601861248,130025.383557292
622,130063.971283593
622.000609520415,41840.44947576
622.001219040829,41840.44947576
622.001828561244,41840.44947576
622.002438081658,41840.44947576
622.003047602073,41840.44947576
622.004284706448,41840.44947576
622.005521810824,41840.44947576
622.006758915199,41840.44947576
622.007996019575,41840.44947576
622.010846735877,41840.44947576
622.01369745218,41840.44947576
622.016548168482,41840.44947576
622.019398884784,41840.44947576
622.0239995929,41840.44947576
622.028600301017,41840.44947576
622.033201009133,41840.44947576
622.037801717249,41840.44947576
622.042402425365,41840.44947576
622.050614453913,41840.44947576
622.058826482461,41840.44947576
622.067038511008,41840.44947576
622.075250539556,41840.44947576
622.083462568104,41840.44947576
622.106174170057,41840.44947576
622.12888577201,41840.44947576
622.151597373963,41840.44947576
622.174308975916,41840.44947576
622.274308975916,41840.44947576
622.374308975916,41840.44947576
622.474308975916,41840.44947576
622.574308975916,41840.44947576
622.674308975916,41840.44947576
622.774308975916,41840.44947576
622.874308975916,41840.44947576
622.974308975916,41840.44947576
623,41840.44947576
623.025691024084,41840.44947576
623.051382048168,41840.44947576
623.077073072252,41840.44947576
623.177073072252,41840.44947576
623.277073072252,41840.44947576
623.377073072252,41840.44947576
623.477073072252,41840.44947576
623.577073072252,41840.44947576
623.677073072252,41840.44947576
623.777073072252,41840.44947576
623.877073072252,41840.44947576
623.977073072252,41840.44947576
624,41840.44947576
624.022926927748,41840.44947576
624.045853855496,41840.44947576
624.068780783244,41840.44947576
624.168780783244,41840.44947576
624.268780783244,41840.44947576
624.368780783244,41840.44947576
624.468780783244,41840.44947576
624.568780783244,41840.44947576
624.668780783244,41840.44947576
624.768780783244,41840.44947576
624.868780783244,41840.44947576
624.968780783244,41840.44947576
625,41840.44947576
625.031219216756,41840.44947576
625.062438433511,41840.44947576
625.093657650267,41840.44947576
625.193657650267,41840.44947576
625.293657650267,41840.44947576
625.393657650267,41840.44947576
625.493657650267,41840.44947576
625.593657650267,41840.44947576
625.693657650267,41840.44947576
625.793657650267,41840.44947576
625.893657650267,41840.44947576
625.993657650267,41840.44947576
626,41840.44947576
626.006342349733,41840.44947576
626.012684699465,41840.44947576
626.019027049198,41840.44947576
626.082450546523,41840.44947576
626.145874043849,41840.44947576
626.209297541175,41840.44947576
626.2727210385,41840.44947576
626.3727210385,41840.44947576
626.4727210385,41840.44947576
626.5727210385,41840.44947576
626.6727210385,41840.44947576
626.7727210385,41840.44947576
626.8727210385,41840.44947576
626.9727210385,41840.44947576
627,41840.44947576
627.0272789615,41840.44947576
627.054557922999,41840.44947576
627.081836884499,41840.44947576
627.181836884499,41840.44947576
627.281836884499,41840.44947576
627.381836884499,41840.44947576
627.481836884499,41840.44947576
627.581836884499,41840.44947576
627.681836884499,41840.44947576
627.781836884499,41840.44947576
627.881836884499,41840.44947576
627.981836884499,41840.44947576
628,41840.44947576
628.018163115501,41840.44947576
628.036326231002,41840.44947576
628.054489346503,41840.44947576
628.154489346503,41840.44947576
628.254489346503,41840.44947576
628.354489346503,41840.44947576
628.454489346503,41840.44947576
628.554489346503,41840.44947576
628.654489346503,41840.44947576
628.754489346503,41840.44947576
628.854489346503,41840.44947576
628.954489346503,41840.44947576
629,41840.44947576
629.0001019564,-270263.40155209
629.0002039128,-270261.226750216
629.0003058692,-270259.051942723
629.0004078256,-270256.877129609
629.000579271772,-270253.220054423
629.000750717945,-270249.562969452
629.000922164118,-270245.905885343
629.001093610291,-270242.248802095
629.00137719297,-270236.199745325
629.001612211,-270231.186613713
629.00168271641,-270229.682672521
629.001753221819,-270228.178731369
629.001823727228,-270226.674789871
629.001894232637,-270225.170848026
629.002005299681,-270222.801691013
629.002116366725,-270220.432532574
629.002227433769,-270218.063373274
629.002338500813,-270215.694208622
629.002626077403,-270209.559941474
629.002913653993,-270203.425662116
629.003201230582,-270197.291380463
629.003488807172,-270191.157089576
629.003965118564,-270180.996891656
629.004441429957,-270170.836675531
629.004917741349,-270160.676445689
629.005394052741,-270150.516198989
629.006256398074,-270132.121381928
629.007118743407,-270113.726514553
629.007981088741,-270095.331594781
629.008843434074,-270076.936623196
629.010381629357,-270044.124745438
629.01191982464,-270011.312703092
629.013458019923,-269978.50049594
629.014996215206,-269945.688124327
629.017331105034,-269895.880561408
629.019665994862,-269846.072619497
629.022000884689,-269796.264297873
629.024335774517,-269746.455596606
629.027438696559,-269680.262372111
629.030541618602,-269614.06847741
629.033644540644,-269547.873913228
629.036747462686,-269481.67867973
629.039850384729,-269415.482776604
629.045860333004,-269287.268192997
629.05187028128,-269159.051100304
629.057880229556,-269030.831499859
629.063890177832,-268902.609392626
629.069900126107,-268774.384780063
629.081299994882,-268531.157212611
629.092699863657,-268287.920643349
629.104099732432,-268044.675080557
629.115499601206,-267801.420532497
629.126899469981,-267558.157007434
629.163864126476,-266769.300960582
629.200828782971,-265980.35089688
629.237793439466,-265191.307098055
629.274758095961,-264402.169845785
629.374758095961,-262266.861028206
629.474758095961,-260130.875904022
629.574758095961,-257994.220050895
629.674758095961,-255856.899046518
629.774758095961,-253718.918468552
629.874758095961,-251580.283894674
629.974758095961,-249441.000902571
630,-248900.903310867
630.000470533049,-177111.168972555
630.000941066097,-177105.820569856
630.001411599146,-177100.472157217
630.001882132195,-177095.123737567
630.003119728826,-177081.056279384
630.004357325458,-177066.988765735
630.00559492209,-177052.92119684
630.008048013751,-177025.037121125
630.010501105411,-176997.15282874
630.012954197072,-176969.268319009
630.015407288732,-176941.383592716
630.020242732024,-176886.417618969
630.025078175316,-176831.450802794
630.029913618608,-176776.483144379
630.0347490619,-176721.514643992
630.039584505191,-176666.545301898
630.047423480666,-176577.430004167
630.055262456142,-176488.312496162
630.063101431617,-176399.192779012
630.070940407092,-176310.070853852
630.078779382567,-176220.946721813
630.100779976972,-175970.802271135
630.122780571377,-175720.64047133
630.144781165782,-175470.461347397
630.166781760187,-175220.264924396
630.266781760187,-174082.821856859
630.366781760187,-172945.024261029
630.466781760187,-171806.874490013
630.566781760187,-170668.37489689
630.666781760187,-169529.527834742
630.766781760187,-168390.335656649
630.866781760187,-167250.800715698
630.966781760187,-166110.925364958
631,-165732.203921777
631.000445012988,-232825.456517538
631.000890025975,-232815.913546423
631.001335038963,-232806.370563436
631.00178005195,-232796.827568575
631.002942466166,-232771.900345956
631.004104880382,-232746.973041971
631.005267294598,-232722.045657736
631.007509212437,-232673.968635478
631.009751130276,-232625.891312114
631.011993048115,-232577.813687652
631.014234965954,-232529.735761965
631.0182053965,-232444.589145231
631.022175827047,-232359.441584501
631.026146257593,-232274.2930806
631.03011668814,-232189.143633769
631.034087118687,-232103.993244357
631.041328866983,-231948.683306624
631.04857061528,-231793.370236583
631.055812363577,-231638.054036154
631.063054111873,-231482.734707691
631.07029586017,-231327.412253077
631.088480604901,-230937.368472814
631.106665349633,-230547.305027812
631.124850094364,-230157.2219517
631.143034839096,-229767.11927802
631.243034839096,-227621.551163002
631.343034839096,-225475.397003617
631.443034839096,-223328.66237751
631.543034839096,-221181.352862372
631.643034839096,-219033.474035863
631.743034839096,-216885.031475673
631.843034839096,-214736.030759467
631.943034839096,-212586.477464919
632,-211361.736062686
632.00051708425,-150495.143276237
632.001034168499,-150489.225521039
632.001551252749,-150483.30775691
632.002068336999,-150477.389983851
632.003390399613,-150462.259597653
632.004712462227,-150447.129157016
632.006034524842,-150431.998663226
632.008655281609,-150402.004960859
632.011276038377,-150372.011048167
632.013896795145,-150342.016925702
632.016517551913,-150312.022593357
632.021896351414,-150250.462045588
632.027275150915,-150188.900614255
632.032653950416,-150127.338299763
632.038032749917,-150065.775102478
632.043411549419,-150004.211022766
632.052169764122,-149903.965311936
632.060927978826,-149803.717264078
632.069686193529,-149703.46688081
632.078444408233,-149603.214163581
632.087202622936,-149502.959114103
632.114224444363,-149193.626365171
632.14124626579,-148884.271476271
632.168268087217,-148574.894493826
632.195289908643,-148265.495464307
632.295289908643,-147120.307522172
632.395289908643,-145974.820627833
632.495289908643,-144829.037134357
632.595289908643,-143682.959394837
632.695289908643,-142536.589762352
632.795289908643,-141389.930589982
632.895289908643,-140242.984230811
632.995289908643,-139095.753037922
633,-139041.710416339
633.000532390627,-195209.327044818
633.001064781255,-195197.859009419
633.001597171882,-195186.390958444
633.00212956251,-195174.922893918
633.003332583541,-195149.008931938
633.004535604572,-195123.094896914
633.005738625603,-195097.180788976
633.008088350261,-195046.565489914
633.010438074919,-194995.9499135
633.012787799577,-194945.334060402
633.015137524236,-194894.717930538
633.019209695543,-194806.997401099
633.02328186685,-194719.276040795
633.027354038158,-194631.553850303
633.031426209465,-194543.830829911
633.037486745023,-194413.272781533
633.04354728058,-194282.71289701
633.049607816138,-194152.151177592
633.055668351696,-194021.587624521
633.068020902701,-193755.468020061
633.080373453707,-193489.340813833
633.092726004712,-193223.206016358
633.156993303464,-191838.44973686
633.221260602216,-190453.489737556
633.285527900968,-189068.327498997
633.385527900968,-186912.61458658
633.485527900968,-184756.421186899
633.585527900968,-182599.752877614
633.685527900968,-180442.615236414
633.785527900968,-178285.013840959
633.885527900968,-176126.954268938
633.985527900968,-173968.442098014
634,-173656.022919389
634.014472099032,-173343.594395171
634.028944198065,-173031.156542258
634.043416297097,-172718.709377622
634.143416297097,-170559.493961023
634.243416297097,-168399.840329719
634.343416297097,-166239.754061364
634.443416297097,-164079.240733646
634.543416297097,-161918.305924227
634.643416297097,-159756.955210795
634.743416297097,-157595.194171013
634.843416297097,-155433.028382569
634.943416297097,-153270.463423126
635,-152046.629370274
635.000574602627,-108345.154379141
635.001149205254,-108338.522998312
635.001723807881,-108331.89160999
635.002298410509,-108325.260214174
635.003835861219,-108307.516709785
635.00537331193,-108289.773153449
635.006910762641,-108272.029545047
635.009924373545,-108237.249527424
635.012937984448,-108202.469310552
635.015951595351,-108167.6888945
635.018965206254,-108132.908279333
635.025886048565,-108053.032863726
635.032806890876,-107973.156399085
635.039727733187,-107893.278886201
635.046648575497,-107813.400325853
635.053569417808,-107733.52071882
635.065387600265,-107597.114128539
635.077205782721,-107460.704492297
635.089023965178,-107324.291814007
635.100842147634,-107187.876097554
635.200842147634,-106033.468253538
635.300842147634,-104878.845514548
635.400842147634,-103724.010233661
635.500842147634,-102568.964763955
635.600842147634,-101413.711458513
635.700842147634,-100258.25267042
635.800842147634,-99102.5907527512
635.900842147634,-97946.7280585936
636,-96800.4035043308
636.000488961879,-135803.067008978
636.000977923758,-135792.477275686
636.001466885637,-135781.88753406
636.001955847516,-135771.297784102
636.003338188714,-135741.359520327
636.004720529912,-135711.421190115
636.006102871111,-135681.482793159
636.008786990772,-135623.35061683
636.011471110433,-135565.218189645
636.014155230094,-135507.085511722
636.016839349755,-135448.952583309
636.022114947189,-135334.692443666
636.027390544623,-135220.431337234
636.032666142057,-135106.16926482
636.037941739491,-134991.906227242
636.043217336925,-134877.642225321
636.053003692757,-134665.677295687
636.062790048588,-134453.709055704
636.07257640442,-134241.737510555
636.082362760251,-134029.762665518
636.092149116083,-133817.784525769
636.1163474349,-133293.620802433
636.140545753718,-132769.437046239
636.164744072535,-132245.233336226
636.188942391353,-131721.009751426
636.288942391353,-129554.437032024
636.388942391353,-127387.531824191
636.488942391353,-125220.299705602
636.588942391353,-123052.746253932
636.688942391353,-120884.877046857
636.788942391353,-118716.697662052
636.888942391353,-116548.213677189
636.988942391353,-114379.430669948
637,-114139.597013098
637.000614225263,-81361.3481087135
637.001228450526,-81354.2319112954
637.001842675789,-81347.1157074934
637.002456901052,-81339.9994974788
637.004218702243,-81319.5878192073
637.005980503433,-81299.1760898582
637.007742304624,-81278.7643093665
637.011151468776,-81239.2664557681
637.014560632929,-81199.7684109321
637.017969797081,-81160.2701750857
637.021378961234,-81120.7717483223
637.029056017663,-81031.8250095425
637.036733074092,-80942.8773040485
637.044410130522,-80853.9286328333
637.052087186951,-80764.9789970159
637.059764243381,-80676.0283976204
637.075416748021,-80494.6668868659
637.091069252662,-80313.3013840452
637.106721757303,-80131.9318981766
637.122374261943,-79950.5584382839
637.222374261944,-78791.7148386138
637.322374261944,-77632.7117558721
637.422374261944,-76473.5515431379
637.522374261944,-75314.2365534957
637.622374261944,-74154.7691400274
637.722374261944,-72995.1516558117
637.822374261944,-71835.3864539332
637.922374261944,-70675.4758874736
638,-69774.9880339951
638.000902838175,-97844.9297105012
638.00180567635,-97825.3290412754
638.002708514525,-97805.7283516982
638.0036113527,-97786.1276414754
638.00525241464,-97750.4999647509
638.006893476581,-97714.8722205464
638.008534538521,-97679.2444087409
638.010175600461,-97643.616529523
638.01444735741,-97550.875265016
638.018719114359,-97458.1335439196
638.022990871308,-97365.3913667563
638.027262628256,-97272.648733898
638.033806777031,-97130.5701078253
638.040350925806,-96988.4904149512
638.046895074581,-96846.4096567922
638.053439223356,-96704.327834925
638.067350618952,-96402.290155247
638.081262014548,-96100.247690845
638.095173410145,-95798.2004567104
638.188049913354,-93781.52459462
638.280926416563,-91764.6412704816
638.373802919772,-89747.5549528883
638.473802919772,-87575.5391389715
638.573802919772,-85403.2987568591
638.673802919772,-83230.8393842262
638.773802919772,-81058.166598748
638.873802919772,-78885.2859781005
638.973802919772,-76712.2030999563
639,-76142.8860970127
639.026197080228,-75573.5556964656
639.052394160455,-75004.2119985994
639.078591240683,-74434.8551036883
639.178591240683,-72261.3754329308
639.278591240683,-70087.7105047797
639.378591240683,-67913.8658969118
639.478591240683,-65739.847187002
639.578591240683,-63565.6599527255
639.678591240683,-61391.3097717576
639.778591240683,-59216.8022217729
639.878591240683,-57042.1428804472
639.978591240683,-54867.3373254556
640,-54401.719971554
640.003378303222,-38757.128257412
640.006756606444,-38717.8377456824
640.010134909666,-38678.5471446158
640.013513212888,-38639.2564543027
640.016891516109,-38599.9656748341
640.021778781986,-38543.1250049591
640.026666047862,-38486.2841489605
640.031553313739,-38429.4431071132
640.036440579615,-38372.6018796919
640.046922005965,-38250.6972798787
640.057403432314,-38128.791830491
640.067884858664,-38006.8855342465
640.078366285013,-37884.9783938454
640.118485602759,-37418.3517748174
640.158604920504,-36951.7129797916
640.198724238249,-36485.06216072
640.298724238249,-35321.853399158
640.398724238249,-34158.5732307641
640.498724238249,-32995.2240086203
640.598724238249,-31831.8080858079
640.698724238249,-30668.3278154086
640.79872423825,-29504.7855505046
640.89872423825,-28341.1836441772
640.99872423825,-27177.524449508
641,-27162.6785707041
641.00127576175,-38058.6314974196
641.002551523501,-38030.8735039738
641.003827285251,-38003.1154946645
641.006678352167,-37941.0819566434
641.009529419082,-37879.0483395866
641.012380485997,-37817.0146436132
641.015969544922,-37738.9235583824
641.019558603847,-37660.8323485675
641.023147662772,-37582.7410144191
641.029206043463,-37450.9214899754
641.035264424155,-37319.1016132426
641.041322804846,-37187.2813854671
641.053834550599,-36915.045625057
641.066346296352,-36642.8083836414
641.078858042106,-36370.5696721424
641.117347549981,-35533.0807948888
641.155837057856,-34695.5784270224
641.194326565732,-33858.062886582
641.294326565732,-31682.0455564117
641.394326565732,-29505.9470335056
641.494326565732,-27329.7728955385
641.594326565732,-25153.5287201859
641.694326565732,-22977.2200851228
641.794326565732,-20800.8525680246
641.894326565732,-18624.4317465663
641.994326565732,-16447.9631984232
642,-16324.4813699213
642.005673434268,-11576.8402179075
642.010216768993,-11523.9461460278
642.014760103718,-11471.052026072
642.019303438443,-11418.1578582611
642.023846773168,-11365.2636428158
642.028390107893,-11312.3693799567
642.039014098505,-11188.6829203004
642.049638089116,-11064.9962054156
642.060262079728,-10941.309238124
642.070886070339,-10817.6220212466
642.081510060951,-10693.9345576059
642.107506659561,-10391.2738784122
642.133503258172,-10088.6117799158
642.159499856783,-9785.94830345812
642.185496455393,-9483.28349038078
642.285496455393,-8319.02403693416
642.385496455393,-7154.74777063526
642.485496455393,-5990.45704456577
642.585496455393,-4826.15421180743
642.685496455393,-3661.84162544194
642.785496455393,-2497.52163855103
642.885496455393,-1333.19660421643
642.985496455393,-168.868875519843
642.999999999993,-8.47160347814206e-08
643,0
643.014503544607,0
643.029007089213,0
643.04351063382,0
643.083583983605,0
643.123657333389,0
643.163730683174,0
643.263730683174,0
643.363730683174,0
643.463730683174,0
643.563730683174,0
643.663730683174,0
643.763730683174,0
643.863730683174,0
643.963730683174,0
644,0
644.036269316826,0
644.072538633651,0
644.172538633651,0
644.272538633651,0
644.372538633651,0
644.472538633651,0
644.572538633651,0
644.672538633651,0
644.772538633651,0
644.872538633651,0
644.972538633651,0
645,0
645.027461366349,0
645.054922732697,0
645.154922732697,0
645.254922732697,0
645.354922732697,0
645.454922732697,0
645.554922732697,0
645.654922732697,0
645.754922732697,0
645.854922732697,0
645.954922732697,0
646,0
646.045077267303,0
646.090154534605,0
646.190154534605,0
646.290154534605,0
646.390154534605,0
646.490154534605,0
646.590154534605,0
646.690154534605,0
646.790154534605,0
646.890154534605,0
646.990154534605,0
647,0
647.009845465395,0
647.019690930789,0
647.118145584734,0
647.216600238679,0
647.315054892624,0
647.415054892624,0
647.515054892624,0
647.615054892624,0
647.715054892624,0
647.815054892624,0
647.915054892624,0
648,0
648.084945107376,0
648.169890214751,0
648.269890214751,0
648.369890214751,0
648.469890214751,0
648.569890214751,0
648.669890214751,0
648.769890214752,0
648.869890214752,0
648.969890214752,0
649,0
649.030109785248,0
649.060219570497,0
649.160219570497,0
649.260219570497,0
649.360219570497,0
649.460219570497,0
649.560219570497,0
649.660219570497,0
649.760219570497,0
649.860219570497,0
649.960219570497,0
650,0
650.039780429503,0
650.079560859006,0
650.179560859006,0
650.279560859006,0
650.379560859006,0
650.479560859006,0
650.579560859006,0
650.679560859006,0
650.779560859006,0
650.879560859006,0
650.979560859006,0
651,0
651.020439140994,0
651.040878281988,0
651.140878281988,0
651.240878281988,0
651.340878281988,0
651.440878281988,0
651.540878281988,0
651.640878281988,0
651.740878281988,0
651.840878281988,0
651.940878281988,0
652,0
652.059121718012,0
652.118243436024,0
652.218243436024,0
652.318243436024,0
652.418243436024,0
652.518243436024,0
652.618243436024,0
652.718243436024,0
652.818243436024,0
652.918243436024,0
653,0
653.081756563976,0
653.163513127952,0
653.263513127952,0
653.363513127952,0
653.463513127952,0
653.563513127952,0
653.663513127952,0
653.763513127952,0
653.863513127952,0
653.963513127952,0
654,0
654.036486872048,0
654.072973744095,0
654.172973744095,0
654.272973744095,0
654.372973744095,0
654.472973744095,0
654.572973744095,0
654.672973744095,0
654.772973744095,0
654.872973744095,0
654.972973744095,0
655,0
655.027026255905,0
655.054052511809,0
655.154052511809,0
655.254052511809,0
655.354052511809,0
655.454052511809,0
655.554052511809,0
655.654052511809,0
655.754052511809,0
655.854052511809,0
655.954052511809,0
656,0
656.045947488191,0
656.091894976381,0
656.191894976381,0
656.291894976381,0
656.391894976381,0
656.491894976381,0
656.591894976381,0
656.691894976381,0
656.791894976381,0
656.891894976381,0
656.991894976381,0
657,0
657.008105023619,0
657.016210047237,0
657.097260283424,0
657.178310519611,0
657.259360755797,0
657.359360755797,0
657.459360755797,0
657.559360755797,0
657.659360755797,0
657.759360755798,0
657.859360755798,0
657.959360755798,0
658,0
658.040639244202,0
658.081278488405,0
658.181278488405,0
658.281278488405,0
658.381278488405,0
658.481278488405,0
658.581278488405,0
658.681278488405,0
658.781278488405,0
658.881278488405,0
658.981278488405,0
659,0
659.018721511595,0
659.03744302319,0
659.13744302319,0
659.23744302319,0
659.33744302319,0
659.43744302319,0
659.53744302319,0
659.63744302319,0
659.73744302319,0
659.83744302319,0
659.93744302319,0
660,0
660.06255697681,0
660.12511395362,0
660.22511395362,0
660.32511395362,0
660.42511395362,0
660.52511395362,0
660.62511395362,0
660.72511395362,0
660.82511395362,0
660.92511395362,0
661,0
661.07488604638,0
661.14977209276,0
661.24977209276,0
661.34977209276,0
661.44977209276,0
661.54977209276,0
661.64977209276,0
661.74977209276,0
661.84977209276,0
661.94977209276,0
662,0
662.000000000007,1.2984188864948e-07
662.009864835747,176.041282195802
662.019729671487,352.082566712879
662.029594507227,528.123856132191
662.05415902054,966.485839948937
662.078723533853,1404.8479072071
662.103288047166,1843.2100957526
662.203288047166,3627.74653114282
662.303288047166,5412.28815699948
662.403288047166,7196.83752657967
662.503288047166,8981.39719314046
662.603288047166,10765.9697099389
662.703288047166,12550.5576302321
662.803288047166,14335.1635072772
662.903288047166,16119.7898943311
663,17845.7588356584
663.096711952834,19571.7516581144
663.193423905668,21297.7706712897
663.290135858502,23023.818184775
663.386847811336,24749.8965081608
663.486847811336,26534.6935078281
663.586847811336,28319.5284705423
663.686847811336,30104.4039495607
663.786847811336,31889.32249814
663.886847811336,33674.2866695375
663.986847811336,35459.2990170103
664,35694.0709283915
664.013152188664,35928.843723099
664.026304377328,36163.61740694
664.039456565992,36398.3919857237
664.052608754656,36633.1674652591
664.152608754656,38418.2652937527
664.252608754656,40203.4180838819
664.352608754656,41988.6283889033
664.452608754656,43773.8987620744
664.552608754656,45559.2317566517
664.652608754656,47344.6299258931
664.752608754656,49130.095823055
664.852608754656,50915.6320013944
664.952608754656,52701.2410141692
665,53547.4895352761
665.047391245344,54393.7552596949
665.094782490688,55240.0384591857
665.142173736032,56086.3394055124
665.189564981375,56932.6583704369
665.289564981376,58718.5315998301
665.389564981376,60504.4888202748
665.489564981376,62290.5325850268
665.589564981376,64076.6654473434
665.689564981376,65862.8899604825
665.789564981376,67649.2086777001
665.889564981376,69435.6241522535
665.989564981376,71222.1389374006
666,71408.5679133852
666.001371820567,51100.8585088953
666.002743641134,51112.5518366949
666.0041154617,51124.2451730405
666.005487282267,51135.9385179341
666.0079425839,51156.8674344239
666.010397885533,51177.7963783379
666.012853187166,51198.7253496502
666.015308488798,51219.654348372
666.021243347519,51270.2432158466
666.02717820624,51320.8322437601
666.033113064961,51371.4214322773
666.039047923681,51422.0107815564
666.044982782402,51472.600291761
666.05684057019,51573.6781048141
666.068698357978,51674.7565621559
666.080556145766,51775.835665033
666.092413933554,51876.9154147176
666.104271721343,51977.9958124602
666.198770849473,52783.5664681076
666.293269977603,53589.179001369
666.387769105734,54394.8340506634
666.482268233864,55200.5322544073
666.576767361994,56006.2742510171
666.676767361994,56858.9675507057
666.776767361994,57711.7113615157
666.876767361994,58564.5064399679
666.976767361994,59417.3535425827
667,59615.4999505686
667.000951971155,83338.4845097042
667.00190394231,83355.4992353145
667.002855913464,83372.5139716476
667.003807884619,83389.5287188253
667.005608831104,83421.7173803354
667.007409777588,83453.9060805283
667.009210724073,83486.0948194284
667.011011670558,83518.2835970507
667.015633655981,83600.8937032198
667.020255641404,83683.5040647815
667.024877626828,83766.1146819895
667.029499612251,83848.7255550876
667.036804949967,83979.2977414385
667.044110287683,84109.8705686788
667.051415625399,84240.4440378248
667.058720963114,84371.0181498667
667.077869867302,84713.2848049103
667.097018771489,85055.555901928
667.116167675676,85397.8314588492
667.216167675676,87185.3466248674
667.316167675676,88972.9864622003
667.416167675676,90760.753524102
667.516167675676,92548.6503638319
667.616167675676,94336.6795346473
667.716167675676,96124.8435898025
667.816167675676,97913.1450825573
667.916167675676,99701.5865661688
668,101200.988363042
668.083832324324,102700.491842184
668.167664648648,104200.098507875
668.251496972972,105699.809864397
668.351496972972,107488.890520346
668.451496972972,109278.124835483
668.551496972972,111067.515363068
668.651496972972,112857.064656354
668.751496972973,114646.7752686
668.851496972973,116436.649753066
668.951496972973,118226.690663003
669,119094.975387901
669.048503027027,119963.30015712
669.097006054055,120831.665262009
669.145509081082,121700.070993901
669.245509081082,123490.616003901
669.345509081082,125281.337499519
669.445509081082,127072.238034012
669.545509081082,128863.320160632
669.645509081082,130654.586432642
669.745509081082,132446.039403297
669.845509081082,134237.681625852
669.945509081082,136029.515653566
670,137005.984126594
670.054490918918,137982.510722802
670.108981837835,138959.095855308
670.208981837835,140751.447463016
670.308981837835,142544.000156279
670.408981837835,144336.756488349
670.508981837835,146129.719012487
670.608981837835,147922.89028195
670.708981837835,149716.272849991
670.808981837835,151509.869269872
670.908981837835,153303.68209485
671,154936.567836197
671.091018162165,156569.636894554
671.18203632433,158202.891195133
671.273054486494,159836.332663145
671.373054486494,161631.183183372
671.473054486494,163426.264510917
671.573054486494,165221.579199039
671.673054486494,167017.129800998
671.773054486495,168812.918870044
671.873054486495,170608.948959441
671.973054486495,172405.222622442
672,172889.279773791
672.026945513505,173373.354845392
672.053891027011,173857.44788719
672.080836540516,174341.558949172
672.180836540516,176138.346878651
672.280836540516,177935.386240208
672.380836540516,179732.679587097
672.480836540516,181530.229472566
672.580836540516,183328.038449882
672.680836540516,185126.109072298
672.780836540516,186924.443893072
672.880836540516,188723.045465461
672.980836540517,190521.916342726
673,190866.67319643
673.019163459483,191211.440051782
673.038326918967,191556.216926759
673.05749037845,191901.003839273
673.15749037845,193700.356693072
673.25749037845,195499.985915411
673.357490378451,197299.894059567
673.457490378451,199100.083678792
673.557490378451,200900.557326344
673.657490378451,202701.31755548
673.757490378451,204502.36691946
673.857490378451,206303.707971532
673.957490378451,208105.343264962
674,208871.301361225
674.000396898039,149609.8004593
674.000793796079,149613.224169036
674.001190694118,149616.647882768
674.001587592157,149620.071596675
674.003008516971,149632.328771046
674.004429441785,149644.585971166
674.005850366598,149656.84319829
674.008546196796,149680.098128653
674.011242026993,149703.353155171
674.013937857191,149726.608277966
674.016633687388,149749.863497053
674.022761758832,149802.726845043
674.028889830275,149855.590690945
674.035017901719,149908.455034715
674.041145973163,149961.319876714
674.047274044606,150014.185217115
674.056667518898,150095.221339246
674.06606099319,150176.258633387
674.075454467482,150257.297100122
674.084847941774,150338.336740077
674.094241416066,150419.377553881
674.138204295794,150798.676435012
674.182167175522,151178.001105913
674.226130055251,151557.35163087
674.270092934979,151936.728074135
674.370092934979,152799.77215192
674.470092934979,153662.951420637
674.570092934979,154526.266636808
674.670092934979,155389.718556965
674.770092934979,156253.307937616
674.870092934979,157117.035535288
674.970092934979,157980.902106499
675,158239.286352843
675.000183801089,220894.093769046
675.000367602179,220897.40945456
675.000551403268,220900.725138958
675.001847302423,220924.102592126
675.003143201578,220947.480096161
675.004439100733,220970.857653092
675.006826359687,221013.923088582
675.009213618642,221056.988703894
675.011600877596,221100.054498467
675.01398813655,221143.120473007
675.019255264957,221238.139713999
675.024522393365,221333.159830207
675.029789521772,221428.180821621
675.035056650179,221523.202688917
675.040323778587,221618.225432242
675.048446620999,221764.769005864
675.056569463411,221911.314665429
675.064692305823,222057.862412312
675.072815148234,222204.412247734
675.080937990646,222350.964173212
675.10710807524,222823.137789424
675.133278159834,223295.333159696
675.159448244428,223767.550329803
675.185618329022,224239.789345508
675.285618329022,226044.490773176
675.385618329022,227849.514395121
675.485618329022,229654.8627646
675.585618329022,231460.538434869
675.685618329022,233266.54395919
675.785618329022,235072.881890806
675.885618329022,236879.554782989
675.985618329022,238686.565188989
676,238946.471390712
676.014381670978,239206.384633677
676.028763341957,239466.304925584
676.043145012935,239726.232273936
676.143145012935,241533.779533192
676.243145012935,243341.670881596
676.343145012935,245149.908872394
676.443145012935,246958.496058844
676.543145012935,248767.434994201
676.643145012935,250576.728231728
676.743145012935,252386.378324669
676.843145012935,254196.387826293
676.943145012935,256006.759289854
677,257036.208124666
677.000241751795,184227.114687575
677.000483503589,184229.214345056
677.000725255384,184231.314003488
677.000967007179,184233.41366287
677.002108382709,184243.326735064
677.003249758239,184253.23982825
677.00439113377,184263.152942629
677.0068443396,184284.459682851
677.009297545429,184305.766520743
677.011750751259,184327.073456946
677.014203957088,184348.380490709
677.019475409224,184394.165406728
677.024746861359,184439.950775113
677.030018313495,184485.736595821
677.03528976563,184531.52286923
677.040561217765,184577.309595361
677.048440361303,184645.747025581
677.056319504841,184714.185467939
677.064198648378,184782.624922642
677.072077791916,184851.065390117
677.079956935453,184919.506870735
677.104031593254,185128.635528768
677.128106251055,185337.773659583
677.152180908856,185546.92127366
677.176255566657,185756.078381633
677.276255566657,186624.965615403
677.376255566657,187494.017591054
677.476255566657,188363.235065083
677.576255566657,189232.618794017
677.676255566657,190102.169534375
677.776255566657,190971.888042672
677.876255566657,191841.775075446
677.976255566657,192711.8313892
678,192918.446282963
678.00004668399,37345.928467829
678.00009336798,37345.928467829
678.00014005197,37345.928467829
678.000509009098,37345.928467829
678.000877966225,37345.928467829
678.001246923352,37345.928467829
678.003055870973,37345.928467829
678.004864818594,37345.928467829
678.006673766214,37345.928467829
678.008482713835,37345.928467829
678.011217258585,37345.928467829
678.013951803335,37345.928467829
678.016686348085,37345.928467829
678.019420892835,37345.928467829
678.022155437585,37345.928467829
678.026834709964,37345.928467829
678.031513982343,37345.928467829
678.036193254723,37345.928467829
678.040872527102,37345.928467829
678.045551799482,37345.928467829
678.05338538424,37345.928467829
678.061218968999,37345.928467829
678.069052553758,37345.928467829
678.076886138516,37345.928467829
678.084719723275,37345.928467829
678.103279792607,37345.928467829
678.121839861939,37345.928467829
678.140399931271,37345.928467829
678.158960000603,37345.928467829
678.177520069935,37345.928467829
678.232804055895,37345.928467829
678.288088041855,37345.928467829
678.343372027816,37345.928467829
678.398656013776,37345.928467829
678.453939999736,37345.928467829
678.553939999736,37345.928467829
678.653939999736,37345.928467829
678.753939999736,37345.928467829
678.853939999736,37345.928467829
678.953939999736,37345.928467829
679,37345.928467829
679.046060000264,37345.928467829
679.092120000527,37345.928467829
679.192120000527,37345.928467829
679.292120000527,37345.928467829
679.392120000527,37345.928467829
679.492120000527,37345.928467829
679.592120000527,37345.928467829
679.692120000527,37345.928467829
679.792120000527,37345.928467829
679.892120000527,37345.928467829
679.992120000528,37345.928467829
680,37345.928467829
680.007879999472,37345.928467829
680.015759998945,37345.928467829
680.023639998417,37345.928467829
680.03151999789,37345.928467829
680.110319992615,37345.928467829
680.18911998734,37345.928467829
680.267919982065,37345.928467829
680.34671997679,37345.928467829
680.425519971515,37345.928467829
680.525519971515,37345.928467829
680.625519971515,37345.928467829
680.725519971515,37345.928467829
680.825519971515,37345.928467829
680.925519971515,37345.928467829
681,37345.928467829
681.074480028485,37345.928467829
681.148960056971,37345.928467829
681.223440085456,37345.928467829
681.297920113941,37345.928467829
681.397920113941,37345.928467829
681.497920113941,37345.928467829
681.597920113941,37345.928467829
681.697920113941,37345.928467829
681.797920113941,37345.928467829
681.897920113941,37345.928467829
681.997920113941,37345.928467829
682,37345.928467829
682.002079886059,37345.928467829
682.004159772118,37345.928467829
682.006239658176,37345.928467829
682.008319544235,37345.928467829
682.029118404824,37345.928467829
682.049917265412,37345.928467829
682.070716126,37345.928467829
682.091514986588,37345.928467829
682.112313847176,37345.928467829
682.212313847176,37345.928467829
682.312313847176,37345.928467829
682.412313847177,37345.928467829
682.512313847177,37345.928467829
682.612313847177,37345.928467829
682.712313847177,37345.928467829
682.812313847177,37345.928467829
682.912313847177,37345.928467829
683,37345.928467829
683.087686152823,37345.928467829
683.175372305647,37345.928467829
683.26305845847,37345.928467829
683.350744611294,37345.928467829
683.450744611294,37345.928467829
683.550744611294,37345.928467829
683.650744611294,37345.928467829
683.750744611294,37345.928467829
683.850744611294,37345.928467829
683.950744611294,37345.928467829
684,37345.928467829
684.049255388706,37345.928467829
684.098510777413,37345.928467829
684.147766166119,37345.928467829
684.197021554825,37345.928467829
684.297021554825,37345.928467829
684.397021554825,37345.928467829
684.497021554825,37345.928467829
684.597021554825,37345.928467829
684.697021554825,37345.928467829
684.797021554826,37345.928467829
684.897021554826,37345.928467829
684.997021554826,37345.928467829
685,37345.928467829
685.002978445174,37345.928467829
685.005956890349,37345.928467829
685.008935335523,37345.928467829
685.011913780698,37345.928467829
685.041698232442,37345.928467829
685.071482684187,37345.928467829
685.101267135931,37345.928467829
685.131051587676,37345.928467829
685.16083603942,37345.928467829
685.26083603942,37345.928467829
685.36083603942,37345.928467829
685.46083603942,37345.928467829
685.56083603942,37345.928467829
685.66083603942,37345.928467829
685.76083603942,37345.928467829
685.86083603942,37345.928467829
685.96083603942,37345.928467829
686,37345.928467829
686.03916396058,37345.928467829
686.078327921159,37345.928467829
686.117491881739,37345.928467829
686.156655842318,37345.928467829
686.256655842318,37345.928467829
686.356655842318,37345.928467829
686.456655842318,37345.928467829
686.556655842318,37345.928467829
686.656655842318,37345.928467829
686.756655842318,37345.928467829
686.856655842318,37345.928467829
686.956655842318,37345.928467829
687,37345.928467829
687.000132833139,-243546.650354941
687.000265666279,-243543.805929474
687.000398499418,-243540.961499518
687.000531332558,-243538.117068455
687.000664165697,-243535.272632903
687.000919909673,-243529.796240331
687.00117565365,-243524.319840724
687.001431397626,-243518.843437013
687.001687141602,-243513.367029199
687.001763864795,-243511.724105786
687.001840587988,-243510.081182271
687.001917311181,-243508.438258387
687.001994034374,-243506.795334133
687.002121098353,-243504.074427618
687.002248162333,-243501.35352113
687.002375226312,-243498.632613629
687.002502290291,-243495.911708649
687.002831374444,-243488.864794822
687.003160458597,-243481.817879039
687.00348954275,-243474.770955096
687.003818626903,-243467.724022996
687.00436684429,-243455.984610976
687.004915061677,-243444.24517789
687.005463279064,-243432.505727591
687.006011496452,-243420.766256805
687.006998760801,-243399.625033817
687.007986025151,-243378.483749318
687.0089732895,-243357.342403703
687.00996055385,-243336.200996975
687.011718716779,-243298.551316715
687.013476879708,-243260.901442825
687.015235042638,-243223.251375458
687.016993205567,-243185.601113878
687.019544740806,-243130.960800128
687.022096276044,-243076.320078707
687.024647811283,-243021.678949222
687.027199346522,-242967.037412291
687.030942535076,-242886.87569087
687.03468572363,-242806.713092572
687.038428912184,-242726.549617661
687.042172100738,-242646.38526679
687.045915289292,-242566.220039892
687.05291327827,-242416.346701432
687.059911267248,-242266.470304473
687.066909256226,-242116.590851079
687.073907245203,-241966.708342971
687.080905234181,-241816.822782123
687.097335702633,-241464.896839987
687.113766171084,-241112.95410468
687.130196639536,-240760.994601034
687.146627107987,-240409.01835368
687.246627107987,-238266.441975068
687.346627107987,-236123.251864037
687.446627107987,-233979.453598289
687.546627107987,-231835.052755488
687.646627107987,-229690.054913308
687.746627107987,-227544.465649438
687.846627107988,-225398.290541535
687.946627107988,-223251.535167292
688,-222105.514166024
688.000719444391,-158115.56026525
688.001438888783,-158107.341645202
688.002158333174,-158099.123007373
688.002877777566,-158090.904354038
688.003597221957,-158082.685682925
688.005349095322,-158062.672850728
688.007100968687,-158042.659919574
688.008852842052,-158022.646889775
688.010604715418,-158002.633761108
688.013941187425,-157964.518152087
688.017277659432,-157926.402185212
688.02061413144,-157888.285860796
688.023950603447,-157850.169178805
688.029291198748,-157789.156152788
688.034631794048,-157728.142211418
688.039972389348,-157667.127355218
688.045312984649,-157606.111584316
688.050653579949,-157545.0948993
688.061288930758,-157423.5825306
688.071924281567,-157302.066540723
688.082559632377,-157180.546932525
688.093194983186,-157059.023708723
688.103830333995,-156937.496872261
688.146111289642,-156454.329905631
688.188392245289,-155971.10606401
688.230673200937,-155487.825525301
688.272954156584,-155004.488467324
688.372954156584,-153861.109107815
688.472954156584,-152717.416936374
688.572954156584,-151573.414306101
688.672954156584,-150429.103570071
688.772954156584,-149284.487081368
688.872954156584,-148139.567193073
688.972954156584,-146994.34625827
689,-146684.5601827
689.000394730898,-205976.212528733
689.000789461796,-205967.719958826
689.001184192694,-205959.227378742
689.001578923592,-205950.734791364
689.002808519777,-205924.28012614
689.004038115961,-205897.825380412
689.005267712146,-205871.370554605
689.007595266249,-205821.292887738
689.009922820353,-205771.214934364
689.012250374456,-205721.136694064
689.01457792856,-205671.05816691
689.018595739014,-205584.61222849
689.022613549467,-205498.165436284
689.026631359921,-205411.717790835
689.030649170375,-205325.269292222
689.034666980829,-205238.819941089
689.042226440882,-205076.164259618
689.049785900935,-204913.505563573
689.057345360988,-204750.843855379
689.064904821042,-204588.179137446
689.072464281095,-204425.511412184
689.092797923424,-203987.9484122
689.113131565752,-203550.363718031
689.133465208081,-203112.757376495
689.15379885041,-202675.12943456
689.25379885041,-200522.580815104
689.35379885041,-198369.516472582
689.45379885041,-196215.941984675
689.55379885041,-194061.862929044
689.65379885041,-191907.284883377
689.75379885041,-189752.213425337
689.85379885041,-187596.654132613
689.95379885041,-185440.612582868
690,-184444.335273056
690.000446490884,-131381.179732574
690.000892981769,-131376.048577806
690.001339472653,-131370.917418483
690.001785963538,-131365.786254603
690.003240416434,-131349.071346817
690.004694869331,-131332.356383148
690.006149322228,-131315.64136332
690.00895096854,-131283.443823052
690.011752614853,-131251.24607381
690.014554261165,-131219.04811546
690.017355907478,-131186.849948054
690.023195442083,-131119.737909671
690.029034976688,-131052.624963828
690.034874511294,-130985.511110806
690.040714045899,-130918.396351249
690.046553580505,-130851.280685625
690.05616196984,-130740.846378951
690.065770359175,-130630.409622527
690.075378748511,-130519.970418312
690.084987137846,-130409.528768392
690.094595527181,-130299.084674961
690.125199673986,-129947.287574344
690.15580382079,-129595.465771828
690.186407967594,-129243.619334811
690.217012114399,-128891.748330785
690.317012114399,-127741.828439642
690.417012114399,-126591.649325465
690.517012114399,-125441.213341328
690.617012114399,-124290.522840314
690.717012114399,-123139.580175508
690.817012114399,-121988.387699981
690.917012114399,-120836.947766825
691,-119881.205905851
691.000396285155,-168249.08054664
691.00079257031,-168240.521175969
691.001188855465,-168231.961798511
691.00158514062,-168223.402415045
691.002901892433,-168194.961772689
691.004218644247,-168166.521056215
691.00553539606,-168138.080264833
691.008012925035,-168084.567407447
691.010490454011,-168031.054285093
691.012967982986,-167977.540897516
691.015445511961,-167924.027245173
691.021242666077,-167798.809959655
691.027039820192,-167673.591225371
691.032836974308,-167548.371043427
691.038634128423,-167423.149414909
691.044431282539,-167297.926340904
691.053752939219,-167096.568220109
691.063074595899,-166895.206369227
691.072396252578,-166693.84079278
691.081717909258,-166492.471495286
691.091039565938,-166291.098481263
691.132905597917,-165386.633167738
691.174771629896,-164482.093386808
691.216637661875,-163577.479547795
691.258503693854,-162672.792059968
691.358503693854,-160511.58591573
691.458503693854,-158349.967497829
691.558503693854,-156187.942383953
691.658503693854,-154025.51615177
691.758503693854,-151862.694378956
691.858503693854,-149699.48264319
691.958503693854,-147535.88652214
692,-146637.962522819
692.041496306146,-145739.973693525
692.082992612291,-144841.920432799
692.124488918437,-143943.803139193
692.224488918437,-141779.211758498
692.324488918437,-139614.256405992
692.424488918437,-137448.942659347
692.524488918437,-135283.276096241
692.624488918437,-133117.262294348
692.724488918437,-130950.906831343
692.824488918437,-128784.215284901
692.924488918437,-126617.193232699
693,-124980.635827554
693.000540494321,-89082.1871028677
693.001080988643,-89075.9313441224
693.001621482964,-89069.6755801077
693.002161977286,-89063.4198108239
693.003870980283,-89043.6394971901
693.00557998328,-89023.859130832
693.007288986277,-89004.0787119563
693.010574958168,-88966.045921193
693.013860930059,-88928.0129358696
693.01714690195,-88889.979756176
693.020432873841,-88851.9463820563
693.027129628281,-88774.4344157387
693.03382638272,-88696.9216431873
693.04052313716,-88619.4080651781
693.047219891599,-88541.893682401
693.053916646039,-88464.3784955624
693.067461941915,-88307.588726581
693.081007237791,-88150.7956767786
693.094552533667,-87993.9993519977
693.108097829543,-87837.1997581113
693.208097829543,-86679.5047132483
693.308097829543,-85521.6341621648
693.408097829543,-84363.5904579443
693.508097829543,-83205.3759536684
693.608097829543,-82046.9930024156
693.708097829543,-80888.4439572708
693.808097829543,-79729.7311713156
693.908097829543,-78570.8569976289
694,-77505.686184591
694.000992930802,-108694.745356239
694.001985861605,-108673.201916678
694.002978792407,-108651.658449533
694.00397172321,-108630.114955109
694.005663954817,-108593.398755749
694.007356186425,-108556.682476737
694.009048418033,-108519.966117862
694.01074064964,-108483.249679328
694.014922089361,-108392.52441929
694.019103529082,-108301.798673065
694.023284968803,-108211.072441091
694.027466408524,-108120.345723774
694.033856028728,-107981.706111354
694.040245648933,-107843.065368073
694.046635269137,-107704.423495336
694.053024889341,-107565.780494614
694.066303196893,-107277.662053185
694.079581504445,-106989.538759864
694.092859811997,-106701.41062771
694.174508669875,-104929.593345355
694.256157527752,-103157.59663303
694.337806385629,-101385.423526746
694.437806385629,-99214.7064597996
694.537806385629,-97043.734928512
694.637806385629,-94872.5145105583
694.737806385629,-92701.0507836136
694.837806385629,-90529.349325354
694.937806385629,-88357.4157134522
695,-87006.4970657539
695.000717475293,-62029.6852386376
695.001434950585,-62021.3554720175
695.002152425878,-62013.025698939
695.002869901171,-62004.6959194028
695.004744725484,-61982.9294624987
695.006619549796,-61961.1629614922
695.008494374109,-61939.3964163858
695.012178340453,-61896.6257635114
695.015862306796,-61853.8549406493
695.01954627314,-61811.0839480164
695.023230239484,-61768.3127856439
695.03134919025,-61674.0504787151
695.039468141016,-61579.7873493995
695.047587091782,-61485.5233989385
695.055706042548,-61391.2586286208
695.063824993314,-61296.9930396959
695.084113916481,-61061.423649572
695.104402839647,-60825.8491749366
695.124691762813,-60590.2696354324
695.144980685979,-60354.6850507116
695.244980685979,-59193.4632142578
695.34498068598,-58032.1216447041
695.44498068598,-56870.6626951368
695.54498068598,-55709.0887186374
695.64498068598,-54547.4020682867
695.74498068598,-53385.6050971668
695.84498068598,-52223.7001583592
695.94498068598,-51061.6896049466
696,-50422.3151829901
696.001315811435,-70680.6049996121
696.002631622871,-70652.0031054679
696.003947434306,-70623.4011799642
696.005263245742,-70594.7992231134
696.00764785585,-70542.9645767183
696.010032465959,-70491.129827472
696.012417076067,-70439.2949754917
696.014801686175,-70387.4600208125
696.020102328688,-70272.2380649647
696.025402971201,-70157.0156029548
696.030703613714,-70041.7926355904
696.036004256227,-69926.5691637264
696.045071479044,-69729.467948546
696.054138701862,-69532.3652636982
696.06320592468,-69335.2611133337
696.072273147498,-69138.155501621
696.108982926108,-68340.1340835145
696.145692704718,-67542.0890558938
696.182402483329,-66744.0206946888
696.282402483329,-64569.9106065643
696.382402483329,-62395.6349954897
696.482402483329,-60221.1994391399
696.582402483329,-58046.6095151901
696.682402483329,-55871.8708013156
696.782402483329,-53696.988875191
696.882402483329,-51521.9693144922
696.982402483329,-49346.8176968942
697,-48964.0317828823
697.017597516671,-48581.2419825486
697.035195033342,-48198.448326292
697.052792550014,-47815.6508445066
697.070390066685,-47432.8495675889
697.170390066685,-45257.4647976503
697.270390066685,-43081.9640338254
697.370390066685,-40906.3528537883
697.470390066685,-38730.6368352145
697.570390066685,-36554.8215557788
697.670390066685,-34378.9125931565
697.770390066685,-32202.915525023
697.870390066685,-30026.8359290532
697.970390066685,-27850.6793829226
698,-27206.3069342041
698.004529362257,-19350.9344035111
698.00829361741,-19307.1183226241
698.012057872563,-19263.3021864436
698.015822127717,-19219.4859950947
698.01958638287,-19175.6697487029
698.023350638023,-19131.8534473938
698.030329525609,-19050.6183626002
698.037308413194,-18969.3830902701
698.04428730078,-18888.1476312067
698.051266188365,-18806.9119862062
698.058245075951,-18725.6761560712
698.076252685987,-18516.0626523645
698.094260296024,-18306.4479351027
698.11226790606,-18096.8320180265
698.130275516097,-17887.2149148775
698.148283126133,-17677.5966393948
698.22347557621,-16802.3036774531
698.298668026288,-15926.9915151534
698.373860476365,-15051.6611528638
698.449052926442,-14176.3135909519
698.549052926442,-13012.1457731169
698.649052926442,-11847.9516569173
698.749052926442,-10683.7335954348
698.849052926442,-9519.49394175105
698.949052926442,-8355.23504894786
699,-7762.07257353756
699.00291033765,-4627.50607571447
699.005820675301,-4613.99983037116
699.008731012951,-4600.49357915682
699.011641350602,-4586.98732208862
699.017184094054,-4561.26461432488
699.022726837507,-4535.54188550956
699.02826958096,-4509.81913576137
699.033812324412,-4484.09636519903
699.043319628467,-4439.97480883928
699.052826932523,-4395.85319218954
699.062334236578,-4351.73151584889
699.071841540633,-4307.60978041684
699.112793032379,-4117.56040799096
699.153744524126,-3927.50999820957
699.194696015872,-3737.45859895466
699.294696015872,-3273.36566367545
699.394696015872,-2809.26781095059
699.494696015872,-2345.16573798945
699.594696015873,-1881.06014200144
699.694696015873,-1416.95172019596
699.794696015873,-952.841169782413
699.894696015873,-488.72918797019
699.994696015873,-24.616471968692
699.999999999993,-3.37686543697491e-08
700,0
700.005303984127,0
700.010607968255,0
700.015911952382,0
700.031823904764,0
700.047735857147,0
700.063647809529,0
700.127295619058,0
700.190943428587,0
700.254591238116,0
700.354591238116,0
700.454591238116,0
700.554591238116,0
700.654591238116,0
700.754591238116,0
700.854591238116,0
700.954591238116,0
701,0
701.045408761884,0
701.090817523768,0
701.190817523768,0
701.290817523769,0
701.390817523769,0
701.490817523769,0
701.590817523769,0
701.690817523769,0
701.790817523769,0
701.890817523769,0
701.990817523769,0
702,0
702.009182476231,0
702.018364952463,0
702.110189714776,0
702.202014477089,0
702.293839239403,0
702.393839239403,0
702.493839239403,0
702.593839239403,0
702.693839239403,0
702.793839239403,0
702.893839239403,0
702.993839239403,0
703,0
703.006160760597,0
703.012321521195,0
703.073929127167,0
703.13553673314,0
703.197144339112,0
703.297144339112,0
703.397144339112,0
703.497144339112,0
703.597144339112,0
703.697144339112,0
703.797144339112,0
703.897144339112,0
703.997144339112,0
704,0
704.002855660888,0
704.005711321775,0
704.034267930652,0
704.062824539529,0
704.091381148406,0
704.191381148406,0
704.291381148406,0
704.391381148406,0
704.491381148406,0
704.591381148406,0
704.691381148406,0
704.791381148406,0
704.891381148406,0
704.991381148406,0
705,0
705.008618851594,0
705.017237703187,0
705.103426219125,0
705.189614735062,0
705.275803250999,0
705.375803250999,0
705.475803250999,0
705.575803250999,0
705.675803250999,0
705.775803250999,0
705.875803250999,0
705.975803250999,0
706,0
706.024196749001,0
706.048393498001,0
706.148393498001,0
706.248393498001,0
706.348393498001,0
706.448393498001,0
706.548393498001,0
706.648393498001,0
706.748393498002,0
706.848393498002,0
706.948393498002,0
707,0
707.051606501998,0
707.103213003997,0
707.203213003997,0
707.303213003997,0
707.403213003997,0
707.503213003997,0
707.603213003997,0
707.703213003997,0
707.803213003997,0
707.903213003997,0
708,0
708.096786996003,0
708.193573992006,0
708.293573992006,0
708.393573992006,0
708.493573992006,0
708.593573992006,0
708.693573992006,0
708.793573992006,0
708.893573992006,0
708.993573992006,0
709,0
709.006426007994,0
709.012852015988,0
709.077112095927,0
709.141372175866,0
709.205632255806,0
709.305632255806,0
709.405632255806,0
709.505632255806,0
709.605632255806,0
709.705632255806,0
709.805632255806,0
709.905632255806,0
710,0
710.094367744194,0
710.188735488389,0
710.288735488389,0
710.388735488389,0
710.488735488389,0
710.588735488389,0
710.688735488389,0
710.788735488389,0
710.888735488389,0
710.988735488389,0
711,0
711.011264511611,0
711.022529023222,0
711.122529023222,0
711.222529023222,0
711.322529023223,0
711.422529023223,0
711.522529023223,0
711.622529023223,0
711.722529023223,0
711.822529023223,0
711.922529023223,0
712,0
712.077470976777,0
712.154941953555,0
712.254941953555,0
712.354941953555,0
712.454941953555,0
712.554941953555,0
712.654941953555,0
712.754941953555,0
712.854941953555,0
712.954941953555,0
713,0
713.045058046445,0
713.09011609289,0
713.19011609289,0
713.29011609289,0
713.39011609289,0
713.49011609289,0
713.59011609289,0
713.69011609289,0
713.79011609289,0
713.89011609289,0
713.99011609289,0
714,0
714.000000000007,1.2984188864948e-07
714.009883907117,176.38161714694
714.019767814226,352.763236629399
714.029651721336,529.14486104258
714.054391713212,970.638319105596
714.079131705087,1412.13186217007
714.103871696963,1853.6255288988
714.203871696963,3638.16198717561
714.303871696963,5422.70365082095
714.403871696963,7207.2530730919
714.503871696963,8991.81280724551
714.603871696963,10776.3854065389
714.703871696963,12560.9734242291
714.803871696963,14345.5794135732
714.903871696963,16130.2059278283
715,17845.7588356584
715.096128303037,19561.3353372451
715.192256606074,21276.9377006163
715.288384909111,22992.5681937997
715.388384909111,24777.3303086388
715.488384909111,26562.1278725139
715.588384909111,28346.9634386819
715.688384909111,30131.8395604
715.788384909111,31916.7587909254
715.888384909111,33701.7236835148
715.988384909111,35486.7367914256
716,35694.070928392
716.011615090889,35901.4057542806
716.023230181777,36108.7412730903
716.034845272666,36316.0774888241
716.134845272666,38101.1658212743
716.234845272666,39886.3086618125
716.334845272666,41671.5085636956
716.434845272666,43456.768080181
716.534845272666,45242.0897645253
716.634845272666,47027.4761699862
716.734845272666,48812.9298498203
716.834845272666,50598.4533572846
716.934845272666,52384.0492456369
717,53547.4895352761
717.065154727334,54710.9623417057
717.130309454668,55874.4683711317
717.195464182002,57038.0083297632
717.260618909335,58201.5829238061
717.360618909335,59987.5155695725
717.460618909335,61773.5340205783
717.560618909335,63559.6408300819
717.660618909335,65345.8385513394
717.760618909335,67132.129737608
717.860618909335,68918.5169421454
717.960618909335,70705.0027182081
718,71408.5679133858
718.001013978387,51097.8082820065
718.002027956775,51106.4513790431
718.003041935162,51115.0944807482
718.00405591355,51123.7375871226
718.00605008074,51140.7357925946
718.00804424793,51157.7340161318
718.010038415121,51174.7322577276
718.013931419532,51207.9162023007
718.017824423943,51241.1002158142
718.021717428354,51274.2842983246
718.025610432765,51307.4684498766
718.034313119414,51381.6508075309
718.043015806063,51455.8335109294
718.051718492712,51530.0165605673
718.060421179362,51604.1999569546
718.069123866011,51678.3837005784
718.093367942959,51885.0477381609
718.117612019908,52091.7144852483
718.141856096856,52298.3839526154
718.166100173805,52505.0561510481
718.266100173805,53357.5499507915
718.366100173805,54210.0911548751
718.466100173805,55062.680519819
718.566100173805,55915.3188021437
718.666100173805,56768.0067583698
718.766100173805,57620.7451450178
718.866100173805,58473.5347186089
718.966100173805,59326.3762356626
719,59615.4999505678
719.001277094023,83344.2954790772
719.002554188045,83367.1211826526
719.003831282068,83389.9469057016
719.005108376091,83412.7726481405
719.007323197659,83452.3586181113
719.009538019227,83491.9446466261
719.011752840795,83531.5307337267
719.013967662363,83571.1168793894
719.018921980235,83659.6670461489
719.023876298106,83748.217506539
719.028830615978,83836.7682609026
719.03378493385,83925.3193095193
719.041990106402,84071.9751889584
719.050195278955,84218.6318777998
719.058400451507,84365.2893774586
719.066605624059,84511.9476893456
719.094501890475,85010.568445483
719.12239815689,85509.198661818
719.150294423306,86007.8383937844
719.250294423306,87795.3958190744
719.350294423306,89583.0787870234
719.450294423306,91370.8898508872
719.550294423306,93158.8315639204
719.650294423306,94946.9064793825
719.750294423306,96735.1171505308
719.850294423306,98523.4661306196
719.950294423306,100311.955972909
720,101200.988363043
720.049705576694,102090.056499585
720.099411153388,102979.160696094
720.149116730082,103868.301266114
720.249116730082,105657.227250554
720.349116730082,107446.304280151
720.449116730082,109235.534908162
720.549116730082,111024.921687847
720.649116730082,112814.467172462
720.749116730082,114604.173915261
720.849116730082,116394.044469504
720.949116730082,118184.08138845
721,119094.9753879
721.050883269918,120005.913458392
721.101766539836,120916.895936297
721.201766539836,122707.364549706
721.301766539836,124498.008531872
721.401766539836,126288.830436053
721.501766539836,128079.832815503
721.601766539836,129871.018223482
721.701766539836,131662.389213247
721.801766539836,133453.948338052
721.901766539836,135245.698151158
722,137005.984126594
722.098233460164,138766.458996831
722.196466920328,140527.125182194
722.294700380493,142287.985102998
722.394700380493,144080.712196198
722.494700380493,145873.64511682
722.594700380493,147666.786418124
722.694700380493,149460.138653369
722.794700380493,151253.704375806
722.894700380493,153047.486138698
722.994700380493,154841.486495301
723,154936.567836194
723.005299619507,155031.649798584
723.010599239014,155126.732382847
723.015898858521,155221.815589363
723.068895053593,156172.681962038
723.121891248664,157123.610978024
723.174887443735,158074.603017374
723.227883638806,159025.658460117
723.327883638806,160820.405559869
723.427883638807,162615.382313613
723.527883638807,164410.591274604
723.627883638807,166206.034996102
723.727883638807,168001.716031365
723.827883638807,169797.636933645
723.927883638807,171593.800256205
724,172889.279773789
724.072116361193,174184.887654085
724.144232722387,175480.624854725
724.21634908358,176776.492333338
724.31634908358,178573.621599177
724.41634908358,180371.005757076
724.51634908358,182168.647360289
724.61634908358,183966.548962071
724.71634908358,185764.713115681
724.81634908358,187563.142374378
724.91634908358,189361.83929141
725,190866.673196438
725.08365091642,192371.697675915
725.167301832839,193876.914224379
725.250952749259,195382.32433637
725.350952749259,197182.214167643
725.450952749259,198982.385307067
725.550952749259,200782.840307895
725.650952749259,202583.581723385
725.750952749259,204384.612106793
725.850952749259,206185.93401138
725.950952749259,207987.549990393
726,208871.301361223
726.000171974351,28640.1277701857
726.000343948702,28640.1277701857
726.000515923053,28640.1277701857
726.000687897405,28640.1277701857
726.00137249429,28640.1277701857
726.002057091176,28640.1277701857
726.002741688062,28640.1277701857
726.004433432242,28640.1277701857
726.006125176422,28640.1277701857
726.007816920602,28640.1277701857
726.009508664782,28640.1277701857
726.011988057248,28640.1277701857
726.014467449715,28640.1277701857
726.016946842181,28640.1277701857
726.019426234648,28640.1277701857
726.021905627114,28640.1277701857
726.026411122768,28640.1277701857
726.030916618423,28640.1277701857
726.035422114077,28640.1277701857
726.039927609731,28640.1277701857
726.044433105385,28640.1277701857
726.051805944528,28640.1277701857
726.05917878367,28640.1277701857
726.066551622813,28640.1277701857
726.073924461955,28640.1277701857
726.081297301098,28640.1277701857
726.097023048904,28640.1277701857
726.11274879671,28640.1277701857
726.128474544515,28640.1277701857
726.144200292321,28640.1277701857
726.159926040127,28640.1277701857
726.240840880321,28640.1277701857
726.321755720514,28640.1277701857
726.402670560708,28640.1277701857
726.483585400901,28640.1277701857
726.583585400901,28640.1277701857
726.683585400901,28640.1277701857
726.783585400901,28640.1277701857
726.883585400901,28640.1277701857
726.983585400901,28640.1277701857
727,28640.1277701857
727.016414599099,28640.1277701857
727.032829198198,28640.1277701857
727.049243797296,28640.1277701857
727.149243797296,28640.1277701857
727.249243797296,28640.1277701857
727.349243797296,28640.1277701857
727.449243797296,28640.1277701857
727.549243797296,28640.1277701857
727.649243797296,28640.1277701857
727.749243797296,28640.1277701857
727.849243797296,28640.1277701857
727.949243797297,28640.1277701857
728,28640.1277701857
728.050756202703,28640.1277701857
728.101512405407,28640.1277701857
728.15226860811,28640.1277701857
728.252268608111,28640.1277701857
728.352268608111,28640.1277701857
728.452268608111,28640.1277701857
728.552268608111,28640.1277701857
728.652268608111,28640.1277701857
728.752268608111,28640.1277701857
728.852268608111,28640.1277701857
728.952268608111,28640.1277701857
729,28640.1277701857
729.047731391889,28640.1277701857
729.095462783779,28640.1277701857
729.143194175668,28640.1277701857
729.243194175668,28640.1277701857
729.343194175668,28640.1277701857
729.443194175668,28640.1277701857
729.543194175668,28640.1277701857
729.643194175668,28640.1277701857
729.743194175668,28640.1277701857
729.843194175668,28640.1277701857
729.943194175668,28640.1277701857
730,28640.1277701857
730.056805824332,28640.1277701857
730.113611648664,28640.1277701857
730.170417472995,28640.1277701857
730.270417472996,28640.1277701857
730.370417472996,28640.1277701857
730.470417472996,28640.1277701857
730.570417472996,28640.1277701857
730.670417472996,28640.1277701857
730.770417472996,28640.1277701857
730.870417472996,28640.1277701857
730.970417472996,28640.1277701857
731,28640.1277701857
731.029582527004,28640.1277701857
731.059165054009,28640.1277701857
731.088747581013,28640.1277701857
731.188747581013,28640.1277701857
731.288747581013,28640.1277701857
731.388747581013,28640.1277701857
731.488747581013,28640.1277701857
731.588747581013,28640.1277701857
731.688747581013,28640.1277701857
731.788747581013,28640.1277701857
731.888747581013,28640.1277701857
731.988747581013,28640.1277701857
732,28640.1277701857
732.011252418987,28640.1277701857
732.022504837974,28640.1277701857
732.03375725696,28640.1277701857
732.133757256961,28640.1277701857
732.233757256961,28640.1277701857
732.333757256961,28640.1277701857
732.433757256961,28640.1277701857
732.533757256961,28640.1277701857
732.633757256961,28640.1277701857
732.733757256961,28640.1277701857
732.833757256961,28640.1277701857
732.933757256961,28640.1277701857
733,28640.1277701857
733.066242743039,28640.1277701857
733.132485486079,28640.1277701857
733.198728229118,28640.1277701857
733.298728229118,28640.1277701857
733.398728229118,28640.1277701857
733.498728229118,28640.1277701857
733.598728229118,28640.1277701857
733.698728229118,28640.1277701857
733.798728229118,28640.1277701857
733.898728229118,28640.1277701857
733.998728229118,28640.1277701857
734,28640.1277701857
734.001271770882,28640.1277701857
734.002543541764,28640.1277701857
734.003815312646,28640.1277701857
734.016533021465,28640.1277701857
734.029250730283,28640.1277701857
734.041968439102,28640.1277701857
734.054686147921,28640.1277701857
734.154686147921,28640.1277701857
734.254686147921,28640.1277701857
734.354686147921,28640.1277701857
734.454686147921,28640.1277701857
734.554686147921,28640.1277701857
734.654686147921,28640.1277701857
734.754686147921,28640.1277701857
734.854686147921,28640.1277701857
734.954686147921,28640.1277701857
735,28640.1277701857
735.045313852079,28640.1277701857
735.090627704157,28640.1277701857
735.135941556236,28640.1277701857
735.235941556236,28640.1277701857
735.335941556236,28640.1277701857
735.435941556236,28640.1277701857
735.535941556236,28640.1277701857
735.635941556236,28640.1277701857
735.735941556236,28640.1277701857
735.835941556236,28640.1277701857
735.935941556236,28640.1277701857
736,28640.1277701857
736.064058443764,28640.1277701857
736.128116887527,28640.1277701857
736.192175331291,28640.1277701857
736.292175331291,28640.1277701857
736.392175331291,28640.1277701857
736.492175331291,28640.1277701857
736.592175331291,28640.1277701857
736.692175331291,28640.1277701857
736.792175331291,28640.1277701857
736.892175331291,28640.1277701857
736.992175331291,28640.1277701857
737,28640.1277701857
737.007824668709,28640.1277701857
737.015649337418,28640.1277701857
737.023474006127,28640.1277701857
737.101720693215,28640.1277701857
737.179967380304,28640.1277701857
737.258214067392,28640.1277701857
737.336460754481,28640.1277701857
737.436460754481,28640.1277701857
737.536460754481,28640.1277701857
737.636460754481,28640.1277701857
737.736460754481,28640.1277701857
737.836460754481,28640.1277701857
737.936460754481,28640.1277701857
738,28640.1277701857
738.063539245519,28640.1277701857
738.127078491039,28640.1277701857
738.190617736558,28640.1277701857
738.290617736558,28640.1277701857
738.390617736558,28640.1277701857
738.490617736558,28640.1277701857
738.590617736558,28640.1277701857
738.690617736558,28640.1277701857
738.790617736558,28640.1277701857
738.890617736558,28640.1277701857
738.990617736558,28640.1277701857
739,28640.1277701857
739.000089216951,-189832.167422685
739.000178433901,-189830.244535072
739.000267650852,-189828.321639238
739.000356867803,-189826.398750848
739.000533573337,-189822.590213759
739.000710278871,-189818.781677963
739.000886984405,-189814.97314262
739.001063689939,-189811.1646018
739.001508687591,-189801.573550236
739.001638413206,-189798.777565706
739.001768138821,-189795.981584325
739.001897864437,-189793.185596738
739.002027590052,-189790.389611022
739.002170288655,-189787.314019776
739.002312987258,-189784.238421907
739.002455685861,-189781.162825493
739.002598384465,-189778.087228085
739.003014086458,-189769.127555512
739.003429788451,-189760.167875211
739.003845490444,-189751.2081848
739.004261192438,-189742.248486799
739.004676894431,-189733.288780368
739.005467513739,-189716.248384768
739.006258133048,-189699.207958304
739.007048752356,-189682.167500914
739.007839371665,-189665.127013925
739.008629990974,-189648.086496015
739.010395300672,-189610.037996106
739.01216061037,-189571.98934474
739.013925920068,-189533.940541098
739.015691229766,-189495.891586004
739.017456539464,-189457.842478696
739.020828850746,-189385.155981811
739.024201162029,-189312.468931238
739.027573473311,-189239.781326964
739.030945784594,-189167.093169512
739.034318095876,-189094.404458992
739.040091033675,-188969.969999515
739.045863971473,-188845.533920981
739.051636909272,-188721.096224529
739.05740984707,-188596.656911051
739.063182784868,-188472.215981801
739.073827779134,-188242.74920728
739.0844727734,-188013.276949068
739.095117767665,-187783.799213902
739.105762761931,-187554.316008544
739.116407756197,-187324.827339622
739.15275257952,-186541.25130256
739.189097402843,-185757.611922632
739.225442226166,-184973.909467593
739.261787049489,-184190.144205252
739.361787049489,-182033.352113387
739.461787049489,-179876.092154243
739.561787049489,-177718.369905499
739.661787049489,-175560.190944839
739.761787049489,-173401.560849926
739.861787049489,-171242.485198447
739.961787049489,-169082.969568065
740,-168257.639910557
740.000387644079,-119876.741153748
740.000775288159,-119872.2763968
740.001162932238,-119867.811637796
740.001550576317,-119863.346873541
740.003128940273,-119845.167733104
740.004707304228,-119826.988531664
740.006285668183,-119808.809269678
740.009220098687,-119775.010959182
740.012154529192,-119741.212439712
740.015088959696,-119707.413711008
740.0180233902,-119673.61477313
740.024004804869,-119604.719851063
740.029986219537,-119535.824060923
740.035967634206,-119466.927403428
740.041949048874,-119398.029879029
740.047930463543,-119329.131488281
740.058066573905,-119212.374240127
740.068202684268,-119095.614507946
740.07833879463,-118978.852294064
740.088474904993,-118862.087600962
740.142290379843,-118242.109417986
740.196105854692,-117622.061785376
740.249921329542,-117001.945069866
740.349921329542,-115849.461012767
740.449921329542,-114696.742037826
740.549921329542,-113543.790498124
740.649921329542,-112390.608746745
740.749921329542,-111237.199136762
740.849921329542,-110083.564021269
740.949921329542,-108929.705753338
741,-108351.785753122
741.000715792622,-152031.146876664
741.001431585243,-152015.664363378
741.002147377865,-152000.181829897
741.002863170487,-151984.699276222
741.004170717034,-151956.417067677
741.005478263582,-151928.134792279
741.006785810129,-151899.852450181
741.009398975671,-151843.329259317
741.012012141213,-151786.805802202
741.014625306754,-151730.28207893
741.017238472296,-151673.758089599
741.022545498459,-151558.963820272
741.027852524623,-151444.168454887
741.033159550786,-151329.371994204
741.038466576949,-151214.574439055
741.043773603113,-151099.775790353
741.053382209243,-150891.924967998
741.062990815373,-150684.070568436
741.072599421503,-150476.212596559
741.082208027634,-150268.351057359
741.091816633764,-150060.485955768
741.116338921498,-149529.973768266
741.140861209233,-148999.438492306
741.165383496968,-148468.880210158
741.189905784702,-147938.299004072
741.289905784702,-145774.394103505
741.389905784702,-143610.114935682
741.489905784702,-141445.467078274
741.589905784702,-139280.456108956
741.689905784702,-137115.087605404
741.789905784702,-134949.367145292
741.889905784702,-132783.300306295
741.989905784702,-130616.89266609
742,-130398.192094851
742.000546241649,-92939.1500764561
742.001092483298,-92932.8311532959
742.001638724947,-92926.5122243003
742.002184966596,-92920.1932896889
742.003855724797,-92900.8658896454
742.005526482997,-92881.5384370986
742.007197241198,-92862.2109320403
742.010422890053,-92824.8961412922
742.013648538908,-92787.5811548676
742.016874187763,-92750.2659729844
742.020099836618,-92712.9505955733
742.027630933073,-92625.8276098654
742.035162029527,-92538.7035601414
742.042693125982,-92451.5784474245
742.050224222436,-92364.4522727039
742.057755318891,-92277.3250370322
742.072007550545,-92112.4381051022
742.086259782199,-91947.5473838021
742.100512013854,-91782.6528799698
742.114764245508,-91617.7546003842
742.214764245508,-90460.6492746727
742.314764245508,-89303.3607559954
742.414764245508,-88145.8913974415
742.514764245508,-86988.2435520928
742.614764245508,-85830.4195730275
742.714764245508,-84672.4218133308
742.814764245508,-83514.2526260843
742.914764245508,-82355.9143643666
743,-81368.4643002324
743.000883915651,-114120.425197483
743.001767831302,-114101.253359215
743.002651746954,-114082.081497958
743.003535662605,-114062.909613834
743.005071947265,-114029.587973301
743.006608231925,-113996.266263743
743.008144516586,-113962.944485161
743.009680801246,-113929.622637573
743.013689836641,-113842.666770025
743.017698872036,-113755.710433012
743.021707907431,-113668.753626969
743.025716942826,-113581.796352254
743.031724282727,-113451.494329671
743.037731622629,-113321.191256755
743.04373896253,-113190.887134637
743.049746302432,-113060.58196458
743.061691719363,-112801.470896015
743.073637136294,-112542.355698078
743.085582553225,-112283.236380306
743.097527970156,-112024.112952201
743.197527970156,-109854.72417817
743.297527970156,-107685.053593659
743.397527970156,-105515.106776344
743.497527970156,-103344.889303901
743.597527970156,-101174.406754006
743.697527970156,-99003.6647043307
743.797527970156,-96832.6687325534
743.897527970156,-94661.4244163483
743.997527970156,-92489.9373333907
744,-92436.2544975057
744.002472029844,-92382.5715168055
744.004944059687,-92328.8883912607
744.007416089531,-92275.2051210583
744.032136387968,-91738.3644795299
744.056856686405,-91201.5094614945
744.081576984843,-90664.6401512109
744.10629728328,-90127.7566329478
744.20629728328,-87955.7807047906
744.30629728328,-85783.5792320295
744.40629728328,-83611.1577923405
744.50629728328,-81438.5219633994
744.60629728328,-79265.6773228792
744.70629728328,-77092.6294484574
744.80629728328,-74919.3839178083
744.90629728328,-72745.9463086072
745,-70709.206862382
745.00210900189,-50397.8060479263
745.00421800378,-50373.2968675299
745.00632700567,-50348.787641824
745.00843600756,-50324.2783708306
745.01054500945,-50299.7690545717
745.015621602085,-50240.7723290725
745.020698194719,-50181.7753417438
745.025774787353,-50122.7780928708
745.030851379987,-50063.7805827865
745.038566698529,-49974.1166778691
745.046282017071,-49884.4521713952
745.053997335613,-49794.7870644305
745.061712654155,-49705.1213580597
745.080569030521,-49485.9742536914
745.099425406887,-49266.8235911718
745.118281783253,-49047.6693862708
745.218281783253,-47885.3821904758
745.318281783253,-46722.9981641541
745.418281783254,-45560.519660388
745.518281783254,-44397.9490322601
745.618281783254,-43235.2886328513
745.718281783254,-42072.5408152433
745.818281783254,-40909.7079325186
745.918281783254,-39746.7923377581
746,-38796.4186797137
746.001879440592,-54360.8438660235
746.003758881183,-54319.9677112724
746.005638321775,-54279.0915073403
746.007517762366,-54238.215254251
746.010920589233,-54164.2065052894
746.0143234161,-54090.1975955466
746.017726242967,-54016.1885252731
746.021129069833,-53942.1792946816
746.027767065516,-53797.8068245067
746.034405061198,-53653.4337467311
746.04104305688,-53509.060062985
746.047681052562,-53364.6857749107
746.06096426222,-53075.7783950681
746.074247471877,-52786.8686148579
746.087530681535,-52497.9564473582
746.100813891193,-52209.0419056341
746.200813891193,-50033.9314002788
746.300813891193,-47858.6926537897
746.400813891193,-45683.3312438422
746.500813891193,-43507.8527481121
746.600813891193,-41332.2627442745
746.700813891193,-39156.5668100045
746.800813891193,-36980.7705229772
746.900813891193,-34804.879460868
747,-32646.6096581219
747.004509361713,-23230.9462816902
747.008240003685,-23187.5268061031
747.011970645657,-23144.1072652872
747.01570128763,-23100.6876593664
747.019431929602,-23057.2679884569
747.023162571574,-23013.8482526868
747.030007811528,-22934.1785496886
747.036853051483,-22854.5086294787
747.043698291437,-22774.8384928162
747.050543531391,-22695.1681404526
747.057388771345,-22615.4975731426
747.075532643766,-22404.3231368349
747.093676516187,-22193.1472097672
747.111820388608,-21981.969805995
747.129964261029,-21770.7909395734
747.14810813345,-21559.6106245574
747.215591064082,-20774.1502431527
747.283073994713,-19988.6707403669
747.350556925344,-19203.1728393334
747.418039855975,-18417.6572631865
747.518039855975,-17253.6051675617
747.618039855975,-16089.5182002037
747.718039855975,-14925.3987141942
747.818039855975,-13761.2490626147
747.918039855976,-12597.0715985473
748,-11642.8909823692
748.081960144024,-10688.6945594466
748.163920288049,-9734.48362530239
748.245880432073,-8780.25947545974
748.327840576098,-7826.02340544169
748.427840576098,-6661.74072904086
748.527840576098,-5497.44458926121
748.627840576098,-4333.13733918447
748.727840576098,-3168.82133189234
748.827840576098,-2004.49892046657
748.927840576098,-840.172457988862
748.999999999993,-8.47160347814206e-08
749,0
749.072159423902,0
749.144318847804,0
749.216478271706,0
749.316478271706,0
749.416478271706,0
749.516478271706,0
749.616478271706,0
749.716478271706,0
749.816478271706,0
749.916478271706,0
750,0
750.083521728294,0
750.167043456588,0
750.267043456588,0
750.367043456588,0
750.467043456588,0
750.567043456588,0
750.667043456588,0
750.767043456588,0
750.867043456588,0
750.967043456588,0
751,0
751.032956543412,0
751.065913086823,0
751.165913086823,0
751.265913086823,0
751.365913086823,0
751.465913086823,0
751.565913086823,0
751.665913086823,0
751.765913086823,0
751.865913086823,0
751.965913086823,0
752,0
752.034086913177,0
752.068173826354,0
752.168173826354,0
752.268173826354,0
752.368173826354,0
752.468173826354,0
752.568173826354,0
752.668173826354,0
752.768173826354,0
752.868173826354,0
752.968173826354,0
753,0
753.031826173646,0
753.063652347292,0
753.163652347292,0
753.263652347292,0
753.363652347292,0
753.463652347293,0
753.563652347293,0
753.663652347293,0
753.763652347293,0
753.863652347293,0
753.963652347293,0
754,0
754.036347652707,0
754.072695305415,0
754.172695305415,0
754.272695305415,0
754.372695305415,0
754.472695305415,0
754.572695305415,0
754.672695305415,0
754.772695305415,0
754.872695305415,0
754.972695305415,0
755,0
755.027304694585,0
755.05460938917,0
755.15460938917,0
755.25460938917,0
755.35460938917,0
755.45460938917,0
755.55460938917,0
755.65460938917,0
755.75460938917,0
755.85460938917,0
755.95460938917,0
756,0
756.04539061083,0
756.090781221659,0
756.190781221659,0
756.290781221659,0
756.390781221659,0
756.49078122166,0
756.59078122166,0
756.69078122166,0
756.79078122166,0
756.89078122166,0
756.99078122166,0
757,0
757.00921877834,0
757.018437556681,0
757.110625340084,0
757.202813123488,0
757.295000906892,0
757.395000906892,0
757.495000906892,0
757.595000906892,0
757.695000906892,0
757.795000906892,0
757.895000906892,0
757.995000906892,0
758,0
758.000000000007,1.2984188864948e-07
758.004999093115,89.2104828577841
758.009998186223,178.42096590471
758.014997279331,267.631449589602
758.029994558656,535.262907661918
758.04499183798,802.894382959342
758.059989117304,1070.52588409443
758.1199782346,2141.05231926251
758.179967351897,3211.57985683757
758.239956469193,4282.1090480231
758.339956469193,6066.65321691349
758.439956469193,7851.20606576649
758.539956469193,9635.77014783917
758.639956469193,11420.3480163886
758.739956469193,13204.9422246719
758.839956469193,14989.555325946
758.939956469193,16774.1898734682
759,17845.7588356584
759.060043530807,18917.3370029164
759.120087061613,19988.9249279469
759.18013059242,21060.5231634546
759.240174123227,22132.1322621445
759.340174123227,23916.8781989217
759.440174123227,25701.6583537894
759.540174123227,27486.475280005
759.640174123227,29271.3315308253
759.740174123227,31056.2296595073
759.840174123227,32841.1722193084
759.940174123227,34626.1617634855
760,35694.0709283919
760.059825876773,36761.9983702049
760.119651753547,37829.9446356399
760.17947763032,38897.9102714132
760.27947763032,40683.078264296
760.37947763032,42468.3044581025
760.47947763032,44253.5914060901
760.57947763032,46038.9416615158
760.67947763032,47824.3577776363
760.77947763032,49609.8423077094
760.87947763032,51395.3978049915
760.97947763032,53181.0268227398
761,53547.4895352764
761.02052236968,53913.9554738606
761.04104473936,54280.4246605615
761.06156710904,54646.8971174478
761.16156710904,56432.6665656998
761.26156710904,58218.5167368877
761.36156710904,60004.4501842683
761.46156710904,61790.4694610995
761.56156710904,63576.5771206376
761.66156710904,65362.7757161396
761.76156710904,67149.0678008634
761.86156710904,68935.4559280653
761.96156710904,70721.9426510023
762,71408.5679133861
762.000994237409,51097.6400110278
762.001988474818,51106.1148368959
762.002982712227,51114.5896672198
762.003976949636,51123.0645020982
762.005970962533,51140.061391665
762.007964975431,51157.0582992817
762.009958988329,51174.0552249866
762.013851913402,51207.238491874
762.017744838475,51240.4218276922
762.021637763548,51273.6052325203
762.025530688621,51306.7887063696
762.034223348733,51380.8855937094
762.042916008846,51454.9828259878
762.051608668958,51529.0804037063
762.06030132907,51603.1783273617
762.068993989182,51677.276597451
762.093128077772,51883.0030395917
762.117262166361,52088.7321666003
762.141396254951,52294.4639891123
762.165530343541,52500.1985177581
762.265530343541,53352.6920495458
762.365530343541,54205.2329813621
762.465530343541,55057.8220697276
762.565530343541,55910.4600711631
762.665530343541,56763.1477421891
762.765530343541,57615.8858393262
762.865530343541,58468.6751190954
762.965530343541,59321.5163380163
763,59615.4999505678
763.00129407279,83344.5989431597
763.002588145579,83367.7281112882
763.003882218369,83390.8572994107
763.005176291159,83413.9865075326
763.007412254611,83453.9503529063
763.009648218063,83493.9142579611
763.011884181515,83533.8782227095
763.014120144967,83573.84224718
763.019092093404,83662.7075404615
763.024064041841,83751.5731294964
763.029035990278,83840.4390145971
763.034007938715,83929.3051960774
763.042262765974,84076.8486078883
763.050517593233,84224.3928389878
763.058772420492,84371.9378907996
763.067027247751,84519.4837647644
763.095505581078,85028.5086912812
763.123983914404,85537.5434789771
763.15246224773,86046.588186823
763.25246224773,87834.1483065829
763.35246224773,89621.8340243513
763.45246224773,91409.6478933846
763.55246224773,93197.5924669375
763.65246224773,94985.6702982694
763.75246224773,96773.8839406376
763.85246224773,98562.2359472964
763.95246224773,100350.728871506
764,101200.988363043
764.04753775227,102051.280550943
764.09507550454,102901.605709505
764.14261325681,103751.96411301
764.24261325681,105540.880362693
764.34261325681,107329.947491484
764.44261325681,109119.168052637
764.54261325681,110908.544599414
764.64261325681,112698.07968507
764.74261325681,114487.77586286
764.84261325681,116277.635686045
764.94261325681,118067.661707881
765,119094.9753879
765.05738674319,120122.34512448
765.114773486379,121149.771400155
765.214773486379,122940.262679232
765.314773486379,124730.929659167
765.414773486379,126521.774893218
765.514773486379,128312.800934638
765.614773486379,130104.010336688
765.714773486379,131895.405652625
765.81477348638,133686.989435703
765.91477348638,135478.764239182
766,137005.984126595
766.08522651362,138533.346197952
766.170453027241,140060.852033849
766.255679540861,141588.503214872
766.355679540861,143381.150685013
766.455679540861,145174.002986279
766.555679540861,146967.062671924
766.655679540861,148760.332295204
766.755679540861,150553.814409378
766.855679540862,152347.511567704
766.955679540862,154141.426323435
767,154936.567836198
767.044320459138,155731.752815507
767.088640918277,156526.981483643
767.132961377415,157322.2540629
767.232961377415,159116.785531965
767.332961377415,160911.544231412
767.432961377415,162706.5327145
767.532961377416,164501.753534486
767.632961377416,166297.209244623
767.732961377416,168092.902398173
767.832961377416,169888.835548392
767.932961377416,171685.011248533
768,172889.279773787
768.067038622584,174093.659222002
768.134077245169,175298.15036243
768.201115867753,176502.753964328
768.301115867753,178299.84462601
768.401115867753,180097.189790805
768.501115867753,181894.792011973
768.601115867753,183692.653842761
768.701115867753,185490.777836437
768.801115867753,187289.166546254
768.901115867753,189087.822525469
769,190866.673196439
769.098884132247,192645.790170667
769.197768264493,194425.175916887
769.29665239674,196204.832903832
769.39665239674,198004.85097515
769.49665239674,199805.151521435
769.59665239674,201605.737095958
769.69665239674,203406.610251972
769.79665239674,205207.773542733
769.89665239674,207009.2295215
769.99665239674,208810.980741532
770,208871.301361167
770.000407279696,149609.890013147
770.000814559392,149613.403276945
770.001221839088,149616.9165448
770.001629118784,149620.429813921
770.003040061003,149632.600875922
770.004451003222,149644.771965084
770.005861945441,149656.94308034
770.008553473465,149680.160899163
770.011245001489,149703.378814189
770.013936529513,149726.596824903
770.016628057538,149749.814931744
770.022574970791,149801.115524705
770.028521884044,149852.416586435
770.034468797297,149903.718117139
770.04041571055,149955.020116977
770.046362623804,150006.322586108
770.055621387379,150086.196458394
770.064880150955,150166.071469214
770.074138914531,150245.947619159
770.083397678106,150325.824908832
770.092656441682,150405.703338832
770.134632091553,150767.85553879
770.176607741425,151130.031244919
770.218583391296,151492.230513169
770.260559041167,151854.453399519
770.360559041167,152717.484627838
770.460559041167,153580.65097497
770.560559041167,154443.95319743
770.660559041167,155307.39205175
770.760559041167,156170.968294439
770.860559041167,157034.682682022
770.960559041167,157898.535971018
771,158239.286352843
771.000112528164,220892.808036809
771.000225056328,220894.83799533
771.000337584491,220896.867950689
771.001462866129,220917.167524563
771.002588147767,220937.467140323
771.003713429405,220957.76679561
771.006053894216,220999.9880234
771.008394359027,221042.209424195
771.010734823838,221084.430997432
771.013075288649,221126.652743315
771.019140761958,221236.074065335
771.025206235267,221345.496547616
771.031271708576,221454.920190919
771.037337181886,221564.344995616
771.043402655195,221673.770962342
771.051861888151,221826.384200062
771.060321121108,221978.999700666
771.068780354064,222131.617465637
771.077239587021,222284.237496663
771.085698819977,222436.859795147
771.117121342054,223003.807855931
771.14854386413,223570.787304584
771.179966386207,224137.798220323
771.211388908284,224704.840682365
771.311388908284,226509.624897152
771.411388908284,228314.731964207
771.511388908284,230120.164436785
771.611388908284,231925.924868141
771.711388908284,233732.015811535
771.811388908284,235538.439820226
771.911388908284,237345.19944746
772,238946.4713907
772.000043315061,32949.4525315891
772.000086630122,32949.4525315891
772.000129945182,32949.4525315891
772.000435697562,32949.4525315891
772.000741449942,32949.4525315891
772.001047202321,32949.4525315891
772.002644527914,32949.4525315891
772.004241853506,32949.4525315891
772.005839179099,32949.4525315891
772.007436504691,32949.4525315891
772.010144421806,32949.4525315891
772.01285233892,32949.4525315891
772.015560256035,32949.4525315891
772.018268173149,32949.4525315891
772.020976090264,32949.4525315891
772.025231389418,32949.4525315891
772.029486688573,32949.4525315891
772.033741987727,32949.4525315891
772.037997286882,32949.4525315891
772.042252586036,32949.4525315891
772.049122047618,32949.4525315891
772.055991509199,32949.4525315891
772.062860970781,32949.4525315891
772.069730432362,32949.4525315891
772.076599893944,32949.4525315891
772.090483981057,32949.4525315891
772.10436806817,32949.4525315891
772.118252155283,32949.4525315891
772.132136242396,32949.4525315891
772.146020329509,32949.4525315891
772.22722349048,32949.4525315891
772.308426651451,32949.4525315891
772.389629812422,32949.4525315891
772.470832973393,32949.4525315891
772.570832973393,32949.4525315891
772.670832973393,32949.4525315891
772.770832973393,32949.4525315891
772.870832973393,32949.4525315891
772.970832973393,32949.4525315891
773,32949.4525315891
773.029167026607,32949.4525315891
773.058334053214,32949.4525315891
773.087501079821,32949.4525315891
773.187501079821,32949.4525315891
773.287501079821,32949.4525315891
773.387501079821,32949.4525315891
773.487501079821,32949.4525315891
773.587501079821,32949.4525315891
773.687501079821,32949.4525315891
773.787501079821,32949.4525315891
773.887501079821,32949.4525315891
773.987501079821,32949.4525315891
774,32949.4525315891
774.012498920179,32949.4525315891
774.024997840357,32949.4525315891
774.037496760536,32949.4525315891
774.137496760536,32949.4525315891
774.237496760536,32949.4525315891
774.337496760536,32949.4525315891
774.437496760536,32949.4525315891
774.537496760536,32949.4525315891
774.637496760536,32949.4525315891
774.737496760536,32949.4525315891
774.837496760536,32949.4525315891
774.937496760536,32949.4525315891
775,32949.4525315891
775.062503239464,32949.4525315891
775.125006478928,32949.4525315891
775.187509718392,32949.4525315891
775.287509718392,32949.4525315891
775.387509718392,32949.4525315891
775.487509718392,32949.4525315891
775.587509718392,32949.4525315891
775.687509718392,32949.4525315891
775.787509718392,32949.4525315891
775.887509718392,32949.4525315891
775.987509718392,32949.4525315891
776,32949.4525315891
776.012490281608,32949.4525315891
776.024980563215,32949.4525315891
776.037470844823,32949.4525315891
776.137470844823,32949.4525315891
776.237470844823,32949.4525315891
776.337470844823,32949.4525315891
776.437470844823,32949.4525315891
776.537470844823,32949.4525315891
776.637470844823,32949.4525315891
776.737470844823,32949.4525315891
776.837470844823,32949.4525315891
776.937470844823,32949.4525315891
777,32949.4525315891
777.062529155177,32949.4525315891
777.125058310353,32949.4525315891
777.18758746553,32949.4525315891
777.28758746553,32949.4525315891
777.38758746553,32949.4525315891
777.48758746553,32949.4525315891
777.58758746553,32949.4525315891
777.68758746553,32949.4525315891
777.78758746553,32949.4525315891
777.88758746553,32949.4525315891
777.98758746553,32949.4525315891
778,32949.4525315891
778.01241253447,32949.4525315891
778.02482506894,32949.4525315891
778.037237603409,32949.4525315891
778.13723760341,32949.4525315891
778.23723760341,32949.4525315891
778.33723760341,32949.4525315891
778.43723760341,32949.4525315891
778.53723760341,32949.4525315891
778.63723760341,32949.4525315891
778.73723760341,32949.4525315891
778.83723760341,32949.4525315891
778.93723760341,32949.4525315891
779,32949.4525315891
779.06276239659,32949.4525315891
779.125524793181,32949.4525315891
779.188287189771,32949.4525315891
779.288287189771,32949.4525315891
779.388287189771,32949.4525315891
779.488287189771,32949.4525315891
779.588287189771,32949.4525315891
779.688287189771,32949.4525315891
779.788287189771,32949.4525315891
779.888287189771,32949.4525315891
779.988287189771,32949.4525315891
780,32949.4525315891
780.011712810229,32949.4525315891
780.023425620458,32949.4525315891
780.035138430687,32949.4525315891
780.135138430687,32949.4525315891
780.235138430687,32949.4525315891
780.335138430687,32949.4525315891
780.435138430687,32949.4525315891
780.535138430687,32949.4525315891
780.635138430687,32949.4525315891
780.735138430687,32949.4525315891
780.835138430687,32949.4525315891
780.935138430687,32949.4525315891
781,32949.4525315891
781.064861569313,32949.4525315891
781.129723138626,32949.4525315891
781.194584707939,32949.4525315891
781.294584707939,32949.4525315891
781.394584707939,32949.4525315891
781.494584707939,32949.4525315891
781.594584707939,32949.4525315891
781.694584707939,32949.4525315891
781.794584707939,32949.4525315891
781.894584707939,32949.4525315891
781.994584707939,32949.4525315891
782,32949.4525315891
782.005415292061,32949.4525315891
782.010830584121,32949.4525315891
782.016245876182,32949.4525315891
782.070398796789,32949.4525315891
782.124551717395,32949.4525315891
782.178704638002,32949.4525315891
782.232857558608,32949.4525315891
782.332857558608,32949.4525315891
782.432857558608,32949.4525315891
782.532857558608,32949.4525315891
782.632857558609,32949.4525315891
782.732857558609,32949.4525315891
782.832857558609,32949.4525315891
782.932857558609,32949.4525315891
783,32949.4525315891
783.000127055357,-216732.638020514
783.000254110713,-216729.907902664
783.00038116607,-216727.177787057
783.000508221427,-216724.447664264
783.000721970414,-216719.85470098
783.000935719402,-216715.261735293
783.00114946839,-216710.668768925
783.001363217377,-216706.075796274
783.001646646367,-216699.985560212
783.001731675065,-216698.158488311
783.001816703762,-216696.33141605
783.001901732459,-216694.504343386
783.001986761156,-216692.677270318
783.002127080577,-216689.662123985
783.002267399997,-216686.646977197
783.002407719418,-216683.631832155
783.002548038839,-216680.616680326
783.002900561786,-216673.041749821
783.003253084732,-216665.46681335
783.003605607679,-216657.891867685
783.003958130626,-216650.316917356
783.004544308953,-216637.721203626
783.005130487281,-216625.125472372
783.005716665608,-216612.529720602
783.006302843935,-216599.933950358
783.007342212956,-216577.599994881
783.008381581977,-216555.265978253
783.009420950999,-216532.931902188
783.01046032002,-216510.597765158
783.012315826627,-216470.726177042
783.014171333234,-216430.854397004
783.01602683984,-216390.982425203
783.017882346447,-216351.110261676
783.020600725931,-216292.695857244
783.023319105415,-216234.281041252
783.026037484899,-216175.865814347
783.028755864383,-216117.450176055
783.032689806312,-216032.912418379
783.036623748241,-215948.373800115
783.04055769017,-215863.83432202
783.044491632099,-215779.293984028
783.048425574028,-215694.752786883
783.05603428466,-215531.237639573
783.063642995292,-215367.71928134
783.071251705925,-215204.197714603
783.078860416557,-215040.67294182
783.086469127189,-214877.144965395
783.106934495237,-214437.283181558
783.127399863285,-213997.398286433
783.147865231333,-213557.490327879
783.168330599381,-213117.559353704
783.268330599381,-210967.593672089
783.368330599381,-208817.085189573
783.468330599381,-206666.039483818
783.568330599382,-204514.4621325
783.668330599382,-202362.358713306
783.768330599382,-200209.734803896
783.868330599382,-198056.595981958
783.968330599382,-195902.947825156
784,-195220.795066976
784.000311668014,-139038.134378524
784.000623336028,-139034.558340008
784.000935004041,-139030.982297597
784.001246672055,-139027.406252442
784.002538358931,-139012.585546916
784.003830045807,-138997.76479504
784.005121732683,-138982.943995789
784.007830224109,-138951.866645658
784.010538715534,-138920.789088745
784.01324720696,-138889.711324605
784.015955698385,-138858.633353681
784.021386623034,-138796.316816634
784.026817547684,-138733.999448196
784.032248472333,-138671.681248771
784.037679396982,-138609.362218736
784.043110321631,-138547.042358469
784.051994230495,-138445.097715542
784.060878139359,-138343.150853701
784.069762048222,-138241.201774634
784.078645957086,-138139.250479873
784.08752986595,-138037.296971186
784.114114993579,-137732.187538727
784.140700121209,-137427.058339009
784.167285248839,-137121.90941629
784.193870376468,-136816.740814745
784.293870376468,-135668.673165813
784.393870376468,-134520.330062087
784.493870376468,-133371.71385665
784.593870376468,-132222.826902574
784.693870376468,-131073.671552949
784.793870376468,-129924.250160855
784.893870376468,-128774.565079374
784.993870376468,-127624.618661586
785,-127554.122827572
785.000333752996,-179044.415804918
785.000667505991,-179037.214515691
785.001001258987,-179030.013219365
785.001335011983,-179022.811919888
785.002676837212,-178993.859658406
785.004018662441,-178964.907314143
785.00536048767,-178935.954887559
785.007806697299,-178883.1730574
785.010252906928,-178830.39095228
785.012699116557,-178777.60857228
785.015145326186,-178724.82591708
785.019334138896,-178634.441914411
785.023522951607,-178544.057106212
785.027711764317,-178453.671492916
785.031900577027,-178363.285075009
785.038290812379,-178225.394695709
785.044681047731,-178087.502446216
785.051071283083,-177949.608327736
785.057461518435,-177811.71234193
785.063851753787,-177673.814490099
785.080876598551,-177306.418373556
785.097901443314,-176939.009050317
785.114926288077,-176571.5865479
785.131951132841,-176204.15089377
785.231951132841,-174045.654815084
785.331951132841,-171886.711515675
785.431951132841,-169727.326573215
785.531951132841,-167567.50556538
785.631951132841,-165407.254069855
785.731951132841,-163246.577664302
785.831951132841,-161085.481926408
785.931951132841,-158923.972433838
786,-157452.855984831
786.000147051477,-112195.786243494
786.000294102953,-112194.090247792
786.00044115443,-112192.394251598
786.001911669196,-112175.434262287
786.003382183962,-112158.474224308
786.004852698729,-112141.514136766
786.007958504401,-112105.693365686
786.011064310073,-112069.872375119
786.014170115745,-112034.051165482
786.017275921417,-111998.229736848
786.023938145227,-111921.388911906
786.030600369038,-111844.547079983
786.037262592848,-111767.704241562
786.043924816658,-111690.860397512
786.050587040468,-111614.015548358
786.061497697676,-111488.165339762
786.072408354884,-111362.312440556
786.083319012093,-111236.456853852
786.094229669301,-111110.598582707
786.187801377779,-110031.106200043
786.281373086256,-108951.418526277
786.374944794734,-107871.537489237
786.474944794734,-106717.258038635
786.574944794734,-105562.762299309
786.674944794734,-104408.052624334
786.774944794734,-103253.131366797
786.874944794734,-102098.000879779
786.974944794734,-100942.663516358
787,-100653.159234863
787.000565956183,-141214.690389443
787.001131912365,-141202.438173577
787.001697868548,-141190.185945871
787.00226382473,-141177.933707014
787.003619165305,-141148.592242076
787.004974505879,-141119.25071061
787.006329846454,-141089.909112597
787.00897238033,-141032.701037001
787.011614914206,-140975.492708606
787.014257448082,-140918.284127496
787.016899981958,-140861.075293775
787.022629726845,-140737.029839893
787.028359471732,-140612.983199901
787.034089216619,-140488.935374854
787.039818961505,-140364.886365802
787.045548706392,-140240.836173795
787.055595111107,-140023.326528673
787.065641515823,-139805.813255642
787.075687920538,-139588.296360361
787.085734325253,-139370.775848449
787.095780729968,-139153.251725599
787.15015646587,-137975.849292354
787.204532201773,-136798.342139847
787.258907937675,-135620.731164835
787.313283673577,-134443.017264054
787.413283673577,-132276.870253376
787.513283673577,-130110.383745432
787.613283673577,-127943.563317896
787.713283673577,-125776.414548444
787.813283673577,-123608.943014751
787.913283673577,-121441.154294493
788,-119561.075083248
788.086716326423,-117680.76518791
788.173432652845,-115800.228245581
788.260148979268,-113919.467893369
788.360148979268,-111750.329928648
788.460148979268,-109580.905279734
788.560148979268,-107411.1995243
788.660148979268,-105241.218240021
788.760148979268,-103070.967004572
788.860148979268,-100900.451395629
788.960148979268,-98729.6769908671
789,-97864.5303593089
789.001340649377,-69759.4352448249
789.002681298753,-69743.8824302897
789.00402194813,-69728.3295903901
789.005362597507,-69712.7767251318
789.006703246883,-69697.2238345205
789.010774017607,-69649.9986158427
789.014844788332,-69602.7731636166
789.018915559056,-69555.5474780094
789.02298632978,-69508.3215591578
789.028693714761,-69442.1085210236
789.034401099742,-69375.8950251716
789.040108484724,-69309.6810720572
789.045815869705,-69243.4666621181
789.057022004492,-69113.4570025634
789.068228139279,-68983.4455868934
789.079434274067,-68853.4324184204
789.090640408854,-68723.4175004556
789.190545966774,-67564.2244593075
789.290451524695,-66404.8949750426
789.390357082615,-65245.4313940837
789.490357082615,-64084.7398200567
789.590357082615,-62923.9185996276
789.690357082615,-61762.9700858808
789.790357082615,-60601.8966318977
789.890357082615,-59440.7005907579
789.990357082615,-58279.3843155455
790,-58167.3932774394
790.001232990577,-81548.5556677001
790.002465981154,-81521.7660885215
790.003698971731,-81494.9764775048
790.004931962309,-81468.1868347212
790.007101596831,-81421.0463050157
790.009271231354,-81373.9056770652
790.011440865876,-81326.7649508986
790.013610500399,-81279.6241266073
790.018531903088,-81172.6937814274
790.023453305776,-81065.7629321789
790.028374708465,-80958.8315795021
790.033296111154,-80851.8997240619
790.041404721819,-80675.7153663808
790.049513332484,-80499.5296486598
790.05762194315,-80323.3425738422
790.065730553815,-80147.1541449379
790.089690430347,-79626.532659816
790.11365030688,-79105.8994543601
790.137610183412,-78585.2546052846
790.237610183412,-76412.1442391448
790.337610183412,-74238.8379633095
790.437610183412,-72065.3413554541
790.537610183412,-69891.6599932536
790.637610183412,-67717.7994543838
790.737610183412,-65543.7653165186
790.837610183412,-63369.5631573344
790.937610183412,-61195.1985545059
791,-59838.5366484783
791.001132209254,-42659.5404982054
791.002264418508,-42646.375757867
791.003396627762,-42633.2110065237
791.004528837016,-42620.046244082
791.006793429598,-42593.7146620792
791.009058022181,-42567.3830358771
791.011322614763,-42541.0513655611
791.013587207346,-42514.71965111
791.01970091317,-42443.6318733139
791.025814618994,-42372.5437747539
791.031928324818,-42301.4553559735
791.038042030642,-42230.3666175103
791.044155736466,-42159.2775599064
791.055734909826,-42024.6361686896
791.067314083187,-41889.9936382473
791.078893256547,-41755.3499722281
791.090472429907,-41620.7051742853
791.102051603268,-41486.0592480721
791.143909080841,-40999.3192214975
791.185766558414,-40512.5646716048
791.227624035986,-40025.795770959
791.269481513559,-39539.0126921269
791.369481513559,-38376.0026289243
791.469481513559,-37212.9149802611
791.569481513559,-36049.7520992182
791.669481513559,-34886.5163388775
791.769481513559,-33723.2100523211
791.869481513559,-32559.8355926304
791.969481513559,-31396.3953128869
792,-31041.3182001634
792.001617894977,-43490.3613593332
792.003235789954,-43455.1634558563
792.004853684931,-43419.9655232265
792.006471579908,-43384.7675614798
792.00973774762,-43313.7106688427
792.013003915331,-43242.6536578034
792.016270083042,-43171.596528528
792.019536250754,-43100.5392812172
792.025833397344,-42963.5411145633
792.032130543934,-42826.5425112736
792.038427690525,-42689.5434727293
792.044724837115,-42552.5440003326
792.05732196563,-42278.4820740873
792.069919094145,-42004.4184283584
792.08251622266,-41730.3530743022
792.095113351175,-41456.2860230625
792.191022534314,-39369.6014855657
792.286931717454,-37282.8241355062
792.382840900593,-35195.958893663
792.482840900593,-33019.9942544382
792.582840900593,-30843.9449930069
792.682840900593,-28667.816687044
792.782840900593,-26491.6149142249
792.882840900593,-24315.3452522246
792.982840900593,-22139.0132787185
793,-21765.5684544123
793.017159099407,-21392.1219878452
793.034318198814,-21018.6739071969
793.051477298221,-20645.2242406465
793.068636397628,-20271.7730163748
793.168636397628,-18095.3400794891
793.268636397628,-15918.8607718422
793.368636397628,-13742.3406711091
793.468636397628,-11565.785354965
793.568636397628,-9389.20040108505
793.668636397628,-7212.59138714449
793.768636397628,-5035.9638908185
793.868636397629,-2859.32348978227
793.968636397629,-682.675761710976
793.999999999993,-1.5837211734429e-07
794,0
794.025668287714,0
794.051336575429,0
794.077004863143,0
794.102673150858,0
794.202673150858,0
794.302673150858,0
794.402673150858,0
794.502673150858,0
794.602673150858,0
794.702673150858,0
794.802673150858,0
794.902673150858,0
795,0
795.097326849142,0
795.194653698284,0
795.294653698284,0
795.394653698284,0
795.494653698284,0
795.594653698284,0
795.694653698284,0
795.794653698284,0
795.894653698284,0
795.994653698284,0
796,0
796.005346301716,0
796.010692603431,0
796.064155620588,0
796.117618637745,0
796.171081654902,0
796.271081654902,0
796.371081654902,0
796.471081654902,0
796.571081654902,0
796.671081654902,0
796.771081654902,0
796.871081654902,0
796.971081654902,0
797,0
797.028918345098,0
797.057836690195,0
797.157836690195,0
797.257836690196,0
797.357836690196,0
797.457836690196,0
797.557836690196,0
797.657836690196,0
797.757836690196,0
797.857836690196,0
797.957836690196,0
798,0
798.042163309804,0
798.084326619609,0
798.184326619609,0
798.284326619609,0
798.384326619609,0
798.484326619609,0
798.584326619609,0
798.684326619609,0
798.784326619609,0
798.884326619609,0
798.984326619609,0
799,0
799.015673380391,0
799.031346760782,0
799.131346760782,0
799.231346760782,0
799.331346760782,0
799.431346760782,0
799.531346760782,0
799.631346760782,0
799.731346760782,0
799.831346760782,0
799.931346760783,0
800,0
800.068653239217,0
800.137306478435,0
800.237306478435,0
800.337306478435,0
800.437306478435,0
800.537306478435,0
800.637306478435,0
800.737306478435,0
800.837306478435,0
800.937306478435,0
801,0
801.062693521565,0
801.12538704313,0
801.22538704313,0
801.32538704313,0
801.42538704313,0
801.52538704313,0
801.62538704313,0
801.72538704313,0
801.82538704313,0
801.92538704313,0
802,0
802.07461295687,0
802.14922591374,0
802.24922591374,0
802.34922591374,0
802.44922591374,0
802.54922591374,0
802.64922591374,0
802.74922591374,0
802.84922591374,0
802.949225913741,0
803,0
803.050774086259,0
803.101548172519,0
803.201548172519,0
803.301548172519,0
803.401548172519,0
803.501548172519,0
803.601548172519,0
803.701548172519,0
803.801548172519,0
803.901548172519,0
804,0
804.098451827481,0
804.196903654962,0
804.296903654962,0
804.396903654962,0
804.496903654962,0
804.596903654962,0
804.696903654962,0
804.796903654962,0
804.896903654962,0
804.996903654962,0
805,0
805.003096345038,0
805.006192690076,0
805.037156140457,0
805.068119590838,0
805.099083041219,0
805.199083041219,0
805.299083041219,0
805.399083041219,0
805.499083041219,0
805.599083041219,0
805.699083041219,0
805.799083041219,0
805.899083041219,0
805.999083041219,0
806,0
806.000000000007,1.2984188864948e-07
806.000916958788,16.3634351843521
806.001833917568,32.7268702408308
806.002750876349,49.0903053012466
806.00550175269,98.1806105258019
806.008252629032,147.270915856658
806.011003505374,196.361221346966
806.02200701074,392.722445965726
806.033010516106,589.083677387755
806.044014021472,785.44491901469
806.088028042937,1570.89005560418
806.132042064402,2356.33562760297
806.176056085867,3141.78185271569
806.276056085867,4926.32181212774
806.376056085868,6710.86881996133
806.476056085868,8495.42542947353
806.576056085868,10279.9941939214
806.676056085868,12064.5776665621
806.776056085868,13849.1784006526
806.876056085868,15633.7989494501
806.976056085868,17418.4418662115
807,17845.7588356583
807.023943914132,18273.0772689157
807.047887828265,18700.3972010328
807.071831742397,19127.718667059
807.171831742397,20912.4127672523
807.271831742397,22697.1367873225
807.371831742397,24481.8932805266
807.471831742397,26266.6848001218
807.571831742397,28051.513899365
807.671831742397,29836.3831315134
807.771831742397,31621.2950498242
807.871831742397,33406.2522075541
807.971831742397,35191.2571579605
808,35694.070928392
808.028168257603,36196.8887505912
808.056336515205,36699.7106816229
808.084504772808,37202.5367785535
808.184504772808,38987.6518603055
808.284504772808,40772.8227180799
808.384504772808,42558.0519051341
808.484504772808,44343.3419747253
808.584504772808,46128.6954801101
808.684504772808,47914.1149745462
808.784504772808,49699.6030112903
808.884504772808,51485.1621435992
808.984504772808,53270.7949247307
809,53547.4895352759
809.015495227192,53824.18598495
809.030990454383,54100.8842832471
809.046485681575,54377.5844396712
809.146485681575,56163.3419353233
809.246485681575,57949.179768843
809.346485681575,59735.1004934885
809.446485681575,61521.1066625163
809.546485681575,63307.2008291832
809.646485681575,65093.3855467473
809.746485681575,66879.6633684648
809.846485681575,68666.0368475928
809.946485681575,70452.5085373891
810,71408.5679133862
810.001308576207,51100.3194174374
810.002617152414,51111.4736530093
810.003925728621,51122.6278963572
810.005234304827,51133.782147483
810.007607074329,51154.0075594348
810.009979843831,51174.2329969755
810.012352613333,51194.4584601005
810.014725382835,51214.6839488609
810.020641231484,51265.1107580924
810.026557080133,51315.5377267213
810.032472928781,51365.9648549212
810.03838877743,51416.3921428268
810.044304626079,51466.8195906167
810.055967643159,51566.2371034123
810.067630660239,51665.655239409
810.07929367732,51765.073999804
810.0909566944,51864.4933857975
810.10261971148,51963.9133985898
810.143583714008,52313.1111885309
810.184547716536,52662.3167776227
810.225511719065,53011.5302178683
810.266475721593,53360.7515612705
810.366475721593,54213.2929448061
810.466475721593,55065.8824920428
810.566475721593,55918.5209595019
810.666475721593,56771.2091037027
810.766475721593,57623.947681167
810.866475721593,58476.7374484151
810.966475721593,59329.5791619675
811,59615.4999505682
811.001265886871,83344.0951719835
811.002531773743,83366.7205681151
811.003797660614,83389.3459833507
811.005063547485,83411.9714176657
811.007264395975,83451.3076425426
811.009465244464,83490.6439251963
811.011666092953,83529.9802656639
811.013866941443,83569.3166640244
811.018809640706,83657.6591612307
811.023752339969,83746.0019507063
811.028695039232,83834.3450327551
811.033637738496,83922.6884076854
811.041810295721,84068.7613181317
811.049982852947,84214.8350315318
811.058155410172,84360.90954928
811.066327967398,84506.9848727702
811.09387342233,84999.3350367879
811.121418877262,85491.6944233513
811.148964332194,85984.0630858194
811.248964332194,87771.6188584854
811.348964332194,89559.300139849
811.448964332194,91347.1094831643
811.548964332194,93135.0494416908
811.648964332194,94923.1225686858
811.748964332194,96711.3314174035
811.848964332194,98499.6785411038
811.948964332194,100288.166493044
812,101200.988363042
812.051035667806,102113.847918153
812.102071335612,103026.745497779
812.153107003418,103939.681441325
812.253107003418,105728.61340397
812.353107003418,107517.696513655
812.453107003418,109306.933323638
812.553107003418,111096.326387174
812.653107003418,112885.878257522
812.753107003418,114675.591487939
812.853107003418,116465.46863168
812.953107003418,118255.512242004
813,119094.975387901
813.046892996582,119934.475963746
813.093785993163,120774.014232824
813.193785993163,122564.468960862
813.293785993163,124355.09885389
813.393785993163,126145.90646517
813.493785993163,127936.894347957
813.593785993163,129728.065055507
813.693785993163,131519.421141079
813.793785993163,133310.96515793
813.893785993163,135102.699659314
813.993785993163,136894.627198492
814,137005.984126607
814.006214006837,137117.341810553
814.012428013674,137228.700250998
814.01864202051,137340.059448553
814.080782088878,138453.693198674
814.142922157246,139567.403331809
814.205062225614,140681.190460589
814.267202293982,141795.055197662
814.367202293982,143587.726139838
814.467202293982,145380.60220734
814.567202293982,147173.685953427
814.667202293982,148966.979931358
814.767202293982,150760.486694385
814.867202293982,152554.208795769
814.967202293982,154348.148788768
815,154936.567836197
815.032797706018,155525.01068673
815.065595412036,156113.477430446
815.098393118054,156701.968157428
815.198393118054,158496.421670762
815.298393118054,160291.101531866
815.398393118054,162086.010293995
815.498393118054,163881.150510402
815.598393118054,165676.524734347
815.698393118054,167472.135519088
815.798393118054,169267.985417878
815.898393118054,171064.076983978
815.998393118054,172860.412770645
816,172889.279773754
816.001606881946,172918.146840627
816.003213763891,172947.013971239
816.004820645837,172975.881165602
816.020889465292,173264.556617876
816.036958284748,173553.238456814
816.053027104204,173841.926693049
816.06909592366,174130.621337155
816.16909592366,175927.379914457
816.26909592366,177724.389624054
816.36909592366,179521.653019205
816.46909592366,181319.172653178
816.56909592366,183116.951079226
816.66909592366,184914.990850607
816.76909592366,186713.294520578
816.86909592366,188511.864642399
816.96909592366,190310.703769316
817,190866.673196436
817.03090407634,191422.668634423
817.06180815268,191978.690158635
817.09271222902,192534.737844445
817.19271222902,194334.187749066
817.29271222902,196133.914921557
817.39271222902,197933.921915164
817.49271222902,199734.211283146
817.59271222902,201534.785578762
817.69271222902,203335.64735526
817.79271222902,205136.799165906
817.89271222902,206938.243563955
817.99271222902,208739.983102664
818,208871.301361235
818.000363101744,149609.508925891
818.000726203489,149612.641104735
818.001089305233,149615.773283236
818.001452406977,149618.905465571
818.00291294192,149631.504321092
818.004373476862,149644.103205428
818.005834011804,149656.702117752
818.008545396162,149680.091222284
818.011256780519,149703.480423683
818.013968164876,149726.869722613
818.016679549233,149750.259118949
818.02248193917,149800.312990915
818.028284329107,149850.367309188
818.034086719044,149900.422073912
818.039889108981,149950.477285235
818.045691498918,150000.532943305
818.054857254559,150079.604363715
818.064023010199,150158.676899773
818.07318876584,150237.750552215
818.082354521481,150316.825321457
818.091520277121,150395.901208249
818.126218966247,150695.267959231
818.160917655374,150994.650765077
818.1956163445,151294.049657371
818.230315033626,151593.464667718
818.330315033626,152456.455179698
818.430315033626,153319.580581685
818.530315033626,154182.841630202
818.630315033627,155046.239081765
818.730315033627,155909.773692906
818.830315033627,156773.446220135
818.930315033627,157637.257419976
819,158239.286352844
819.000143388923,220893.364752573
819.000286777845,220895.951421266
819.000430166768,220898.538090607
819.001864055994,220924.404819346
819.003297945221,220950.271613399
819.004731834448,220976.138471655
819.007135867764,221019.506534697
819.009539901081,221062.874779652
819.011943934397,221106.243206741
819.014347967714,221149.611815999
819.01921517321,221237.416453735
819.024082378706,221325.221838677
819.028949584202,221413.027971068
819.033816789699,221500.834851285
819.038683995195,221588.642479374
819.046618825539,221731.793707081
819.054553655883,221874.946924933
819.062488486226,222018.102134224
819.07042331657,222161.25933623
819.078358146914,222304.418532226
819.102403130259,222738.247241285
819.126448113605,223172.094307896
819.15049309695,223605.959767548
819.174538080295,224039.843655786
819.274538080295,225844.50954065
819.374538080295,227649.497336892
819.474538080295,229454.809597752
819.574538080295,231260.448876499
819.674538080295,233066.417726386
819.774538080295,234872.718700671
819.874538080295,236679.354352609
819.974538080295,238486.327235464
820,238946.471390696
820.025461919705,239406.637616608
820.05092383941,239866.825955341
820.076385759114,240327.03644904
820.176385759114,242134.697802812
820.276385759114,243942.70409443
820.376385759114,245751.057877168
820.476385759114,247559.761704279
820.576385759114,249368.81812902
820.676385759114,251178.229704647
820.776385759114,252987.998984423
820.876385759114,254798.128521592
820.976385759114,256608.620869422
821,257036.208124668
821.000441110637,184228.846154209
821.000882221275,184232.677282019
821.001323331912,184236.508411938
821.001764442549,184240.339543967
821.003012537307,184251.179511548
821.004260632065,184262.01950336
821.005508726823,184272.85952126
821.007960779746,184294.156292643
821.010412832669,184315.453161711
821.012864885591,184336.750129002
821.015316938514,184358.047193767
821.020685693754,184404.677332209
821.026054448994,184451.307939825
821.031423204235,184497.93901683
821.036791959475,184544.570563341
821.042160714715,184591.202579561
821.050287351397,184661.789937983
821.058413988079,184732.378373205
821.06654062476,184802.967885593
821.074667261442,184873.558475381
821.082793898124,184944.150143145
821.109164214116,185173.222147882
821.135534530107,185402.305520713
821.161904846099,185631.400275591
821.188275162091,185860.50642632
821.288275162091,186729.413421418
821.388275162091,187598.4852493
821.488275162091,188467.722666491
821.588275162091,189337.126429526
821.688275162091,190206.697294912
821.788275162091,191076.436019173
821.888275162091,191946.343358825
821.988275162091,192816.420070404
822,192918.446282963
822.000062777172,37345.928467829
822.000125554344,37345.928467829
822.000188331516,37345.928467829
822.000638428206,37345.928467829
822.001088524897,37345.928467829
822.001538621588,37345.928467829
822.003501067657,37345.928467829
822.005463513726,37345.928467829
822.007425959795,37345.928467829
822.009388405865,37345.928467829
822.01234856143,37345.928467829
822.015308716996,37345.928467829
822.018268872561,37345.928467829
822.021229028127,37345.928467829
822.024189183692,37345.928467829
822.029055450289,37345.928467829
822.033921716886,37345.928467829
822.038787983483,37345.928467829
822.04365425008,37345.928467829
822.048520516678,37345.928467829
822.056887437315,37345.928467829
822.065254357953,37345.928467829
822.07362127859,37345.928467829
822.081988199228,37345.928467829
822.090355119866,37345.928467829
822.110862160538,37345.928467829
822.13136920121,37345.928467829
822.151876241882,37345.928467829
822.172383282555,37345.928467829
822.272383282555,37345.928467829
822.372383282555,37345.928467829
822.472383282555,37345.928467829
822.572383282555,37345.928467829
822.672383282555,37345.928467829
822.772383282555,37345.928467829
822.872383282555,37345.928467829
822.972383282555,37345.928467829
823,37345.928467829
823.027616717445,37345.928467829
823.055233434891,37345.928467829
823.082850152336,37345.928467829
823.182850152336,37345.928467829
823.282850152336,37345.928467829
823.382850152336,37345.928467829
823.482850152336,37345.928467829
823.582850152336,37345.928467829
823.682850152336,37345.928467829
823.782850152336,37345.928467829
823.882850152336,37345.928467829
823.982850152336,37345.928467829
824,37345.928467829
824.017149847664,37345.928467829
824.034299695328,37345.928467829
824.051449542992,37345.928467829
824.151449542992,37345.928467829
824.251449542992,37345.928467829
824.351449542992,37345.928467829
824.451449542992,37345.928467829
824.551449542992,37345.928467829
824.651449542992,37345.928467829
824.751449542992,37345.928467829
824.851449542992,37345.928467829
824.951449542992,37345.928467829
825,37345.928467829
825.048550457008,37345.928467829
825.097100914016,37345.928467829
825.145651371025,37345.928467829
825.245651371025,37345.928467829
825.345651371025,37345.928467829
825.445651371025,37345.928467829
825.545651371025,37345.928467829
825.645651371025,37345.928467829
825.745651371025,37345.928467829
825.845651371025,37345.928467829
825.945651371025,37345.928467829
826,37345.928467829
826.054348628975,37345.928467829
826.10869725795,37345.928467829
826.163045886925,37345.928467829
826.263045886926,37345.928467829
826.363045886926,37345.928467829
826.463045886926,37345.928467829
826.563045886926,37345.928467829
826.663045886926,37345.928467829
826.763045886926,37345.928467829
826.863045886926,37345.928467829
826.963045886926,37345.928467829
827,37345.928467829
827.036954113074,37345.928467829
827.073908226149,37345.928467829
827.110862339223,37345.928467829
827.210862339223,37345.928467829
827.310862339223,37345.928467829
827.410862339223,37345.928467829
827.510862339223,37345.928467829
827.610862339223,37345.928467829
827.710862339223,37345.928467829
827.810862339223,37345.928467829
827.910862339223,37345.928467829
828,37345.928467829
828.089137660777,37345.928467829
828.178275321554,37345.928467829
828.26741298233,37345.928467829
828.367412982331,37345.928467829
828.467412982331,37345.928467829
828.567412982331,37345.928467829
828.667412982331,37345.928467829
828.767412982331,37345.928467829
828.867412982331,37345.928467829
828.967412982331,37345.928467829
829,37345.928467829
829.032587017669,37345.928467829
829.065174035339,37345.928467829
829.097761053008,37345.928467829
829.197761053008,37345.928467829
829.297761053008,37345.928467829
829.397761053008,37345.928467829
829.497761053008,37345.928467829
829.597761053008,37345.928467829
829.697761053008,37345.928467829
829.797761053008,37345.928467829
829.897761053008,37345.928467829
829.997761053008,37345.928467829
830,37345.928467829
830.002238946992,37345.928467829
830.004477893983,37345.928467829
830.006716840975,37345.928467829
830.029106310892,37345.928467829
830.05149578081,37345.928467829
830.073885250727,37345.928467829
830.096274720644,37345.928467829
830.196274720644,37345.928467829
830.296274720644,37345.928467829
830.396274720644,37345.928467829
830.496274720644,37345.928467829
830.596274720644,37345.928467829
830.696274720644,37345.928467829
830.796274720644,37345.928467829
830.896274720644,37345.928467829
830.996274720644,37345.928467829
831,37345.928467829
831.000099064664,-243547.373456775
831.000198129329,-243545.252135645
831.000297193993,-243543.130809365
831.000396258658,-243541.00948247
831.000570471247,-243537.27896686
831.000744683836,-243533.548454736
831.000918896425,-243529.81793813
831.001093109014,-243526.087417041
831.001416507218,-243519.162294649
831.001646333079,-243514.240887937
831.001715280837,-243512.764467804
831.001784228596,-243511.288038431
831.001853176354,-243509.811621787
831.001922124112,-243508.335198332
831.002049915573,-243505.598711071
831.002177707033,-243502.862230617
831.002305498494,-243500.125742109
831.002433289955,-243497.389259605
831.002760838328,-243490.375234883
831.003088386702,-243483.36120733
831.003415935075,-243476.347171676
831.003743483448,-243469.33312792
831.004071031821,-243462.319080177
831.004714969891,-243448.529910968
831.005358907961,-243434.740717274
831.00600284603,-243420.951496178
831.0066467841,-243407.162250472
831.00729072217,-243393.372977367
831.008731941224,-243362.510657797
831.010173160279,-243331.648207173
831.011614379333,-243300.785626953
831.013055598388,-243269.922915909
831.014496817442,-243239.060075302
831.017423867347,-243176.378657747
831.020350917252,-243113.696703842
831.023277967156,-243051.014213147
831.026205017061,-242988.331185804
831.029132066966,-242925.647622411
831.033998229594,-242821.436249907
831.038864392223,-242717.223396081
831.043730554852,-242613.009061525
831.048596717481,-242508.793246881
831.05346288011,-242404.575952792
831.061624564,-242229.776047806
831.06978624789,-242054.97198589
831.077947931781,-241880.1637699
831.086109615671,-241705.351403031
831.094271299561,-241530.534888317
831.119259586749,-240995.280697015
831.144247873937,-240459.987739848
831.169236161125,-239924.656103758
831.194224448313,-239389.285875792
831.294224448313,-237246.41668126
831.394224448313,-235102.936409164
831.494224448313,-232958.850637159
831.594224448313,-230814.164942939
831.694224448313,-228668.884904161
831.794224448313,-226523.016098517
831.894224448313,-224376.564103666
831.994224448314,-222229.5344973
832,-222105.514166034
832.000296801793,-158120.388342957
832.000593603586,-158116.997815461
832.00089040538,-158113.607282373
832.001187207173,-158110.216747832
832.002392013833,-158096.453532326
832.003596820494,-158082.690269173
832.004801627154,-158068.926960031
832.007369182568,-158039.595907405
832.009936737981,-158010.264643081
832.012504293395,-157980.93316707
832.015071848808,-157951.601478932
832.020027118229,-157894.992007966
832.024982387651,-157838.381748474
832.029937657072,-157781.770700777
832.034892926493,-157725.15886516
832.039848195914,-157668.54624191
832.047953144227,-157575.947685675
832.056058092541,-157483.347024338
832.064163040854,-157390.744259148
832.072267989167,-157298.139391361
832.08037293748,-157205.532422227
832.105929989227,-156913.504340069
832.131487040974,-156621.45541579
832.15704409272,-156329.385688675
832.182601144467,-156037.295198005
832.282601144467,-154894.200497005
832.382601144467,-153750.790858009
832.482601144467,-152607.068634094
832.582601144467,-151463.036178348
832.682601144467,-150318.69584384
832.782601144467,-149174.049983664
832.882601144467,-148029.100950896
832.982601144467,-146883.85109862
833,-146684.560182713
833.000365118968,-205976.849624858
833.000730237935,-205968.994149662
833.001095356903,-205961.138669479
833.00146047587,-205953.283181195
833.002710999714,-205926.378265447
833.003961523558,-205899.473267171
833.005212047403,-205872.568186066
833.007548243531,-205822.304591496
833.00988443966,-205772.040707579
833.012220635788,-205721.776534927
833.014556831917,-205671.512073449
833.018775662275,-205580.741036542
833.022994492634,-205489.969058404
833.027213322992,-205399.196139442
833.031432153351,-205308.422280075
833.035650983709,-205217.647480721
833.043327421658,-205052.474382479
833.051003859607,-204887.298175938
833.058680297555,-204722.118863804
833.066356735504,-204556.936448451
833.074033173453,-204391.750932403
833.095380703004,-203932.367599034
833.116728232556,-203472.96036056
833.138075762107,-203013.529271332
833.159423291659,-202554.074385541
833.259423291659,-200401.496611526
833.359423291659,-198248.403428146
833.459423291659,-196094.800413082
833.559423291659,-193940.693144022
833.659423291659,-191786.087198626
833.759423291659,-189630.988154583
833.859423291659,-187475.401589555
833.959423291659,-185319.33308123
834,-184444.335273058
834.000396739122,-131381.751488412
834.000793478245,-131377.192090587
834.001190217367,-131372.632690276
834.00158695649,-131368.073284912
834.003084364313,-131350.864736389
834.004581772137,-131333.656128523
834.00607917996,-131316.447460885
834.008898846657,-131284.04282863
834.011718513353,-131251.637984589
834.014538180049,-131219.2329285
834.017357846745,-131186.827660777
834.023181946101,-131119.893016053
834.029006045458,-131052.957468573
834.034830144814,-130986.021018817
834.040654244171,-130919.083667251
834.046478343527,-130852.145414338
834.056076727153,-130741.826129072
834.065675110778,-130631.504399099
834.075273494403,-130521.180226373
834.084871878029,-130410.853613117
834.094470261654,-130300.524561271
834.125055190516,-129948.94848141
834.155640119379,-129597.347730278
834.186225048241,-129245.722375257
834.216809977103,-128894.072483626
834.316809977104,-127744.153118862
834.416809977104,-126593.974526298
834.516809977104,-125443.539059018
834.616809977104,-124292.849070107
834.716809977104,-123141.906912638
834.816809977104,-121990.714939702
834.916809977104,-120839.275504376
835,-119881.205905852
835.0003970286,-168249.064489229
835.000794057201,-168240.489060847
835.001191085801,-168231.913624873
835.001588114401,-168223.338183644
835.002906767778,-168194.856469716
835.004225421155,-168166.374680527
835.005544074532,-168137.892816448
835.008025498113,-168084.295837373
835.010506921694,-168030.698592092
835.012988345275,-167977.101081129
835.015469768856,-167923.503304567
835.021274112786,-167798.130713497
835.027078456716,-167672.75667026
835.032882800646,-167547.381175669
835.038687144576,-167422.004231029
835.044491488506,-167296.625837272
835.0538241713,-167095.029513799
835.063156854093,-166893.429451485
835.072489536887,-166691.82565486
835.081822219681,-166490.21812836
835.091154902475,-166288.606876617
835.133238948092,-165379.431238403
835.175322993708,-164470.18035848
835.217407039325,-163560.854652611
835.259491084941,-162651.45453649
835.359491084941,-160490.244294235
835.459491084941,-158328.621833389
835.559491084941,-156166.592731643
835.659491084941,-154004.162566661
835.759491084941,-151841.336916123
835.859491084942,-149678.121357704
835.959491084942,-147514.521469079
836,-146637.96252282
836.040508915058,-145761.341795099
836.081017830117,-144884.659656674
836.121526745175,-144007.916478326
836.221526745175,-141843.335964165
836.321526745175,-139678.391312971
836.421526745175,-137513.088102419
836.521526745175,-135347.431910185
836.621526745176,-133181.428313943
836.721526745176,-131015.08289137
836.821526745176,-128848.401220138
836.921526745176,-126681.388877925
837,-124980.635827555
837.00055873202,-89081.9760171544
837.00111746404,-89075.5091726031
837.00167619606,-89069.0423220098
837.002234928079,-89062.5754659915
837.003936460369,-89042.881617653
837.005637992659,-89023.1877169644
837.007339524949,-89003.4937641513
837.010622940339,-88965.4905601916
837.013906355728,-88927.4871619788
837.017189771118,-88889.4835696298
837.020473186508,-88851.4797832276
837.02718489872,-88773.7946815178
837.033896610931,-88696.1087700482
837.040608323142,-88618.422049475
837.047320035354,-88540.7345205607
837.054031747565,-88463.0461839998
837.06762442726,-88305.7079031703
837.081217106954,-88148.366318596
837.094809786649,-87991.02143619
837.108402466343,-87833.6732618617
837.208402466343,-86675.9776787685
837.308402466343,-85518.1065966247
837.408402466343,-84360.0623685122
837.508402466343,-83201.8473475094
837.608402466343,-82043.4638867012
837.708402466344,-80884.9143391694
837.808402466344,-79726.2010579926
837.908402466344,-78567.3263962556
838,-77505.6861845916
838.000990369196,-108694.800934948
838.001980738392,-108673.313074104
838.002971107588,-108651.825186019
838.003961476784,-108630.337270596
838.005650671687,-108593.686959025
838.00733986659,-108557.036567842
838.009029061493,-108520.386097318
838.010718256397,-108483.735547244
838.014897428596,-108393.059488659
838.019076600795,-108302.382944421
838.023255772993,-108211.705914956
838.027434945192,-108121.028400674
838.033819063772,-107982.508166544
838.040203182351,-107843.986803476
838.046587300931,-107705.464312871
838.05297141951,-107566.940696227
838.066237809942,-107279.080859355
838.079504200373,-106991.216179216
838.092770590804,-106703.346668864
838.174112518249,-104938.190451109
838.255454445694,-103172.856135241
838.336796373138,-101407.346723156
838.436796373138,-99236.6322547838
838.536796373138,-97065.6632657347
838.636796373139,-94894.4453336843
838.736796373139,-92722.9840363078
838.836796373139,-90551.2849512802
838.936796373139,-88379.3536562776
839,-87006.4970657537
839.000728569481,-62029.5564370416
839.001457138963,-62021.0978686189
839.002185708444,-62012.6392935365
839.002914277925,-62004.1807117951
839.004789411114,-61982.4106678076
839.006664544302,-61960.6405797789
839.00853967749,-61938.8704475938
839.012225868471,-61896.0739646187
839.015912059453,-61853.2773115281
839.019598250434,-61810.4804883766
839.023284441416,-61767.6834953471
839.031408717609,-61673.3593536049
839.039532993801,-61579.0343883834
839.047657269994,-61484.7086009784
839.055781546187,-61390.3819926516
839.063905822379,-61296.0545646357
839.084272514531,-61059.5821889684
839.104639206682,-60823.1046898764
839.125005898833,-60586.6220872554
839.145372590985,-60350.134400973
839.245372590985,-59188.9120906815
839.345372590985,-58027.5700565176
839.445372590985,-56866.1106515619
839.545372590985,-55704.536228894
839.645372590985,-54542.8491415982
839.745372590985,-53381.0517427544
839.845372590985,-52219.1463854457
839.945372590985,-51057.1354227528
840,-50422.3151829898
840.001308214457,-70680.7701356291
840.002616428913,-70652.3333778681
840.00392464337,-70623.8965891332
840.005232857826,-70595.4597693625
840.007607510483,-70543.8415711933
840.009982163139,-70492.2232710417
840.012356815795,-70440.6048689839
840.014731468452,-70388.9863650945
840.020023549193,-70273.9505266427
840.025315629934,-70158.9141836455
840.030607710675,-70043.8773369112
840.035899791416,-69928.8399872849
840.044941531056,-69732.2927385729
840.053983270696,-69535.7440283722
840.063025010336,-69339.193860817
840.072066749976,-69142.6422400303
840.110247732339,-68312.6384678123
840.148428714702,-67482.6091660678
840.186609697064,-66652.5546452465
840.286609697064,-64478.4374808219
840.386609697064,-62304.1550281118
840.486609697064,-60129.7128647912
840.586609697064,-57955.1165685356
840.686609697064,-55780.3717170192
840.786609697064,-53605.4838879182
840.886609697064,-51430.4586589075
840.986609697064,-49255.3016076622
841,-48964.0317828828
841.013390302936,-48672.7597079239
841.026780605871,-48381.4853961819
841.040170908807,-48090.2088610462
841.053561211742,-47798.9301159083
841.153561211742,-45623.5654147261
841.253561211742,-43448.0837809977
841.353561211742,-41272.490792398
841.453561211742,-39096.7920266027
841.553561211742,-36920.9930612868
841.653561211742,-34745.0994741254
841.753561211743,-32569.116842794
841.853561211743,-30393.0507449674
841.953561211743,-28216.9067583211
842,-27206.3069342041
842.003342828539,-19364.7456920777
842.006685657077,-19325.8350521347
842.010028485616,-19286.9243685433
842.013371314154,-19248.0136413914
842.016714142693,-19209.1028707669
842.022033017003,-19147.1906922826
842.027351891313,-19085.2784043174
842.032670765624,-19023.3660072212
842.037989639934,-18961.4535013516
842.048800440648,-18835.6138031702
842.059611241362,-18709.7736600544
842.070422042076,-18583.933074978
842.08123284279,-18458.0920509141
842.1740466957,-17377.6928083132
842.266860548609,-16297.2633096882
842.359674401519,-15216.8054364139
842.459674401519,-14052.6631151264
842.559674401519,-12888.4923923243
842.659674401519,-11724.2956210897
842.759674401519,-10560.0751545041
842.859674401519,-9395.83334564936
842.959674401519,-8231.57254760712
843,-7762.07257353754
843.002386160816,-4629.93866600386
843.004772321632,-4618.86501287719
843.007158482449,-4607.79135580076
843.009544643265,-4596.71769478248
843.014324018947,-4574.53762459652
843.019103394629,-4552.35753871335
843.023882770311,-4530.1774372082
843.028662145994,-4507.99732015745
843.037361713008,-4467.62434740506
843.046061280023,-4427.25132385793
843.054760847038,-4386.87824997463
843.063460414052,-4346.50512621434
843.089913476267,-4223.74092688565
843.116366538481,-4100.97628354175
843.142819600695,-3978.21120908869
843.242819600695,-3514.12109946281
843.342819600695,-3050.02571070403
843.442819600695,-2585.92574002175
843.542819600695,-2121.82188462536
843.642819600695,-1657.71484172425
843.742819600695,-1193.60530852783
843.842819600695,-729.493982245489
843.942819600695,-265.381560086634
843.999999999993,-3.37686543697491e-08
844,0
844.057180399305,0
844.114360798609,0
844.171541197914,0
844.271541197914,0
844.371541197914,0
844.471541197914,0
844.571541197914,0
844.671541197914,0
844.771541197914,0
844.871541197914,0
844.971541197914,0
845,0
845.028458802086,0
845.056917604172,0
845.156917604172,0
845.256917604172,0
845.356917604172,0
845.456917604172,0
845.556917604172,0
845.656917604172,0
845.756917604172,0
845.856917604172,0
845.956917604172,0
846,0
846.043082395828,0
846.086164791657,0
846.186164791657,0
846.286164791657,0
846.386164791657,0
846.486164791657,0
846.586164791657,0
846.686164791657,0
846.786164791657,0
846.886164791657,0
846.986164791657,0
847,0
847.013835208343,0
847.027670416687,0
847.127670416687,0
847.227670416687,0
847.327670416687,0
847.427670416687,0
847.527670416687,0
847.627670416687,0
847.727670416687,0
847.827670416687,0
847.927670416687,0
848,0
848.072329583313,0
848.144659166627,0
848.244659166627,0
848.344659166627,0
848.444659166627,0
848.544659166627,0
848.644659166627,0
848.744659166627,0
848.844659166627,0
848.944659166627,0
849,0
849.055340833373,0
849.110681666747,0
849.210681666747,0
849.310681666747,0
849.410681666747,0
849.510681666747,0
849.610681666747,0
849.710681666747,0
849.810681666747,0
849.910681666747,0
850,0
850.089318333253,0
850.178636666506,0
850.278636666506,0
850.378636666507,0
850.478636666507,0
850.578636666507,0
850.678636666507,0
850.778636666507,0
850.878636666507,0
850.978636666507,0
851,0
851.021363333493,0
851.042726666987,0
851.142726666987,0
851.242726666987,0
851.342726666987,0
851.442726666987,0
851.542726666987,0
851.642726666987,0
851.742726666987,0
851.842726666987,0
851.942726666987,0
852,0
852.057273333013,0
852.114546666026,0
852.214546666026,0
852.314546666026,0
852.414546666026,0
852.514546666026,0
852.614546666026,0
852.714546666026,0
852.814546666026,0
852.914546666026,0
853,0
853.085453333974,0
853.170906667947,0
853.270906667947,0
853.370906667947,0
853.470906667947,0
853.570906667947,0
853.670906667947,0
853.770906667947,0
853.870906667947,0
853.970906667947,0
854,0
854.029093332053,0
854.058186664105,0
854.158186664105,0
854.258186664105,0
854.358186664105,0
854.458186664105,0
854.558186664105,0
854.658186664105,0
854.758186664105,0
854.858186664105,0
854.958186664105,0
855,0
855.041813335895,0
855.083626671789,0
855.18362667179,0
855.28362667179,0
855.38362667179,0
855.48362667179,0
855.58362667179,0
855.68362667179,0
855.78362667179,0
855.88362667179,0
855.98362667179,0
856,0
856.01637332821,0
856.032746656421,0
856.132746656421,0
856.232746656421,0
856.332746656421,0
856.432746656421,0
856.532746656421,0
856.632746656421,0
856.732746656421,0
856.832746656421,0
856.932746656421,0
857,0
857.067253343579,0
857.134506687158,0
857.234506687158,0
857.334506687158,0
857.434506687158,0
857.534506687158,0
857.634506687158,0
857.734506687159,0
857.834506687159,0
857.934506687159,0
858,0
858.000000000007,1.2984188864948e-07
858.010905710475,194.616038770473
858.021811420942,389.232080722845
858.03271713141,583.8481292987
858.059424293612,1060.44641448639
858.086131455813,1537.0448078957
858.112838618015,2013.64335816487
858.212838618015,3798.18017899351
858.312838618015,5582.72243413923
858.412838618015,7367.2726768591
858.512838618015,9151.83346041019
858.612838618015,10936.4073380496
858.712838618015,12720.9968630343
858.812838618015,14505.6045886215
858.912838618015,16290.2330680683
859,17845.7588356584
859.087161381985,19401.3040006144
859.17432276397,20956.8702536376
859.261484145955,22512.4592854292
859.361484145955,24297.2123000133
859.461484145955,26082.0000767877
859.561484145955,27866.8251690096
859.661484145955,29651.6901299357
859.761484145955,31436.5975128234
859.861484145955,33221.5498709298
859.961484145955,35006.5497575117
860,35694.0709283919
860.038515854045,36381.5996746382
860.077031708091,37069.1361421358
860.115547562136,37756.6804767706
860.154063416181,38444.2328244292
860.254063416181,40229.3864329046
860.354063416181,42014.5975934139
860.454063416181,43799.8688592139
860.554063416181,45585.2027835618
860.654063416181,47370.6019197145
860.754063416181,49156.068820929
860.854063416181,50941.6060404629
860.954063416181,52727.2161315726
861,53547.4895352759
861.045936583819,54367.7791023976
861.091873167637,55188.0850804335
861.137809751456,56008.4077168811
861.183746335275,56828.7472592394
861.283746335275,58614.6156800958
861.383746335275,60400.5679434376
861.483746335275,62186.6066025227
861.583746335275,63972.7342106073
861.683746335275,65758.9533209486
861.783746335275,67545.2664868043
861.883746335275,69331.6762614308
861.983746335275,71118.185198085
862,71408.5679133861
862.000982525329,51097.540177912
862.001965050659,51105.9151705697
862.002947575988,51114.2901676106
862.003930101318,51122.6651690357
862.005929444807,51139.7074959706
862.007928788297,51156.7498410618
862.009928131787,51173.7922043053
862.01382629027,51207.0200802494
862.017724448754,51240.2480253061
862.021622607237,51273.4760395582
862.025520765721,51306.7041230254
862.034080083531,51379.6643875783
862.042639401342,51452.6249865691
862.051198719153,51525.5859204681
862.059758036964,51598.5471897497
862.068317354774,51671.5087948921
862.091174181486,51866.347323058
862.114031008197,52061.1882586569
862.136887834909,52256.031610718
862.15974466162,52450.8773882795
862.259744661621,53303.3682008035
862.359744661621,54155.9063695857
862.459744661621,55008.4926511478
862.559744661621,55861.1278020099
862.659744661621,56713.8125786926
862.759744661621,57566.5477377166
862.859744661621,58419.3340356024
862.959744661621,59272.1722288708
863,59615.4999505685
863.001464877673,83347.6517647646
863.002929755347,83373.8337601921
863.00439463302,83400.0157811523
863.005859510694,83426.1978277309
863.008306739484,83469.9376860149
863.010753968274,83513.67761576
863.013201197063,83557.4176170599
863.015648425853,83601.1576898899
863.020799851469,83693.2309383679
863.025951277085,83785.3045044403
863.031102702701,83877.3783884669
863.036254128317,83969.4525907968
863.045025757793,84126.2333784014
863.053797387269,84283.0150916313
863.062569016745,84439.7977321942
863.071340646221,84596.5813018264
863.106701812254,85228.6340813803
863.142062978287,85860.7021005017
863.17742414432,86492.7854720828
863.27742414432,88280.3767043651
863.37742414432,90068.0941719958
863.47742414432,91855.9404282305
863.57742414432,93643.9180263285
863.67742414432,95432.0295195471
863.77742414432,97220.2774611407
863.87742414432,99008.664404369
863.97742414432,100797.192902489
864,101200.988363041
864.02257585568,101604.791197722
864.04515171136,102008.601435909
864.06772756704,102412.419106981
864.16772756704,104201.22404173
864.26772756704,105990.177943565
864.36772756704,107779.283365738
864.46772756704,109568.542861509
864.56772756704,111357.958984137
864.66772756704,113147.534286874
864.76772756704,114937.271322982
864.86772756704,116727.172645716
864.96772756704,118517.240808331
865,119094.975387901
865.03227243296,119672.727695753
865.06454486592,120250.497817706
865.096817298881,120828.28583959
865.196817298881,122618.745839888
865.296817298881,124409.381082574
865.396817298881,126200.194120909
865.496817298881,127991.187508149
865.596817298881,129782.363797547
865.696817298881,131573.725542365
865.796817298881,133365.27529586
865.896817298881,135157.015611284
865.996817298881,136948.949041899
866,137005.984126613
866.003182701119,137063.019409554
866.006365402238,137120.054890942
866.009548103357,137177.090570702
866.041375114549,137747.458301633
866.073202125741,138317.845968189
866.105029136932,138888.253652708
866.205029136932,140680.597364563
866.305029136932,142473.142061046
866.405029136932,144265.890295418
866.505029136932,146058.844620935
866.605029136932,147852.00759085
866.705029136932,149645.381758425
866.805029136932,151438.969676918
866.905029136932,153232.773899579
867,154936.567836198
867.094970863068,156640.56135759
867.189941726135,158344.756650841
867.284912589203,160049.155903035
867.384912589203,161844.033659199
867.484912589203,163639.142525448
867.584912589203,165434.485055043
867.684912589203,167230.063801241
867.784912589203,169025.881317296
867.884912589203,170821.940156467
867.984912589203,172618.242872014
868,172889.279773786
868.015087410797,173160.322293806
868.030174821594,173431.37044084
868.045262232391,173702.424223658
868.145262232391,175499.123323635
868.245262232391,177296.072947381
868.345262232391,179093.275648156
868.445262232391,180890.733979207
868.545262232391,182688.450493802
868.645262232391,184486.427745194
868.745262232391,186284.66828664
868.845262232391,188083.174671397
868.945262232391,189881.949452726
869,190866.673196436
869.054737767609,191851.478541518
869.109475535217,192836.365906723
869.164213302826,193821.335710783
869.264213302826,195620.983604774
869.364213302826,197420.910592228
869.464213302826,199221.11922641
869.564213302826,201021.612060565
869.664213302826,202822.391647961
869.764213302826,204623.460541851
869.864213302826,206424.821295493
869.964213302826,208226.476462144
870,208871.301361229
870.0003400403,149609.309994962
870.0006800806,149612.243239523
870.001020120899,149615.176487844
870.001360161199,149618.109735465
870.002856025925,149631.013352156
870.004351890651,149643.916997924
870.005847755377,149656.820673576
870.008571470213,149680.316144088
870.011295185049,149703.811713141
870.014018899885,149727.307380612
870.016742614722,149750.8031461
870.022360850248,149799.268422041
870.027979085774,149847.73411643
870.0335973213,149896.200229239
870.039215556826,149944.666760804
870.044833792352,149993.133711193
870.053880628251,150071.179120988
870.06292746415,150149.225617643
870.071974300048,150227.27320171
870.081021135947,150305.321873876
870.090067971846,150383.371634532
870.121527623186,150654.791943884
870.152987274525,150926.225447077
870.184446925865,151197.67216768
870.215906577205,151469.132129286
870.315906577205,152332.103268047
870.415906577205,153195.209187813
870.515906577205,154058.450645114
870.615906577205,154921.828396458
870.715906577205,155785.34319837
870.815906577205,156648.99580737
870.915906577205,157512.786979976
871,158239.286352847
871.000163039501,220893.719238488
871.000326079002,220896.660396977
871.000489118503,220899.601551387
871.001773388458,220922.769215303
871.003057658412,220945.936929972
871.004341928367,220969.104696279
871.006724791912,221012.090832853
871.009107655458,221055.077147852
871.011490519003,221098.063642122
871.013873382548,221141.050315193
871.019223319684,221237.563417154
871.024573256819,221334.077421934
871.029923193954,221430.592329891
871.035273131089,221527.108141191
871.040623068224,221623.624856526
871.0487758282,221770.708251597
871.056928588177,221917.793748007
871.065081348153,222064.88134725
871.07323410813,222211.971050561
871.081386868106,222359.062859373
871.10795994131,222838.507943918
871.134533014513,223317.975459228
871.161106087716,223797.465453159
871.187679160919,224276.977973666
871.287679160919,226081.686015453
871.387679160919,227886.716304132
871.487679160919,229692.071392963
871.587679160919,231497.753835206
871.68767916092,233303.766184107
871.78767916092,235110.110992935
871.88767916092,236916.790814943
871.98767916092,238723.808203388
872,238946.471390718
872.01232083908,239169.139745891
872.024641678161,239391.813273808
872.036962517241,239614.491979101
872.136962517241,241422.018048897
872.236962517241,243229.888049962
872.336962517241,245038.104535557
872.436962517241,246846.670058952
872.536962517241,248655.587173401
872.636962517241,250464.85843216
872.736962517241,252274.486388486
872.836962517241,254084.473595641
872.936962517241,255894.822606868
873,257036.208124663
873.063037482759,258177.739067592
873.126074965517,259319.416075227
873.189112448276,260461.239787145
873.289112448276,262272.883218262
873.389112448276,264084.899998011
873.489112448276,265897.292679648
873.589112448276,267710.063816436
873.689112448276,269523.215961617
873.789112448276,271336.751668463
873.889112448276,273150.673490225
873.989112448276,274964.983980162
874,275162.541543391
874.010887551724,275360.103747343
874.021775103448,275557.670595467
874.032662655173,275755.242090922
874.132662655173,277570.114978116
874.232662655173,279385.382751965
874.332662655173,281201.047965708
874.432662655173,283017.113172603
874.532662655173,284833.580925905
874.632662655173,286650.453778878
874.732662655173,288467.734284762
874.832662655173,290285.424996831
874.932662655173,292103.528468336
875,293328.024903906
875.000111948653,127386.535499047
875.000223897306,127386.835011601
875.000335845958,127387.134514732
875.000447794611,127387.434027402
875.001170135134,127389.366578592
875.001892475656,127391.299136226
875.002614816179,127393.231695542
875.004409737938,127398.033862971
875.006204659697,127402.836045609
875.007999581456,127407.638243472
875.009794503216,127412.440455675
875.012725713187,127420.282775731
875.015656923158,127428.125135537
875.018588133128,127435.967535168
875.021519343099,127443.809974627
875.02445055307,127451.652453916
875.029263269327,127464.529007064
875.034075985583,127477.40566743
875.038888701839,127490.282435307
875.043701418095,127503.159310706
875.048514134351,127516.036293306
875.056748090817,127538.067451762
875.064982047284,127560.098924666
875.07321600375,127582.130712142
875.081449960216,127604.162814177
875.089683916682,127626.195231019
875.114027012715,127691.334316624
875.138370108748,127756.476154467
875.162713204781,127821.620745968
875.187056300814,127886.768092426
875.287056300814,128154.418475083
875.387056300814,128422.115466094
875.487056300814,128689.859160018
875.587056300814,128957.649651404
875.687056300814,129225.487034839
875.787056300814,129493.371404866
875.887056300814,129761.302856066
875.987056300814,130029.281483005
876,130063.971283574
876.000560176774,41840.44947576
876.001120353548,41840.44947576
876.001680530321,41840.44947576
876.002240707095,41840.44947576
876.002800883869,41840.44947576
876.003966084993,41840.44947576
876.005131286117,41840.44947576
876.00629648724,41840.44947576
876.007461688364,41840.44947576
876.010271015304,41840.44947576
876.013080342243,41840.44947576
876.015889669182,41840.44947576
876.018698996122,41840.44947576
876.022873039778,41840.44947576
876.027047083434,41840.44947576
876.031221127091,41840.44947576
876.035395170747,41840.44947576
876.039569214404,41840.44947576
876.047353098198,41840.44947576
876.055136981993,41840.44947576
876.062920865787,41840.44947576
876.070704749581,41840.44947576
876.078488633376,41840.44947576
876.096247447522,41840.44947576
876.114006261669,41840.44947576
876.131765075816,41840.44947576
876.149523889963,41840.44947576
876.167282704109,41840.44947576
876.267282704109,41840.44947576
876.367282704109,41840.44947576
876.467282704109,41840.44947576
876.567282704109,41840.44947576
876.667282704109,41840.44947576
876.767282704109,41840.44947576
876.867282704109,41840.44947576
876.967282704109,41840.44947576
877,41840.44947576
877.032717295891,41840.44947576
877.065434591781,41840.44947576
877.098151887672,41840.44947576
877.198151887672,41840.44947576
877.298151887672,41840.44947576
877.398151887672,41840.44947576
877.498151887672,41840.44947576
877.598151887672,41840.44947576
877.698151887672,41840.44947576
877.798151887672,41840.44947576
877.898151887672,41840.44947576
877.998151887672,41840.44947576
878,41840.44947576
878.001848112328,41840.44947576
878.003696224657,41840.44947576
878.005544336985,41840.44947576
878.024025460268,41840.44947576
878.04250658355,41840.44947576
878.060987706833,41840.44947576
878.079468830116,41840.44947576
878.179468830116,41840.44947576
878.279468830116,41840.44947576
878.379468830116,41840.44947576
878.479468830116,41840.44947576
878.579468830116,41840.44947576
878.679468830116,41840.44947576
878.779468830116,41840.44947576
878.879468830116,41840.44947576
878.979468830116,41840.44947576
879,41840.44947576
879.020531169884,41840.44947576
879.041062339768,41840.44947576
879.061593509652,41840.44947576
879.161593509652,41840.44947576
879.261593509652,41840.44947576
879.361593509652,41840.44947576
879.461593509652,41840.44947576
879.561593509652,41840.44947576
879.661593509652,41840.44947576
879.761593509652,41840.44947576
879.861593509652,41840.44947576
879.961593509652,41840.44947576
880,41840.44947576
880.038406490348,41840.44947576
880.076812980696,41840.44947576
880.115219471044,41840.44947576
880.215219471044,41840.44947576
880.315219471044,41840.44947576
880.415219471044,41840.44947576
880.515219471044,41840.44947576
880.615219471044,41840.44947576
880.715219471044,41840.44947576
880.815219471044,41840.44947576
880.915219471044,41840.44947576
881,41840.44947576
881.084780528956,41840.44947576
881.169561057912,41840.44947576
881.254341586868,41840.44947576
881.354341586868,41840.44947576
881.454341586868,41840.44947576
881.554341586868,41840.44947576
881.654341586868,41840.44947576
881.754341586868,41840.44947576
881.854341586868,41840.44947576
881.954341586868,41840.44947576
882,41840.44947576
882.045658413132,41840.44947576
882.091316826264,41840.44947576
882.136975239395,41840.44947576
882.236975239396,41840.44947576
882.336975239396,41840.44947576
882.436975239396,41840.44947576
882.536975239396,41840.44947576
882.636975239396,41840.44947576
882.736975239396,41840.44947576
882.836975239396,41840.44947576
882.936975239396,41840.44947576
883,41840.44947576
883.000056526108,-270264.370615081
883.000113052216,-270263.164870906
883.000169578325,-270261.959126507
883.000226104433,-270260.753390716
883.000341942592,-270258.282466773
883.000457780752,-270255.811549629
883.000573618911,-270253.340631549
883.000689457071,-270250.869716841
883.000794454021,-270248.630044966
883.000899450971,-270246.390375895
883.001004447921,-270244.150706056
883.001109444871,-270241.911035448
883.001412351431,-270235.449786546
883.001622903966,-270230.958522702
883.001833456501,-270226.467257862
883.002044009036,-270221.975985191
883.002254561571,-270217.4847118
883.002343818101,-270215.580789914
883.00243307463,-270213.676867026
883.00252233116,-270211.772943582
883.00261158769,-270209.869019583
883.002949564748,-270202.659652494
883.003287541806,-270195.450277523
883.003625518865,-270188.24089459
883.003963495923,-270181.031503694
883.00454471602,-270168.633475317
883.005125936117,-270156.235423359
883.005707156214,-270143.837347859
883.006288376312,-270131.439248816
883.007321754928,-270109.396026136
883.008355133544,-270087.352728239
883.00938851216,-270065.309356421
883.010421890776,-270043.265910689
883.012269358616,-270003.856589342
883.014116826456,-269964.447030946
883.015964294295,-269925.037234311
883.017811762135,-269885.627200283
883.020333632163,-269831.83049006
883.022855502191,-269778.033337024
883.025377372219,-269724.235741386
883.027899242246,-269670.437703235
883.031391360469,-269595.941020435
883.034883478692,-269521.443489531
883.038375596915,-269446.94511076
883.041867715138,-269372.44588436
883.04535983336,-269297.945810568
883.052153773954,-269153.00296526
883.058947714547,-269008.056915332
883.065741655141,-268863.10766228
883.072535595734,-268718.155208147
883.079329536327,-268573.199554389
883.093476119032,-268271.357520794
883.107622701737,-267969.501638507
883.121769284442,-267667.631923463
883.135915867147,-267365.748391313
883.235915867147,-265231.3878211
883.335915867147,-263096.343200081
883.435915867147,-260960.620105968
883.535915867147,-258824.224116423
883.635915867147,-256687.160809121
883.735915867147,-254549.435761752
883.835915867147,-252411.054551971
883.935915867147,-250272.022757472
884,-248900.903310873
884.000829780252,-177107.085521552
884.001659560504,-177097.653649865
884.002489340756,-177088.221753338
884.003319121008,-177078.789831972
884.00414890126,-177069.357885769
884.00585512058,-177049.963553981
884.007561339901,-177030.569117102
884.009267559221,-177011.174574969
884.010973778541,-176991.7799284
884.01488853224,-176947.280407522
884.018803285939,-176902.780334133
884.022718039638,-176858.279708594
884.026632793336,-176813.778531045
884.030547547035,-176769.276801277
884.037147467711,-176694.24966065
884.043747388388,-176619.220952119
884.050347309064,-176544.19067637
884.05694722974,-176469.158834288
884.063547150417,-176394.125426341
884.077807692517,-176231.994335295
884.092068234616,-176069.855944107
884.106328776716,-175907.710259487
884.120589318816,-175745.557288289
884.220589318816,-174608.278780506
884.320589318816,-173470.644657514
884.420589318816,-172332.657272388
884.520589318816,-171194.318978207
884.620589318816,-170055.632128059
884.720589318816,-168916.599075013
884.820589318816,-167777.222172162
884.920589318816,-166637.503772585
885,-165732.203921781
885.000343452822,-232827.634397968
885.000686905644,-232820.269311886
885.001030358465,-232812.904218732
885.001373811287,-232805.539117255
885.002590205446,-232779.454358437
885.003806599606,-232753.369509373
885.005022993765,-232727.284571974
885.007278860626,-232678.908450899
885.009534727487,-232630.53202471
885.011790594348,-232582.15529347
885.014046461209,-232533.778257813
885.018015489238,-232448.661762979
885.021984517266,-232363.544325225
885.025953545295,-232278.425944842
885.029922573323,-232193.306622178
885.033891601352,-232108.186357582
885.041102253229,-231953.543419217
885.048312905106,-231798.897375259
885.055523556983,-231644.248227781
885.06273420886,-231489.595978875
885.069944860737,-231334.940630631
885.087945911176,-230948.837375494
885.105946961615,-230562.714849946
885.123948012054,-230176.573086598
885.141949062493,-229790.41211796
885.241949062493,-227644.850396709
885.341949062493,-225498.702570496
885.441949062493,-223351.974217017
885.541949062493,-221204.670913934
885.641949062493,-219056.798238923
885.741949062493,-216908.36176967
885.841949062493,-214759.367083836
885.941949062493,-212609.81975911
886,-211361.736062684
886.000526227163,-150495.038640673
886.001052454325,-150489.016248696
886.001578681488,-150482.993848989
886.00210490865,-150476.971439333
886.003423474834,-150461.881066487
886.004742041017,-150446.790640033
886.006060607201,-150431.700160119
886.008678879254,-150401.734892593
886.011297151307,-150371.769415057
886.01391542336,-150341.803728146
886.016533695413,-150311.837831755
886.021929764124,-150250.079633233
886.027325832835,-150188.320545357
886.032721901546,-150126.560568789
886.038117970257,-150064.799703612
886.043514038967,-150003.037950482
886.052286814865,-149902.625544182
886.061059590763,-149802.210793141
886.069832366661,-149701.793698898
886.078605142559,-149601.374263085
886.087377918457,-149500.952487159
886.11461105376,-149189.200486937
886.141844189062,-148877.425999773
886.169077324364,-148565.62907325
886.196310459666,-148253.809754853
886.296310459666,-147108.618749871
886.396310459666,-145963.128816698
886.496310459666,-144817.34230841
886.596310459666,-143671.261578089
886.696310459666,-142524.88897882
886.796310459666,-141378.226863675
886.896310459666,-140231.277585745
886.996310459666,-139084.04349811
887,-139041.710416392
887.000445058945,-195211.208223948
887.000890117891,-195201.621371326
887.001335176836,-195192.034509569
887.001780235782,-195182.447636255
887.003010729075,-195155.941922093
887.004241222369,-195129.436131586
887.005471715663,-195102.930265108
887.007836852169,-195051.983010668
887.010201988676,-195001.035475664
887.012567125182,-194950.087660172
887.014932261689,-194899.139564113
887.020444312798,-194780.401774436
887.025956363907,-194661.662462786
887.031468415016,-194542.921630416
887.036980466126,-194424.179278194
887.042492517235,-194305.435407055
887.051159547358,-194118.722038929
887.059826577482,-193932.004921465
887.068493607606,-193745.28405816
887.07716063773,-193558.559452769
887.085827667854,-193371.831108923
887.117869222846,-192681.473834011
887.149910777839,-191991.065696645
887.181952332832,-191300.606880279
887.213993887824,-190610.097568405
887.313993887824,-188454.731789861
887.413993887824,-186298.881534122
887.513993887824,-184142.552378844
887.613993887824,-181985.749901715
887.713993887824,-179828.479680397
887.813993887824,-177670.747292579
887.913993887825,-175512.558315925
888,-173656.022919377
888.086006112175,-171799.157456034
888.172012224351,-169941.965474367
888.258018336526,-168084.450522836
888.358018336526,-165924.301547346
888.458018336526,-163763.726326938
888.558018336527,-161602.730439287
888.658018336527,-159441.319462076
888.758018336527,-157279.498972971
888.858018336527,-155117.274549655
888.958018336527,-152954.6517698
889,-152046.629370272
889.000436785274,-108346.744902262
889.000873570548,-108341.704047699
889.001310355822,-108336.663188307
889.001747141096,-108331.622325365
889.00335715709,-108313.041373007
889.004967173084,-108294.460364029
889.006577189077,-108275.879298066
889.009621646361,-108240.74330424
889.012666103645,-108205.607107112
889.015710560928,-108170.4707067
889.018755018212,-108135.334103069
889.024886530268,-108064.568654384
889.031018042325,-107993.802382183
889.037149554381,-107923.035287096
889.043281066438,-107852.267369598
889.049412578495,-107781.498630232
889.060399797127,-107654.684200286
889.071387015759,-107527.867136242
889.082374234392,-107401.047441235
889.093361453024,-107274.225118386
889.170407422982,-106384.831959314
889.247453392939,-105495.310811715
889.324499362897,-104605.662751778
889.424499362897,-103450.777533579
889.524499362897,-102295.682683234
889.624499362897,-101140.380553829
889.724499362897,-99984.8734984455
889.824499362897,-98829.1638701605
889.924499362897,-97673.2540220599
890,-96800.4035043308
890.000792013062,-135796.5036533
890.001584026124,-135779.350550801
890.002376039187,-135762.197426439
890.003168052249,-135745.044280219
890.004525567569,-135715.6436299
890.005883082889,-135686.242915537
890.007240598209,-135656.842136808
890.009735946016,-135602.798256436
890.012231293822,-135548.754159179
890.014726641629,-135494.709845329
890.017221989436,-135440.665314923
890.022800604984,-135319.842233599
890.028379220532,-135199.018071376
890.033957836081,-135078.192829144
890.039536451629,-134957.36650796
890.045115067177,-134836.539108703
890.055169755817,-134618.761590534
890.065224444458,-134400.980579181
890.075279133098,-134183.196080326
890.085333821738,-133965.40809964
890.095388510379,-133747.616642791
890.149308812505,-132579.606823115
890.203229114631,-131411.498071414
890.257149416758,-130243.291262088
890.311069718884,-129074.987269539
890.411069718884,-126908.009244543
890.511069718884,-124740.705542983
890.611069718884,-122573.081742531
890.711069718884,-120405.143420866
890.811069718884,-118236.896155658
890.911069718884,-116068.345524587
891,-114139.597013096
891.00064224531,-81361.0234785572
891.00128449062,-81353.5826501269
891.00192673593,-81346.1418149036
891.00256898124,-81338.700972888
891.004323792591,-81318.3702736667
891.006078603942,-81298.0395236226
891.007833415293,-81277.70872302
891.011240744784,-81238.2321202556
891.014648074274,-81198.755326609
891.018055403765,-81159.27834216
891.021462733255,-81119.8011669097
891.028491721925,-81038.3629995864
891.035520710594,-80956.9240217623
891.042549699263,-80875.484234262
891.049578687933,-80794.0436379027
891.056607676602,-80712.6022335164
891.071862781819,-80535.8461219195
891.087117887036,-80359.0862164645
891.102372992253,-80182.3225254737
891.11762809747,-80005.555057301
891.21762809747,-78846.7190854559
891.31762809747,-77687.7235188509
891.41762809747,-76528.5707105752
891.51762809747,-75369.2630137104
891.61762809747,-74209.8027813354
891.71762809747,-73050.1923665348
891.81762809747,-71890.4341223902
891.91762809747,-70730.5304019806
892,-69774.9880339955
892.000887345287,-97845.2660618261
892.001774690573,-97826.0017446211
892.00266203586,-97806.7374077621
892.003549381147,-97787.4730509496
892.005171001121,-97752.2674649056
892.006792621094,-97717.0618128235
892.008414241068,-97681.8560949487
892.010035861042,-97646.6503110837
892.014293216317,-97554.2217273857
892.018550571592,-97461.7926901317
892.022807926867,-97369.3631998431
892.027065282142,-97276.9332569502
892.03357422236,-97135.6190712728
892.040083162578,-96994.3038301532
892.046592102796,-96852.9875351581
892.053101043014,-96711.6701877847
892.06696170802,-96410.7340716014
892.080822373027,-96109.7932051087
892.094683038033,-95808.8476031362
892.185526283625,-93836.3242428405
892.276369529216,-91863.6022884494
892.367212774807,-89890.6859214528
892.467212774807,-87718.6851028055
892.567212774807,-85546.4593483861
892.667212774807,-83374.0142358694
892.767212774807,-81201.3553429307
892.867212774807,-79028.4882472449
892.967212774807,-76855.4185264878
893,-76142.886097012
893.032787225193,-75430.332681492
893.065574450386,-74717.75847652
893.098361675578,-74005.1636786887
893.198361675578,-71831.6469393801
893.298361675578,-69657.9460454099
893.398361675578,-67484.0665744534
893.498361675579,-65310.0141041851
893.598361675579,-63135.794212281
893.698361675579,-60961.4124764159
893.798361675579,-58786.8744742655
893.898361675579,-56612.1857835039
893.998361675579,-54437.3519818073
894,-54401.7199715507
894.001638324421,-38777.3646113324
894.003276648843,-38758.3105218839
894.004914973264,-38739.2564114183
894.006553297686,-38720.2022799459
894.008848374631,-38693.5099135099
894.011143451577,-38666.8175058773
894.013438528522,-38640.1250570676
894.015733605468,-38613.4325671092
894.018028682414,-38586.7400360306
894.024270274858,-38514.1479700348
894.030511867302,-38441.5556006981
894.036753459746,-38368.9629285953
894.042995052191,-38296.3699542867
894.054040491074,-38167.9050024949
894.065085929957,-38039.439109279
894.076131368841,-37910.9722778168
894.087176807724,-37782.5045112792
894.187176807724,-36619.378178553
894.287176807724,-35456.1778141943
894.387176807724,-34292.905771283
894.487176807724,-33129.5644029008
894.587176807724,-31966.1560621301
894.687176807724,-30802.6831020519
894.787176807724,-29639.1478757481
894.887176807724,-28475.5527363009
894.987176807724,-27311.9000367914
895,-27162.6785707024
895.001634061617,-38050.8356191616
895.003268123233,-38015.2817373013
895.00490218485,-37979.7278294157
895.006536246466,-37944.1738955452
895.009943085933,-37870.0477547263
895.013349925399,-37795.9215012539
895.016756764866,-37721.7951353575
895.020163604332,-37647.6686572577
895.026634165392,-37506.8809984225
895.033104726451,-37366.0929371389
895.039575287511,-37225.3044749126
895.046045848571,-37084.5156132559
895.059311590495,-36795.8734496087
895.072577332419,-36507.2296264521
895.085843074343,-36218.5841568065
895.099108816267,-35929.9370536938
895.199108816267,-33754.0022173647
895.299108816267,-31577.9808773633
895.399108816267,-29401.8786113642
895.499108816267,-27225.7009970428
895.599108816267,-25049.4536120742
895.699108816267,-22873.1420341336
895.799108816267,-20696.7718408961
895.899108816267,-18520.348610037
895.999108816267,-16343.8779192315
896,-16324.4813699232
896.000891183733,-11632.5157254016
896.001782367465,-11622.1404665668
896.002673551198,-11611.7652058666
896.00356473493,-11601.3899433024
896.005366046812,-11580.4188594317
896.007167358694,-11559.4477679656
896.008968670575,-11538.4766689212
896.010769982457,-11517.5055623092
896.012571294339,-11496.5344481442
896.017748350102,-11436.2624296984
896.022925405865,-11375.9903493045
896.028102461628,-11315.71820729
896.033279517392,-11255.4460039804
896.043119023989,-11140.892551617
896.052958530587,-11026.3388812616
896.062798037184,-10911.784995155
896.072637543782,-10797.2308955389
896.119049640295,-10256.8863635841
896.165461736808,-9716.53736632737
896.211873833321,-9176.18413901933
896.311873833321,-8011.92002230218
896.411873833321,-6847.63971341404
896.511873833321,-5683.34556543657
896.611873833321,-4519.03993145149
896.711873833321,-3354.72516454054
896.811873833321,-2190.40361778542
896.911873833321,-1026.07764426787
896.999999999993,-8.47160347814206e-08
897,0
897.088126166679,0
897.176252333357,0
897.264378500036,0
897.364378500036,0
897.464378500036,0
897.564378500036,0
897.664378500036,0
897.764378500036,0
897.864378500036,0
897.964378500036,0
898,0
898.035621499964,0
898.071242999928,0
898.171242999928,0
898.271242999928,0
898.371242999928,0
898.471242999928,0
898.571242999928,0
898.671242999928,0
898.771242999928,0
898.871242999928,0
898.971242999928,0
899,0
899.028757000072,0
899.057514000144,0
899.157514000144,0
899.257514000144,0
899.357514000144,0
899.457514000144,0
899.557514000144,0
899.657514000144,0
899.757514000144,0
899.857514000144,0
899.957514000144,0
900,0
900.042485999856,0
900.084971999712,0
900.184971999712,0
900.284971999712,0
900.384971999712,0
900.484971999712,0
900.584971999712,0
900.684971999712,0
900.784971999712,0
900.884971999712,0
900.984971999712,0
901,0
901.015028000288,0
901.030056000576,0
901.130056000576,0
901.230056000576,0
901.330056000577,0
901.430056000577,0
901.530056000577,0
901.630056000577,0
901.730056000577,0
901.830056000577,0
901.930056000577,0
902,0
902.069943999423,0
902.139887998847,0
902.239887998847,0
902.339887998847,0
902.439887998847,0
902.539887998847,0
902.639887998847,0
902.739887998847,0
902.839887998847,0
902.939887998847,0
903,0
903.060112001153,0
903.120224002306,0
903.220224002306,0
903.320224002306,0
903.420224002306,0
903.520224002306,0
903.620224002306,0
903.720224002306,0
903.820224002306,0
903.920224002306,0
904,0
904.000000000007,1.2984188864948e-07
904.011683873985,208.502626086574
904.023367747962,417.00525611575
904.035051621939,625.507894289814
904.046735495917,834.010544681211
904.091139218607,1626.41005424017
904.135542941297,2418.81002261519
904.179946663987,3211.21067334494
904.279946663987,4995.75085924548
904.379946663987,6780.29819290403
904.479946663987,8564.85522757766
904.579946663987,10349.4245165234
904.679946663987,12134.0086129985
904.779946663988,13918.6100702598
904.879946663988,15703.2314415645
904.979946663988,17487.8752801696
905,17845.7588356583
905.020053336012,18203.6434179045
905.040106672025,18561.5290474977
905.060160008037,18919.4157450281
905.160160008037,20704.106519449
905.260160008037,22488.8269157374
905.360160008037,24273.5794871503
905.460160008037,26058.3667869449
905.560160008037,27843.1913683782
905.660160008037,29628.0557847073
905.760160008037,31412.9625891892
905.860160008037,33197.9143350812
905.960160008038,34982.91357564
906,35694.070928392
906.039839991962,36405.2363863309
906.079679983925,37116.4101109114
906.119519975887,37827.5922635897
906.15935996785,38538.78300582
906.25935996785,40323.9395985331
906.35935996785,42109.1538785142
906.45935996785,43894.4283990206
906.55935996785,45679.7657133096
906.65935996785,47465.1683746377
906.75935996785,49250.6389362627
906.85935996785,51036.1799514412
906.95935996785,52821.7939734301
907,53547.4895352764
907.04064003215,54273.1977480941
907.0812800643,54998.9187832622
907.12192009645,55724.6528121593
907.22192009645,57510.470673641
907.32192009645,59296.3707990253
907.42192009645,61082.3557415699
907.52192009645,62868.4280545313
907.62192009645,64654.5902911664
907.72192009645,66440.8450047332
907.82192009645,68227.194748488
907.92192009645,70013.6420756877
908,71408.5679133864
908.002541460362,51110.8284576956
908.005082920725,51132.4917550603
908.007624381087,51154.1550817809
908.01016584145,51175.8184378571
908.012707301812,51197.4818233012
908.017522223913,51238.524256878
908.022337146014,51279.5667959972
908.027152068115,51320.6094407475
908.031966990216,51361.6521911931
908.040167982506,51431.5582968192
908.048368974797,51501.4647097761
908.056569967088,51571.3714304705
908.064770959379,51641.2784593319
908.08995019683,51855.9136454308
908.115129434281,52070.5517524483
908.140308671731,52285.1927924612
908.240308671731,53137.674488636
908.340308671731,53990.2033940317
908.440308671731,54842.7802651689
908.540308671731,55695.4058585692
908.640308671731,56548.0809307529
908.740308671731,57400.8062382406
908.840308671731,58253.5825375528
908.940308671731,59106.4105852103
909,59615.4999505685
909.00101213211,83339.5597753458
909.00202426422,83357.6497678944
909.003036396331,83375.7397726918
909.004048528441,83393.8297897407
909.005927740631,83427.4173154319
909.007806952822,83461.0048832854
909.009686165012,83494.5924932872
909.011565377202,83528.1801454743
909.016248291883,83611.8792908735
909.020931206564,83695.5786984935
909.025614121245,83779.2783685821
909.030297035925,83862.9783014016
909.03776226797,83996.4084427349
909.045227500016,84129.8392534787
909.052692732061,84263.2707346781
909.060157964106,84396.7028874108
909.080692936245,84763.7445879354
909.101227908384,85130.791399797
909.121762880523,85497.8433451114
909.221762880523,87285.365419313
909.321762880523,89073.0123076868
909.421762880523,90860.786563492
909.521762880524,92648.6907399831
909.621762880524,94436.7273904195
909.721762880524,96224.8990680583
909.821762880524,98013.2083261541
909.921762880524,99801.6577179665
910,101200.988363043
910.078237119476,102600.407570218
910.156474238953,103999.916562234
910.234711358429,105399.516561827
910.334711358429,107188.571675395
910.434711358429,108977.780019574
910.534711358429,110767.144147619
910.634711358429,112556.666612786
910.734711358429,114346.349968334
910.834711358429,116136.19676752
910.934711358429,117926.209563599
911,119094.9753879
911.065288641571,120263.813769073
911.130577283141,121432.725417686
911.195865924712,122601.711044317
911.295865924712,124392.344607763
911.395865924712,126183.155942567
911.495865924712,127974.147601981
911.595865924712,129765.322139267
911.695865924712,131556.682107681
911.795865924712,133348.230060478
911.895865924712,135139.968550916
911.995865924712,136931.900132255
912,137005.984126594
912.004134075288,137080.068455481
912.008268150576,137154.153119096
912.049608903455,137895.018204973
912.090949656333,138635.91696208
912.132290409212,139376.849570825
912.232290409212,141169.247820498
912.332290409212,142961.84775085
912.432290409212,144754.65191514
912.532290409212,146547.662866626
912.632290409212,148340.883158561
912.732290409212,150134.315344206
912.832290409212,151927.961976819
912.932290409212,153721.825609651
913,154936.567836198
913.067709590788,156151.411511567
913.135419181575,157366.357428344
913.203128772363,158581.406379111
913.303128772363,160376.097022583
913.403128772363,162171.016687991
913.503128772363,163966.167928595
913.603128772363,165761.553297646
913.703128772363,167557.175348407
913.803128772363,169353.036634135
913.903128772363,171149.139708081
914,172889.279773788
914.096871227637,174629.651451407
914.193742455274,176370.257061959
914.29061368291,178111.098926466
914.39061368291,179908.41724288
914.490613682911,181705.992347516
914.590613682911,183503.826793632
914.690613682911,185301.923134484
914.790613682911,187100.283923333
914.890613682911,188898.911713425
914.990613682911,190697.809058029
915,190866.673196436
915.009386317089,191035.539734306
915.018772634179,191204.408673749
915.028158951268,191373.280016876
915.122022122162,193062.126115286
915.215885293055,194751.214904682
915.309748463949,196440.548496511
915.403611634843,198130.129002231
915.503611634843,199930.449301651
915.603611634843,201731.054806998
915.703611634843,203531.948071515
915.803611634843,205333.13164847
915.903611634843,207134.608091119
916,208871.301361226
916.000423804004,149610.032553965
916.000847608007,149613.688361248
916.001271412011,149617.344169119
916.001695216014,149620.999981158
916.003091942722,149633.048418329
916.004488669429,149645.096882012
916.005885396137,149657.145371802
916.008570460337,149680.307432651
916.011255524538,149703.469589175
916.013940588738,149726.631841208
916.016625652939,149749.794188907
916.022814164338,149803.178919358
916.029002675737,149856.564157621
916.035191187136,149909.949903752
916.041379698535,149963.33615793
916.047568209934,150016.722920396
916.057003853162,150098.122867234
916.06643949639,150179.523996658
916.075875139618,150260.926309252
916.085310782846,150342.329805653
916.094746426074,150423.734486496
916.140775573068,150820.861461728
916.186804720062,151218.016712073
916.232833867056,151615.200311312
916.27886301405,152012.412333198
916.37886301405,152875.46823707
916.47886301405,153738.659398222
916.57886301405,154601.986573176
916.67886301405,155465.450518463
916.77886301405,156329.051990592
916.87886301405,157192.791746088
916.97886301405,158056.670541468
917,158239.286352857
917.000144455905,220893.384000016
917.000288911811,220895.989916584
917.000433367716,220898.59583381
917.001877926771,220924.655042416
917.003322485826,220950.714316821
917.004767044881,220976.773656401
917.007175799021,221020.226884463
917.009584553161,221063.680295265
917.011993307301,221107.133889084
917.01440206144,221150.587665456
917.019247218043,221237.994546642
917.024092374646,221325.402168323
917.028937531249,221412.810530532
917.033782687852,221500.219633806
917.038627844455,221587.629478438
917.046558922951,221730.713004916
917.054490001447,221873.798519798
917.062421079944,222016.886024176
917.07035215844,222159.975519323
917.078283236936,222303.067006666
917.102273552399,222735.909299217
917.126263867861,223168.769865754
917.150254183324,223601.64874157
917.174244498786,224034.545961853
917.274244498786,225839.210905416
917.374244498786,227644.197752845
917.474244498786,229449.509057409
917.574244498786,231255.14737235
917.674244498786,233061.115250941
917.774244498786,234867.415246433
917.874244498786,236674.049912083
917.974244498786,238481.021801148
918,238946.471390711
918.025755501214,239411.943562811
918.051511002427,239877.438361117
918.151511002427,241685.014308987
918.251511002427,243492.934559586
918.351511002427,245301.201666188
918.451511002427,247109.818182047
918.551511002427,248918.786660419
918.651511002427,250728.109654561
918.751511002427,252537.789717735
918.851511002427,254347.829403185
918.951511002427,256158.231264181
919,257036.208124665
919.048488997573,257914.271030646
919.096977995145,258792.420273204
919.145466992718,259670.656143456
919.245466992718,261482.137425238
919.345466992718,263293.990941279
919.445466992718,265106.219244818
919.545466992718,266918.824889126
919.645466992718,268731.810427457
919.745466992718,270545.178413067
919.845466992718,272358.931399213
919.945466992718,274173.071939157
920,275162.541543371
920.054533007282,276152.127573602
920.109066014563,277141.830443913
920.163599021845,278131.650568373
920.263599021845,279947.041022929
920.363599021845,281762.829707254
920.463599021845,283579.019174619
920.563599021845,285395.611978278
920.663599021845,287212.610671486
920.763599021845,289030.017807502
920.863599021845,290847.835939588
920.963599021845,292666.067620984
921,293328.024903902
921.036400978155,293990.037444861
921.072801956309,294652.10536701
921.109202934464,295314.228793499
921.209202934464,297133.487004452
921.309202934464,298953.167588886
921.409202934464,300773.273100045
921.509202934464,302593.806091202
921.609202934464,304414.769115606
921.709202934464,306236.164726518
921.809202934464,308057.995477192
921.909202934464,309880.263920892
922,311535.211463329
922.090797065536,313190.523860735
922.181594131072,314846.203024329
922.272391196608,316502.250865307
922.372391196608,318326.579954108
922.472391196608,320151.361115572
922.572391196608,321976.596902957
922.672391196608,323802.289869527
922.772391196608,325628.44256852
922.872391196608,327455.057553212
922.972391196608,329282.137376854
923,329786.654478731
923.000097668896,46443.9094522366
923.000195337793,46443.9094522366
923.000293006689,46443.9094522366
923.000390675586,46443.9094522366
923.000946356163,46443.9094522366
923.001502036741,46443.9094522366
923.002057717319,46443.9094522366
923.003507818251,46443.9094522366
923.004957919183,46443.9094522366
923.006408020115,46443.9094522366
923.007858121048,46443.9094522366
923.01029469855,46443.9094522366
923.012731276052,46443.9094522366
923.015167853554,46443.9094522366
923.017604431055,46443.9094522366
923.020041008557,46443.9094522366
923.02390989665,46443.9094522366
923.027778784742,46443.9094522366
923.031647672834,46443.9094522366
923.035516560926,46443.9094522366
923.039385449018,46443.9094522366
923.045390185996,46443.9094522366
923.051394922975,46443.9094522366
923.057399659953,46443.9094522366
923.063404396931,46443.9094522366
923.06940913391,46443.9094522366
923.080125785069,46443.9094522366
923.090842436227,46443.9094522366
923.101559087386,46443.9094522366
923.112275738545,46443.9094522366
923.122992389704,46443.9094522366
923.191449724186,46443.9094522366
923.259907058668,46443.9094522366
923.32836439315,46443.9094522366
923.396821727632,46443.9094522366
923.496821727632,46443.9094522366
923.596821727632,46443.9094522366
923.696821727632,46443.9094522366
923.796821727632,46443.9094522366
923.896821727632,46443.9094522366
923.996821727632,46443.9094522366
924,46443.9094522366
924.003178272368,46443.9094522366
924.006356544737,46443.9094522366
924.009534817105,46443.9094522366
924.041317540789,46443.9094522366
924.073100264472,46443.9094522366
924.104882988156,46443.9094522366
924.136665711839,46443.9094522366
924.236665711839,46443.9094522366
924.336665711839,46443.9094522366
924.43666571184,46443.9094522366
924.53666571184,46443.9094522366
924.63666571184,46443.9094522366
924.73666571184,46443.9094522366
924.83666571184,46443.9094522366
924.93666571184,46443.9094522366
925,46443.9094522366
925.06333428816,46443.9094522366
925.126668576321,46443.9094522366
925.190002864481,46443.9094522366
925.290002864481,46443.9094522366
925.390002864481,46443.9094522366
925.490002864481,46443.9094522366
925.590002864481,46443.9094522366
925.690002864481,46443.9094522366
925.790002864481,46443.9094522366
925.890002864481,46443.9094522366
925.990002864481,46443.9094522366
926,46443.9094522366
926.009997135519,46443.9094522366
926.019994271037,46443.9094522366
926.029991406556,46443.9094522366
926.129962761743,46443.9094522366
926.22993411693,46443.9094522366
926.329905472117,46443.9094522366
926.429876827304,46443.9094522366
926.529876827304,46443.9094522366
926.629876827304,46443.9094522366
926.729876827304,46443.9094522366
926.829876827304,46443.9094522366
926.929876827304,46443.9094522366
927,46443.9094522366
927.070123172696,46443.9094522366
927.140246345393,46443.9094522366
927.210369518089,46443.9094522366
927.310369518089,46443.9094522366
927.410369518089,46443.9094522366
927.510369518089,46443.9094522366
927.610369518089,46443.9094522366
927.710369518089,46443.9094522366
927.810369518089,46443.9094522366
927.910369518089,46443.9094522366
928,46443.9094522366
928.089630481911,46443.9094522366
928.179260963822,46443.9094522366
928.268891445733,46443.9094522366
928.368891445733,46443.9094522366
928.468891445733,46443.9094522366
928.568891445733,46443.9094522366
928.668891445733,46443.9094522366
928.768891445733,46443.9094522366
928.868891445733,46443.9094522366
928.968891445733,46443.9094522366
929,46443.9094522366
929.000076465457,-296871.09490274
929.000152930915,-296869.470827185
929.000229396372,-296867.84676554
929.00030586183,-296866.222696268
929.000443045635,-296863.309011461
929.00058022944,-296860.395327212
929.000717413246,-296857.481637517
929.000854597051,-296854.567954384
929.000948471095,-296852.574138737
929.00104234514,-296850.580312976
929.001136219184,-296848.586492387
929.001230093229,-296846.592676969
929.001532194334,-296840.176244371
929.001619235634,-296838.327541304
929.001706276934,-296836.478846022
929.001793318234,-296834.630137545
929.001880359534,-296832.781441101
929.001975009422,-296830.771127998
929.00206965931,-296828.760828051
929.002164309198,-296826.750521618
929.002258959086,-296824.740214498
929.002524852361,-296819.092794608
929.002790745637,-296813.445371057
929.003056638913,-296807.797942086
929.003322532188,-296802.150509757
929.003761930113,-296792.817912647
929.004201328038,-296783.485304634
929.004640725963,-296774.15268057
929.005080123888,-296764.820041703
929.005879146011,-296747.849088376
929.006678168135,-296730.878086287
929.007477190259,-296713.907035258
929.008276212382,-296696.935935292
929.00970229645,-296666.64601975
929.011128380518,-296636.35594898
929.012554464587,-296606.065721595
929.013980548655,-296575.775339151
929.016181928894,-296529.017165412
929.018383309133,-296482.258620585
929.020584689372,-296435.499704346
929.022786069611,-296388.7404175
929.025883293853,-296322.951973529
929.028980518094,-296257.162795238
929.032077742336,-296191.37288262
929.035174966578,-296125.582236371
929.038272190819,-296059.790856127
929.043929198348,-295939.622547555
929.049586205877,-295819.451792439
929.055243213405,-295699.278592057
929.060900220934,-295579.102947129
929.066557228463,-295458.924858762
929.076958869091,-295237.944890915
929.08736050972,-295016.956671796
929.097762150348,-294795.960207608
929.108163790977,-294574.955504786
929.118565431605,-294353.942569449
929.150753968554,-293669.951928177
929.182942505502,-292985.882696318
929.215131042451,-292301.735059875
929.2473195794,-291617.509204917
929.3473195794,-289491.330510369
929.4473195794,-287364.404257837
929.5473195794,-285236.73602501
929.6473195794,-283108.331389543
929.7473195794,-280979.195929131
929.8473195794,-278849.335221434
929.9473195794,-276718.754844128
930,-275596.06860466
930.000219770875,-196006.547888783
930.000439541751,-196004.063755595
930.000659312626,-196001.579625109
930.000879083502,-195999.095488057
930.001975476342,-195986.702609695
930.003071869182,-195974.309683018
930.004168262023,-195961.916707336
930.006539746023,-195935.110692698
930.008911230024,-195908.304452976
930.011282714024,-195881.4979884
930.013654198025,-195854.691299003
930.018377700502,-195801.29728404
930.023101202979,-195747.902377711
930.027824705455,-195694.506579868
930.032548207932,-195641.109891188
930.037271710409,-195587.71231149
930.044555446659,-195505.370419691
930.051839182909,-195423.026411147
930.059122919158,-195340.680286766
930.066406655408,-195258.332047665
930.073690391658,-195175.981694545
930.091873456214,-194970.393670792
930.110056520771,-194764.792492754
930.128239585328,-194559.178174651
930.146422649885,-194353.550730545
930.246422649885,-193222.443344963
930.346422649885,-192090.941734022
930.446422649885,-190959.048250796
930.546422649885,-189826.765248373
930.646422649885,-188694.095079819
930.746422649885,-187561.04009823
930.846422649885,-186427.602656684
930.946422649885,-185293.785108262
931,-184686.160147917
931.00031608758,-259584.853163937
931.00063217516,-259578.099972642
931.00094826274,-259571.34677466
931.001264350321,-259564.593569991
931.002465559841,-259538.929692304
931.003666769362,-259513.265718378
931.004867978883,-259487.601647107
931.007064985096,-259440.66193991
931.00926199131,-259393.72191006
931.011458997524,-259346.781557171
931.013656003737,-259299.840881303
931.018411745322,-259198.229811753
931.023167486906,-259096.617230723
931.02792322849,-258995.003138605
931.032678970074,-258893.387536302
931.037434711659,-258791.770424413
931.044814757908,-258634.07615483
931.052194804156,-258476.37825348
931.059574850405,-258318.676722524
931.066954896654,-258160.971564203
931.074334942903,-258003.26278076
931.094112924775,-257580.596966978
931.113890906647,-257157.905176751
931.133668888519,-256735.187453326
931.153446870391,-256312.443839759
931.253446870391,-254174.603357344
931.353446870391,-252036.107690334
931.453446870391,-249896.962416428
931.553446870391,-247757.173113284
931.653446870391,-245616.745358595
931.753446870391,-243475.684730018
931.853446870391,-241333.996805247
931.953446870391,-239191.687161938
932,-238194.164456845
932.000412293965,-169526.142660963
932.00082458793,-169521.446541967
932.001236881894,-169516.750419236
932.001649175859,-169512.054289573
932.002952464487,-169497.209472777
932.004255753116,-169482.364597236
932.005559041744,-169467.519663764
932.00808217018,-169438.780142092
932.010605298617,-169410.040400915
932.013128427053,-169381.300440189
932.01565155549,-169352.56025995
932.02065455405,-169295.571992584
932.025657552611,-169238.582862611
932.030660551172,-169181.592870318
932.035663549733,-169124.602015999
932.040666548294,-169067.610299948
932.048748212826,-168975.546105323
932.056829877358,-168883.479664006
932.06491154189,-168791.410977392
932.072993206422,-168699.340046671
932.081074870954,-168607.266873138
932.103325445949,-168353.75788172
932.125576020945,-168100.231924334
932.14782659594,-167846.689026789
932.170077170936,-167593.129215085
932.270077170936,-166453.355869115
932.370077170936,-165313.243759638
932.470077170936,-164172.795239731
932.570077170936,-163032.012662463
932.670077170936,-161890.898380929
932.770077170936,-160749.454748206
932.870077170936,-159607.684117376
932.970077170936,-158465.58884152
933,-158123.778869488
933.000283772764,-222099.420570555
933.000567545529,-222093.32697038
933.000851318293,-222087.233365601
933.001135091058,-222081.139756218
933.002437598258,-222053.170239958
933.003740105458,-222025.200627383
933.005042612658,-221997.230917537
933.007337395585,-221947.953093935
933.009632178512,-221898.674969819
933.01192696144,-221849.396544564
933.014221744367,-221800.117818952
933.019799772813,-221680.332628082
933.025377801259,-221560.545662015
933.030955829705,-221440.756921432
933.03653385815,-221320.966407302
933.042111886596,-221201.174120812
933.050392254538,-221023.343828275
933.05867262248,-220845.509635203
933.066952990421,-220667.671544609
933.075233358363,-220489.829559657
933.083513726305,-220311.983683663
933.111699839036,-219706.572777098
933.139885951767,-219101.116945489
933.168072064499,-218495.616313712
933.19625817723,-217890.071006681
933.29625817723,-215741.3306829
933.39625817723,-213592.035171749
933.49625817723,-211442.190050876
933.59625817723,-209291.800897974
933.69625817723,-207140.873290702
933.79625817723,-204989.41280675
933.89625817723,-202837.425023778
933.99625817723,-200684.915519477
934,-200604.362376042
934.00374182277,-200523.80851036
934.007483645539,-200443.253922399
934.011225468309,-200362.698612749
934.048643696005,-199557.105882193
934.086061923701,-198751.441294227
934.123480151397,-197945.705141058
934.160898379093,-197139.89771494
934.260898379093,-194986.034438081
934.360898379093,-192831.669778342
934.460898379093,-190676.80931338
934.560898379093,-188521.458620885
934.660898379093,-186365.62327852
934.760898379093,-184209.308863963
934.860898379093,-182052.520954897
934.960898379093,-179895.265128985
935,-179051.61709061
935.00038754157,-127549.665740398
935.000775083141,-127545.208648454
935.001162624711,-127540.751554324
935.001550166281,-127536.294455456
935.003080242087,-127518.697081741
935.004610317892,-127501.099647201
935.006140393697,-127483.502152519
935.008999300769,-127450.621526016
935.011858207841,-127417.740688225
935.014717114913,-127384.859639103
935.017576021985,-127351.978378706
935.023449298057,-127284.42717487
935.029322574129,-127216.875080145
935.035195850201,-127149.322094814
935.041069126273,-127081.76821952
935.046942402345,-127014.213454742
935.056705120342,-126901.920134473
935.06646783834,-126789.624359952
935.076230556337,-126677.326133326
935.085993274334,-126565.025456818
935.095755992332,-126452.722332518
935.126988765262,-126093.427078459
935.158221538193,-125734.106866514
935.189454311123,-125374.761768346
935.220687084054,-125015.391855688
935.320687084054,-123864.60775885
935.420687084054,-122713.572369057
935.520687084054,-121562.288039386
935.620687084054,-120410.757122921
935.720687084054,-119258.981972736
935.820687084054,-118106.96494192
935.920687084054,-116954.708383552
936,-116040.651339797
936.000386937199,-162848.193643992
936.000773874397,-162839.832066467
936.001160811596,-162831.470482681
936.001547748795,-162823.108892632
936.002884908905,-162794.213238849
936.004222069016,-162765.317510523
936.005559229126,-162736.421706994
936.008062244631,-162682.331765413
936.010565260136,-162628.241561988
936.013068275641,-162574.151096849
936.015571291146,-162520.0603702
936.021418407325,-162393.70185833
936.027265523504,-162267.341920517
936.033112639683,-162140.980557597
936.038959755863,-162014.617770889
936.044806872042,-161888.253561305
936.054272790255,-161683.679057494
936.063738708468,-161479.100832382
936.073204626681,-161274.518890839
936.082670544894,-161069.933237472
936.092136463107,-160865.343877135
936.136722640884,-159901.641472732
936.181308818661,-158937.857424244
936.225894996438,-157973.992226004
936.270481174215,-157010.046372403
936.370481174215,-154847.77199831
936.470481174215,-152685.099962808
936.570481174215,-150522.03584358
936.670481174215,-148358.5852183
936.770481174215,-146194.753664643
936.870481174215,-144030.546760286
936.970481174215,-141865.970082898
937,-141226.942593646
937.000653320081,-100645.610174547
937.001306640162,-100638.06110553
937.001959960243,-100630.51202781
937.002613280325,-100622.962941387
937.004188834829,-100604.757438737
937.005764389334,-100586.55188535
937.007339943838,-100568.346281455
937.010442435421,-100532.496702406
937.013544927005,-100496.646927263
937.016647418588,-100460.796956131
937.019749910172,-100424.946789081
937.026224891526,-100350.125918801
937.032699872881,-100275.304196087
937.039174854236,-100200.481621639
937.04564983559,-100125.658196036
937.052124816945,-100050.833919936
937.063619515679,-99918.0001683673
937.075114214412,-99785.1637420633
937.086608913146,-99652.3246445527
937.09810361188,-99519.4828794539
937.109598310614,-99386.6384502963
937.154058230199,-98872.7893882756
937.198518149784,-98358.9007315536
937.24297806937,-97844.9726869348
937.287437988955,-97331.0054612071
937.331897908541,-96816.9992611756
937.431897908541,-95660.7465127398
937.531897908541,-94504.2999934657
937.631897908541,-93347.6620564361
937.731897908541,-92190.8350547291
937.831897908541,-91033.8213414302
937.931897908541,-89876.6232696209
938,-89088.4428563228
938.000186791604,-124976.587251129
938.000373583207,-124972.538673666
938.000560374811,-124968.490095698
938.002428290849,-124928.004247744
938.004296206886,-124887.518288585
938.006164122923,-124847.032217546
938.008833809496,-124789.168009262
938.011503496068,-124731.303572739
938.01417318264,-124673.438908049
938.016842869212,-124615.574015426
938.022354797676,-124496.103409048
938.027866726139,-124376.631832124
938.033378654602,-124257.159285501
938.038890583066,-124137.685770197
938.044402511529,-124018.211287061
938.054541554417,-123798.438692024
938.064680597304,-123578.662831263
938.074819640192,-123358.883710642
938.084958683079,-123139.101335929
938.095097725966,-122919.315712972
938.121032372401,-122357.111573831
938.146967018837,-121794.886317171
938.172901665272,-121232.64004031
938.198836311707,-120670.372840525
938.298836311707,-118502.16307021
938.398836311707,-116333.649251685
938.498836311707,-114164.836962633
938.598836311707,-111995.731780726
938.698836311707,-109826.339283641
938.798836311707,-107656.665049051
938.898836311707,-105486.714654633
938.998836311707,-103316.493678061
939,-103291.237499979
939.001163688293,-103265.981285991
939.002327376586,-103240.725036052
939.003491064879,-103215.468750417
939.01512794781,-102962.903922862
939.026764830741,-102710.335519041
939.038401713672,-102457.763547686
939.138401713672,-100287.174256538
939.238401713672,-98116.3277454129
939.338401713673,-95945.2295919896
939.438401713673,-93773.8853739441
939.538401713673,-91602.3006689489
939.638401713673,-89430.4810546819
939.738401713673,-87258.4321088174
939.838401713673,-85086.1594090306
939.938401713673,-82913.6685329966
940,-81575.3452151949
940.002032277508,-58143.790647075
940.004064555016,-58120.1879681946
940.006096832524,-58096.5852406872
940.008129110031,-58072.982464683
940.010161387539,-58049.3796402016
940.015267557618,-57990.0764836626
940.020373727697,-57930.7730213258
940.025479897776,-57871.4692534944
940.030586067855,-57812.1651804379
940.037862355546,-57727.6564039013
940.045138643237,-57643.1470091813
940.052414930928,-57558.6369971522
940.059691218619,-57474.1263687615
940.078749531458,-57252.7701947779
940.097807844297,-57031.409814689
940.116866157135,-56810.0452447679
940.216866157135,-55648.4653298423
940.316866157135,-54486.7728638691
940.416866157135,-53324.9701999301
940.516866157135,-52163.0596911061
940.616866157136,-51001.0436904788
940.716866157136,-49838.9245511309
940.816866157136,-48676.7046261432
940.916866157136,-47514.3862685974
941,-46548.0331122713
941.00189809038,-65233.1274929529
941.00379618076,-65191.8602631803
941.005694271139,-65150.5929731991
941.007592361519,-65109.3256230475
941.010819237865,-65039.1683221081
941.01404611421,-64969.0108475743
941.017272990556,-64898.8531996013
941.020499866902,-64828.6953784135
941.026689400718,-64694.1238229869
941.032878934534,-64559.5516322213
941.03906846835,-64424.9788074336
941.045258002166,-64290.4053499513
941.057133328325,-64032.2090653493
941.069008654485,-63774.0104659433
941.080883980644,-63515.8095610706
941.092759306804,-63257.6063600697
941.185860013221,-61233.2550005872
941.278960719638,-59208.7675891213
941.372061426055,-57184.1486267069
941.472061426055,-55009.3524489821
941.572061426055,-52834.4152710542
941.672061426055,-50659.342670599
941.772061426055,-48484.1402252916
941.872061426055,-46308.8135128072
941.972061426055,-44133.368110821
942,-43525.559233635
942.004236886081,-30992.0223274603
942.008473772162,-30942.7263423011
942.012710658244,-30893.4302448487
942.016947544325,-30844.1340353008
942.021184430406,-30794.8377138177
942.026339608297,-30734.8568835284
942.031494786187,-30674.8758881232
942.036649964078,-30614.8947279232
942.041805141969,-30554.9134032624
942.053693804133,-30416.5862798518
942.065582466297,-30278.2582874057
942.077471128461,-30139.9294298773
942.089359790625,-30001.5997112208
942.170193733598,-29061.0393499323
942.251027676572,-28120.4406045408
942.331861619546,-27179.8047178945
942.431861619546,-26016.0906933114
942.531861619546,-24852.3240819393
942.631861619546,-23688.5072368598
942.731861619546,-22524.6425111547
942.831861619546,-21360.7322579057
942.931861619546,-20196.7788301946
943,-19403.6562882842
943.001672934243,-27169.9002943857
943.003345868487,-27133.4936350847
943.00501880273,-27097.0869563156
943.006691736974,-27060.6802581157
943.010170796029,-26984.9682823137
943.013649855083,-26909.2562228109
943.017128914138,-26833.544079837
943.020607973193,-26757.831853632
943.027179653298,-26614.8169435811
943.033751333402,-26471.8017389716
943.040323013506,-26328.7862413905
943.046894693611,-26185.7704524169
943.061027834567,-25878.1978513186
943.075160975523,-25570.6239255657
943.089294116479,-25263.0486909056
943.103427257436,-24955.4721630844
943.203427257436,-22779.157938643
943.303427257436,-20602.7853397736
943.403427257436,-18426.3599441512
943.503427257436,-16249.887329451
943.603427257436,-14073.3730733482
943.703427257436,-11896.8227535179
943.803427257436,-9720.24194763537
943.903427257436,-7543.63623337577
944,-5441.60999154019
944.003431280503,-757.411862706438
944.006862561007,-754.804120402102
944.01029384151,-752.196377078718
944.013725122014,-749.588632739805
944.017156402517,-746.980887388796
944.021425990217,-743.736033959946
944.025695577918,-740.491178976336
944.029965165619,-737.246322444838
944.034234753319,-734.001464372234
944.03850434102,-730.756604765307
944.042773928721,-727.511743630841
944.051069937445,-721.206822240829
944.059365946169,-714.901895159071
944.067661954894,-708.596962435322
944.075957963618,-702.292024119308
944.084253972343,-695.987080260894
944.112384062755,-674.608248169491
944.140514153168,-653.229354865515
944.168644243581,-631.850402288909
944.196774333993,-610.471392379605
944.296774333993,-534.470455348658
944.396774333993,-458.468905448288
944.496774333993,-382.466829829661
944.596774333993,-306.464315643954
944.696774333993,-230.461450042342
944.796774333993,-154.458320175999
944.896774333993,-78.4550131961014
944.996774333993,-2.45161625382291
944.999999999993,-5.52997610927559e-09
945,0
945.003225666007,0
945.006451332013,0
945.00967699802,0
945.019353996039,0
945.029030994059,0
945.038707992078,0
945.077415984157,0
945.116123976235,0
945.154831968313,0
945.254831968313,0
945.354831968313,0
945.454831968313,0
945.554831968313,0
945.654831968313,0
945.754831968314,0
945.854831968314,0
945.954831968314,0
946,0
946.045168031686,0
946.090336063373,0
946.190336063373,0
946.290336063373,0
946.390336063373,0
946.490336063373,0
946.590336063373,0
946.690336063373,0
946.790336063373,0
946.890336063373,0
946.990336063373,0
947,0
947.009663936627,0
947.019327873254,0
947.115967239523,0
947.212606605792,0
947.309245972061,0
947.409245972061,0
947.509245972061,0
947.609245972061,0
947.709245972061,0
947.809245972061,0
947.909245972061,0
948,0
948.090754027939,0
948.181508055878,0
948.281508055878,0
948.381508055878,0
948.481508055878,0
948.581508055878,0
948.681508055878,0
948.781508055878,0
948.881508055878,0
948.981508055878,0
949,0
949.018491944122,0
949.036983888244,0
949.136983888244,0
949.236983888244,0
949.336983888244,0
949.436983888244,0
949.536983888244,0
949.636983888244,0
949.736983888244,0
949.836983888245,0
949.936983888245,0
950,0
950.063016111755,0
950.126032223511,0
950.226032223511,0
950.326032223511,0
950.426032223511,0
950.526032223511,0
950.626032223511,0
950.726032223511,0
950.826032223511,0
950.926032223511,0
951,0
951.073967776489,0
951.147935552978,0
951.247935552978,0
951.347935552978,0
951.447935552978,0
951.547935552978,0
951.647935552978,0
951.747935552978,0
951.847935552978,0
951.947935552978,0
952,0
952.052064447022,0
952.104128894044,0
952.204128894044,0
952.304128894044,0
952.404128894044,0
952.504128894044,0
952.604128894044,0
952.704128894044,0
952.804128894044,0
952.904128894044,0
953,0
953.095871105956,0
953.191742211911,0
953.291742211911,0
953.391742211911,0
953.491742211911,0
953.591742211911,0
953.691742211911,0
953.791742211911,0
953.891742211911,0
953.991742211912,0
954,0
954.008257788088,0
954.016515576177,0
954.099093457062,0
954.181671337947,0
954.264249218832,0
954.364249218832,0
954.464249218832,0
954.564249218832,0
954.664249218832,0
954.764249218832,0
954.864249218832,0
954.964249218832,0
955,0
955.035750781168,0
955.071501562337,0
955.171501562337,0
955.271501562337,0
955.371501562337,0
955.471501562337,0
955.571501562337,0
955.671501562337,0
955.771501562337,0
955.871501562337,0
955.971501562337,0
956,0
956.028498437663,0
956.056996875326,0
956.156996875326,0
956.256996875326,0
956.356996875326,0
956.456996875326,0
956.556996875326,0
956.656996875327,0
956.756996875327,0
956.856996875327,0
956.956996875327,0
957,0
957.043003124673,0
957.086006249347,0
957.186006249347,0
957.286006249347,0
957.386006249347,0
957.486006249347,0
957.586006249347,0
957.686006249347,0
957.786006249347,0
957.886006249347,0
957.986006249347,0
958,0
958.013993750653,0
958.027987501306,0
958.127987501306,0
958.227987501306,0
958.327987501306,0
958.427987501306,0
958.527987501306,0
958.627987501306,0
958.727987501306,0
958.827987501306,0
958.927987501306,0
959,0
959.072012498694,0
959.144024997388,0
959.244024997388,0
959.344024997388,0
959.444024997388,0
959.544024997388,0
959.644024997388,0
959.744024997388,0
959.844024997388,0
959.944024997388,0
960,0
960.055975002612,0
960.111950005224,0
960.211950005224,0
960.311950005224,0
960.411950005224,0
960.511950005224,0
960.611950005224,0
960.711950005224,0
960.811950005224,0
960.911950005224,0
961,0
961.088049994776,0
961.176099989551,0
961.276099989551,0
961.376099989551,0
961.476099989551,0
961.576099989551,0
961.676099989552,0
961.776099989552,0
961.876099989552,0
961.976099989552,0
962,0
962.023900010448,0
962.047800020897,0
962.147800020897,0
962.247800020897,0
962.347800020897,0
962.447800020897,0
962.547800020897,0
962.647800020897,0
962.747800020897,0
962.847800020897,0
962.947800020897,0
963,0
963.052199979103,0
963.104399958206,0
963.204399958206,0
963.304399958206,0
963.404399958206,0
963.504399958206,0
963.604399958206,0
963.704399958206,0
963.804399958206,0
963.904399958206,0
964,0
964.000000000007,1.2984188864948e-07
964.012450591667,222.184958814775
964.024901183327,444.369922427639
964.037351774987,666.554895896362
964.06689189516,1193.70829109491
964.096432015334,1720.86183532993
964.125972135507,2248.01559441739
964.225972135507,4032.55298331726
964.325972135507,5817.09614186667
964.425972135507,7601.64762332268
964.525972135507,9386.20998094239
964.625972135507,11170.7857679829
964.725972135508,12955.3775377012
964.825972135508,14739.9878433544
964.925972135508,16524.6192381996
965,17845.7588356584
965.074027864492,19166.9124252844
965.148055728985,20488.0810428878
965.222083593477,21809.265724279
965.322083593477,23594.005743551
965.422083593477,25378.7795190161
965.522083593477,27163.5896039309
965.622083593477,28948.4385515529
965.722083593477,30733.328915139
965.822083593477,32518.2632479462
965.922083593478,34303.2441032317
966,35694.070928392
966.077916406522,37084.9287550283
966.155832813045,38475.818790902
966.233749219567,39866.7422437752
966.31166562609,41257.7003214097
966.41166562609,43042.9457921157
966.51166562609,44828.252838845
966.61166562609,46613.6240148545
966.71166562609,48399.0618734012
966.81166562609,50184.5689677427
966.91166562609,51970.1478511356
967,53547.4895352761
967.08833437391,55124.890988318
967.17666874782,56702.3539701433
967.26500312173,58279.8802406351
967.35333749564,59857.4715596761
967.45333749564,61643.4836766595
967.55333749564,63429.5839662273
967.65333749564,65215.7749816358
967.75333749564,67002.0592761422
967.85333749564,68788.4394030043
967.95333749564,70574.9179154783
968,71408.5679133857
968.001166797339,51099.1109022103
968.002333594678,51109.0566209544
968.003500392017,51119.0023458526
968.004667189356,51128.9480769897
968.006853209129,51147.5816336077
968.009039228902,51166.2152119522
968.011225248675,51184.8488120203
968.013411268448,51203.4824338201
968.019356698722,51254.1613622319
968.025302128995,51304.8404516192
968.031247559269,51355.5197021218
968.037192989543,51406.1991139205
968.043138419816,51456.8786871525
968.054440290426,51553.2176572362
968.065742161036,51649.5572123655
968.077044031646,51745.8973536431
968.088345902256,51842.2380821612
968.099647772866,51938.5793990031
968.16627977676,52506.587213066
968.232911780655,53074.6157385415
968.299543784549,53642.6651992349
968.366175788444,54210.7358189525
968.466175788444,55063.3252205991
968.566175788444,55915.9635401987
968.666175788444,56768.6515342721
968.766175788444,57621.3899593388
968.866175788444,58474.1795719206
968.966175788444,59327.0211285377
969,59615.499950568
969.001274838636,83344.2551682087
969.002549677272,83367.0405608456
969.003824515907,83389.8259728578
969.005099354543,83412.6114042506
969.00731136527,83452.1471352124
969.009523375997,83491.6829245359
969.011735386724,83531.2187722964
969.013947397451,83570.7546785217
969.018899375946,83659.2630315218
969.02385135444,83747.7716779157
969.028803332935,83836.2806179809
969.03375531143,83924.7898520273
969.041953910123,84071.3282297724
969.050152508816,84217.8674156166
969.058351107509,84364.4074109724
969.066549706203,84510.9482172467
969.094494014384,85010.4276660939
969.122438322566,85509.9166077363
969.150382630748,86009.4150978905
969.250382630748,87796.9726327938
969.350382630748,89584.6557126078
969.450382630748,91372.4668905888
969.550382630748,93160.4087199914
969.650382630748,94948.4837540751
969.750382630748,96736.694546097
969.850382630748,98525.0436493117
969.950382630748,100313.533616979
970,101200.988363043
970.049617369252,102088.478728756
970.099234738504,102976.00502601
970.148852107756,103863.56756669
970.248852107756,105652.493154815
970.348852107756,107441.569781343
970.448852107756,109230.799999531
970.548852107756,111020.186362633
970.648852107757,112809.731423909
970.748852107757,114599.437736616
970.848852107757,116389.307854007
970.948852107757,118179.344329344
971,119094.975387901
971.051147892243,120010.650977077
971.102295784487,120926.371438527
971.202295784487,122716.840973344
971.302295784487,124507.485890432
971.402295784487,126298.308743048
971.502295784487,128089.312084446
971.602295784487,129880.498467886
971.702295784487,131671.870446625
971.802295784487,133463.430573917
971.902295784487,135255.181403022
972,137005.984126594
972.097704215513,138756.973715063
972.195408431026,140508.152549844
972.293112646539,142259.523012344
972.393112646539,144052.246858142
972.493112646539,145845.176490826
972.593112646539,147638.314463651
972.693112646539,149431.663329877
972.793112646539,151225.225642761
972.893112646539,153019.003955556
972.993112646539,154813.000821523
973,154936.567836205
973.006887353461,155060.135900545
973.013774706922,155183.705015366
973.020662060383,155307.275181563
973.089535594992,156543.034850256
973.158409129601,157778.900570033
973.22728266421,159014.873175047
973.296156198819,160250.953499462
973.396156198819,162045.857113342
973.496156198819,163840.992124385
973.596156198819,165636.361085852
973.696156198819,167431.966551002
973.796156198819,169227.811073085
973.896156198819,171023.897205364
973.996156198819,172820.227501094
974,172889.279773813
974.003843801181,172958.33241117
974.007687602361,173027.385413254
974.011531403542,173096.438780456
974.049969415349,173786.992556014
974.088407427155,174477.582986519
974.126845438962,175168.210216951
974.165283450769,175858.874392313
974.265283450769,177655.874480738
974.365283450769,179453.128157384
974.465283450769,181250.637975506
974.565283450769,183048.406488361
974.665283450769,184846.436249206
974.765283450769,186644.729811303
974.865283450769,188443.289727897
974.965283450769,190242.118552256
975,190866.673196438
975.034716549231,191491.260664988
975.069433098462,192115.881064738
975.104149647694,192740.534502522
975.204149647694,194540.015990125
975.304149647694,196339.775037615
975.404149647694,198139.814198252
975.504149647694,199940.136025283
975.604149647694,201740.743071975
975.704149647694,203541.637891583
975.804149647694,205342.823037362
975.904149647694,207144.301062571
976,208871.301361228
976.000117922781,149607.393971156
976.000235845562,149608.411192675
976.000353768343,149609.428414379
976.001532996153,149619.600642158
976.002712223963,149629.772887734
976.003891451773,149639.945151402
976.006718630639,149664.33305867
976.009545809504,149688.72107143
976.01237298837,149713.109190335
976.015200167235,149737.497414866
976.021032323638,149787.807951883
976.026864480041,149838.118939582
976.032696636444,149888.430378418
976.038528792847,149938.742268281
976.04436094925,149989.054609582
976.053310456412,150066.260320015
976.062259963574,150143.467094081
976.071209470736,150220.674932288
976.080158977898,150297.883835179
976.08910848506,150375.093803296
976.122147199375,150660.13751254
976.155185913689,150945.195773892
976.188224628004,151230.268614634
976.221263342318,151515.35606206
976.321263342319,152378.334401537
976.421263342319,153241.447562561
976.521263342319,154104.696301633
976.621263342319,154968.081375277
976.721263342319,155831.60354001
976.821263342319,156695.263552364
976.921263342319,157559.062168848
977,158239.286352846
977.000155796158,220893.588573118
977.000311592316,220896.399062593
977.000467388475,220899.209552833
977.001747697203,220922.305755632
977.003028005931,220945.402010561
977.004308314659,220968.498316807
977.006691877995,221011.497074387
977.009075441332,221054.496011347
977.011459004668,221097.49512701
977.013842568005,221140.494422083
977.019229089535,221237.667506001
977.024615611065,221334.841505221
977.030002132595,221432.016419791
977.035388654126,221529.192250408
977.040775175656,221626.368997247
977.048945287079,221773.76547009
977.057115398502,221921.164053384
977.065285509926,222068.564748354
977.073455621349,222215.967556443
977.081625732772,222363.372479043
977.108419645346,222846.802358358
977.13521355792,223330.255043647
977.162007470495,223813.73058401
977.188801383069,224297.229028563
977.288801383069,226101.940672508
977.388801383069,227906.974592
977.488801383069,229712.333340298
977.588801383069,231518.019470657
977.688801383069,233324.03553634
977.788801383069,235130.38409059
977.888801383069,236937.067686677
977.988801383069,238744.088877854
978,238946.471390711
978.011198616931,239148.85817287
978.022397233862,239351.249228045
978.122397233862,241158.725416275
978.222397233862,242966.545163913
978.322397233862,244774.711024192
978.422397233862,246583.225550382
978.522397233862,248392.091295736
978.622397233862,250201.310813511
978.722397233862,252010.886656964
978.822397233862,253820.821379358
978.922397233862,255631.117533934
979,257036.208124663
979.077602766138,258441.519107556
979.155205532275,259847.051675848
979.232808298413,261252.807022775
979.332808298413,263064.613277667
979.432808298413,264876.793996858
979.532808298413,266689.35173361
979.632808298413,268502.289041166
979.732808298413,270315.608472796
979.832808298413,272129.312581754
979.932808298413,273943.403921296
980,275162.541543376
980.067191701587,276381.855916657
980.134383403174,277601.3478157
980.234383403174,279416.622406895
980.334383403174,281232.294481923
980.434383403174,283048.366594042
980.534383403174,284864.841296494
980.634383403174,286681.721142552
980.734383403174,288499.008685466
980.834383403174,290316.706478495
980.934383403174,292134.817074896
981,293328.024903908
981.065616596826,294521.412287605
981.131233193651,295714.979947349
981.196849790477,296908.728604441
981.296849790477,298728.356874247
981.396849790477,300548.409755377
981.496849790477,302368.889801097
981.596849790477,304189.799564648
981.696849790477,306011.141599303
981.796849790477,307832.918458313
981.896849790477,309655.132694936
981.996849790477,311477.786862429
982,311535.211463438
982.003150209523,311592.636503353
982.006300419045,311650.061982899
982.009450628568,311707.487901439
982.040952723793,312281.771270669
982.072454819019,312856.098662904
982.103956914245,313430.470158036
982.135459009471,314004.885835886
982.235459009471,315828.600033546
982.335459009471,317652.76280764
982.435459009471,319477.376711431
982.535459009471,321302.444298158
982.635459009471,323127.968121096
982.735459009471,324953.950733495
982.835459009471,326780.394688614
982.935459009471,328607.302539708
983,329786.654478733
983.064540990529,330966.201405451
983.129081981058,332145.944006332
983.193622971588,333325.882967777
983.293622971588,335154.473276285
983.393622971588,336983.539178857
983.493622971588,338813.083228771
983.593622971588,340643.10797928
983.693622971588,342473.615983639
983.793622971588,344304.609795107
983.893622971588,346136.091966946
983.993622971588,347968.065052395
984,348084.907207154
984.000081243919,49262.8080041159
984.000162487838,49262.8080041159
984.000243731758,49262.8080041159
984.000324975677,49262.8080041159
984.00082437253,49262.8080041159
984.001323769383,49262.8080041159
984.001823166236,49262.8080041159
984.003260859676,49262.8080041159
984.004698553117,49262.8080041159
984.006136246557,49262.8080041159
984.007573939998,49262.8080041159
984.009808945639,49262.8080041159
984.01204395128,49262.8080041159
984.014278956921,49262.8080041159
984.016513962563,49262.8080041159
984.018748968204,49262.8080041159
984.022528328587,49262.8080041159
984.02630768897,49262.8080041159
984.030087049354,49262.8080041159
984.033866409737,49262.8080041159
984.03764577012,49262.8080041159
984.04341851534,49262.8080041159
984.04919126056,49262.8080041159
984.054964005779,49262.8080041159
984.060736750999,49262.8080041159
984.066509496219,49262.8080041159
984.077367439592,49262.8080041159
984.088225382965,49262.8080041159
984.099083326338,49262.8080041159
984.109941269711,49262.8080041159
984.120799213084,49262.8080041159
984.183034225052,49262.8080041159
984.245269237021,49262.8080041159
984.30750424899,49262.8080041159
984.369739260958,49262.8080041159
984.469739260958,49262.8080041159
984.569739260958,49262.8080041159
984.669739260959,49262.8080041159
984.769739260959,49262.8080041159
984.869739260959,49262.8080041159
984.969739260959,49262.8080041159
985,49262.8080041159
985.030260739041,49262.8080041159
985.060521478083,49262.8080041159
985.090782217124,49262.8080041159
985.121042956166,49262.8080041159
985.221042956166,49262.8080041159
985.321042956166,49262.8080041159
985.421042956166,49262.8080041159
985.521042956166,49262.8080041159
985.621042956166,49262.8080041159
985.721042956166,49262.8080041159
985.821042956166,49262.8080041159
985.921042956166,49262.8080041159
986,49262.8080041159
986.078957043834,49262.8080041159
986.157914087668,49262.8080041159
986.236871131503,49262.8080041159
986.315828175337,49262.8080041159
986.415828175337,49262.8080041159
986.515828175337,49262.8080041159
986.615828175337,49262.8080041159
986.715828175337,49262.8080041159
986.815828175337,49262.8080041159
986.915828175337,49262.8080041159
987,49262.8080041159
987.084171824663,49262.8080041159
987.168343649326,49262.8080041159
987.252515473989,49262.8080041159
987.336687298653,49262.8080041159
987.436687298653,49262.8080041159
987.536687298653,49262.8080041159
987.636687298653,49262.8080041159
987.736687298653,49262.8080041159
987.836687298653,49262.8080041159
987.936687298653,49262.8080041159
988,49262.8080041159
988.063312701347,49262.8080041159
988.126625402695,49262.8080041159
988.189938104042,49262.8080041159
988.253250805389,49262.8080041159
988.353250805389,49262.8080041159
988.453250805389,49262.8080041159
988.553250805389,49262.8080041159
988.653250805389,49262.8080041159
988.753250805389,49262.8080041159
988.853250805389,49262.8080041159
988.953250805389,49262.8080041159
989,49262.8080041159
989.000133782397,-312777.348432253
989.000267564794,-312774.514908175
989.000401347191,-312771.681365338
989.000535129588,-312768.847829709
989.000668911985,-312766.014301288
989.000896191975,-312761.200455139
989.000964375972,-312759.756310017
989.001032559969,-312758.312157571
989.001100743966,-312756.868004749
989.001168927963,-312755.42383457
989.001422922848,-312750.044174498
989.001676917732,-312744.664494183
989.001753116198,-312743.050574567
989.001829314663,-312741.43668418
989.001905513129,-312739.822778129
989.001981711594,-312738.208871608
989.002065178321,-312736.441013176
989.002148645048,-312734.673175452
989.002232111774,-312732.905309424
989.002315578501,-312731.137456703
989.002610683893,-312724.88702904
989.002905789285,-312718.636588239
989.003200894676,-312712.386136473
989.003496000068,-312706.135685512
989.00379110546,-312699.885219663
989.004354315837,-312687.9561609
989.004917526215,-312676.027070272
989.005480736592,-312664.097956053
989.00604394697,-312652.16881619
989.006607157347,-312640.239652738
989.007842326524,-312614.077867046
989.009077495701,-312587.91595996
989.010312664878,-312561.7539305
989.011547834055,-312535.591775866
989.012783003232,-312509.429498879
989.015301731781,-312456.079604455
989.017820460331,-312402.729197005
989.02033918888,-312349.378276648
989.022857917429,-312296.02684485
989.025376645978,-312242.674899865
989.029678905391,-312151.54285294
989.033981164804,-312060.409311798
989.038283424217,-311969.27427719
989.04258568363,-311878.13774956
989.046887943043,-311786.999729351
989.053645805681,-311643.839793413
989.060403668319,-311500.676177366
989.067161530957,-311357.50888336
989.073919393595,-311214.337913116
989.080677256234,-311071.163267846
989.095759063046,-310751.621136473
989.110840869859,-310432.060730203
989.125922676671,-310112.482068478
989.141004483484,-309792.885170243
989.241004483484,-307673.336307443
989.341004483484,-305552.992124152
989.441004483484,-303431.858198092
989.541004483484,-301309.940106922
989.641004483484,-299187.243428317
989.741004483484,-297063.773739968
989.841004483484,-294939.536619529
989.941004483484,-292814.537644697
990,-291560.52847133
990.000747250629,-207283.485884732
990.001494501259,-207275.070249236
990.002241751888,-207266.654591533
990.002989002518,-207258.23890874
990.003736253147,-207249.823203022
990.005254803781,-207232.720869612
990.006773354415,-207215.618438177
990.008291905048,-207198.515908753
990.009810455682,-207181.413282411
990.013511190806,-207139.733465593
990.017211925929,-207098.053069073
990.020912661052,-207056.372093321
990.024613396175,-207014.690538021
990.028314131299,-206973.008403437
990.03446688168,-206903.707438936
990.040619632062,-206834.40487413
990.046772382443,-206765.100709519
990.052925132825,-206695.794945651
990.059077883207,-206626.487583163
990.071100051103,-206491.059835791
990.083122218999,-206355.625990931
990.095144386895,-206220.186052597
990.107166554791,-206084.740024879
990.207166554791,-204957.868950399
990.307166554791,-203830.579196007
990.407166554791,-202702.873114786
990.507166554791,-201574.753059817
990.607166554791,-200446.221384181
990.707166554791,-199317.280440966
990.807166554791,-198187.932583238
990.907166554791,-197058.180164095
991,-196009.032016277
991.00037270552,-275588.125075831
991.00074541104,-275580.181536965
991.001118116559,-275572.237988221
991.001490822079,-275564.2944296
991.002644485486,-275539.706072668
991.003798148892,-275515.117621865
991.004951812299,-275490.529075558
991.007129994438,-275444.104244446
991.009308176578,-275397.679075927
991.011486358717,-275351.253570249
991.013664540857,-275304.827727471
991.017589525366,-275221.169633063
991.021514509876,-275137.510444619
991.025439494386,-275053.850162326
991.029364478896,-274970.18878691
991.033289463406,-274886.526318319
991.040205839616,-274739.098591509
991.047122215827,-274591.667473422
991.054038592037,-274444.232966163
991.060954968248,-274296.795071282
991.067871344458,-274149.353790846
991.084091603838,-273803.561786705
991.100311863219,-273457.751195659
991.116532122599,-273111.922041624
991.132752381979,-272766.074348373
991.232752381979,-270633.470479403
991.33275238198,-268500.168439008
991.43275238198,-266366.173804868
991.53275238198,-264231.492154674
991.63275238198,-262096.129066081
991.73275238198,-259960.090116783
991.83275238198,-257823.380884437
991.93275238198,-255686.006946737
992,-254248.302882418
992.000288587836,-180900.11003603
992.000577175673,-180896.833258602
992.000865763509,-180893.556479731
992.001154351345,-180890.279694537
992.00230718137,-180877.189803656
992.003460011394,-180864.099864083
992.004612841419,-180851.00987512
992.00709487995,-180822.827013667
992.009576918482,-180794.643925403
992.012058957014,-180766.460610359
992.014540995546,-180738.277068006
992.019551303063,-180681.384345789
992.024561610581,-180624.490699225
992.029571918098,-180567.59612859
992.034582225616,-180510.700634462
992.039592533134,-180453.804216855
992.047462525807,-180364.431713186
992.05533251848,-180275.056933074
992.063202511153,-180185.679877849
992.071072503826,-180096.30054848
992.078942496499,-180006.918946113
992.100235975495,-179765.071849977
992.12152945449,-179523.208145759
992.142822933485,-179281.32785614
992.16411641248,-179039.431003926
992.26411641248,-177903.196382404
992.36411641248,-176766.599326302
992.46411641248,-175629.642188687
992.56411641248,-174492.327322642
992.66411641248,-173354.657081246
992.76411641248,-172216.633817588
992.86411641248,-171078.259884735
992.96411641248,-169939.537635782
993,-169530.838772743
993.000478086595,-238183.919508365
993.00095617319,-238173.674547314
993.001434259785,-238163.429571322
993.00191234638,-238153.184580389
993.003070823147,-238128.359348867
993.004229299914,-238103.534034397
993.00538777668,-238078.708637239
993.007635720398,-238030.536444262
993.009883664116,-237982.363941158
993.012131607833,-237934.191128292
993.014379551551,-237886.018005729
993.019175994136,-237783.229870249
993.023972436721,-237680.440325747
993.028768879306,-237577.64937281
993.033565321891,-237474.857012054
993.038361764476,-237372.063244093
993.046163286347,-237204.863861525
993.053964808219,-237037.660760363
993.06176633009,-236870.453943261
993.069567851961,-236703.243412867
993.077369373832,-236536.02917183
993.100219164598,-236046.255913647
993.123068955365,-235556.450913356
993.145918746131,-235066.614237561
993.168768536897,-234576.745952749
993.268768536897,-232432.512418806
993.368768536897,-230287.680331641
993.468768536897,-228142.255268908
993.568768536897,-225996.242808299
993.668768536897,-223849.648527473
993.768768536897,-221702.47800412
993.868768536897,-219554.736815905
993.968768536897,-217406.430540502
994,-216735.368137849
994.031231463103,-216064.251330313
994.062462926206,-215393.080287821
994.093694389309,-214721.855180249
994.193694389309,-212572.298259689
994.293694389309,-210422.194375257
994.393694389309,-208271.549104617
994.493694389309,-206120.368025461
994.593694389309,-203968.656715451
994.693694389309,-201816.420752263
994.793694389309,-199663.665713584
994.893694389309,-197510.397177073
994.993694389309,-195356.620720421
995,-195220.795066977
995.000337247837,-139037.840879833
995.000674495675,-139033.971340115
995.001011743512,-139030.101797185
995.001348991349,-139026.232251044
995.002927382227,-139008.121917622
995.004505773105,-138990.011514252
995.006084163983,-138971.901040335
995.008928822994,-138939.261214554
995.011773482004,-138906.621160718
995.014618141014,-138873.980878484
995.017462800025,-138841.340367906
995.023111250092,-138776.527602576
995.028759700159,-138711.71393791
995.034408150225,-138646.899374631
995.040056600292,-138582.083912906
995.045705050359,-138517.267553416
995.055184521335,-138408.487944223
995.064663992312,-138299.705809354
995.074143463288,-138190.92115081
995.083622934264,-138082.133970482
995.093102405241,-137973.344270489
995.137248954601,-137466.670010643
995.181395503962,-136959.941348639
995.225542053323,-136453.15848697
995.269688602684,-135946.321628057
995.369688602684,-134798.044918481
995.469688602684,-133649.49453817
995.569688602684,-132500.672840213
995.669688602684,-131351.582177681
995.769688602684,-130202.224903666
995.869688602684,-129052.603371246
995.969688602684,-127902.719933504
996,-127554.12282754
996.000628582632,-179038.054353332
996.001257165265,-179024.491597982
996.001885747897,-179010.928824454
996.00251433053,-178997.366032748
996.003759047205,-178970.508996346
996.00500376388,-178943.651888573
996.006248480556,-178916.794709549
996.008701184784,-178863.872645229
996.011153889013,-178810.950304151
996.013606593242,-178758.02768676
996.016059297471,-178705.104793007
996.021769769819,-178581.886778032
996.027480242167,-178458.667266428
996.033190714515,-178335.44625927
996.038901186864,-178212.223757596
996.044611659212,-178088.999762444
996.05397526747,-177886.942981496
996.063338875728,-177684.882192363
996.072702483986,-177482.817399738
996.082066092244,-177280.748608061
996.091429700502,-177078.675822051
996.127797461467,-176293.797971551
996.164165222432,-175508.860202686
996.200532983398,-174723.862783706
996.236900744363,-173938.805982903
996.336900744363,-171779.840692677
996.436900744363,-169620.434035468
996.536900744363,-167460.591588966
996.636900744363,-165300.318930835
996.736900744363,-163139.621638761
996.836900744363,-160978.505290409
996.936900744363,-158816.975463464
997,-157452.855984829
997.000436866594,-112192.443704344
997.000873733189,-112187.405166673
997.001310599783,-112182.366623335
997.001747466378,-112177.328076319
997.003372835855,-112158.582039789
997.004998205331,-112139.835943276
997.006623574808,-112121.089786347
997.009692560143,-112085.69355986
997.012761545477,-112050.297119254
997.015830530812,-112014.900464596
997.018899516146,-111979.503596235
997.025134663543,-111907.588390098
997.03136981094,-111835.672301957
997.037604958338,-111763.755332325
997.043840105735,-111691.837481909
997.050075253132,-111619.918751142
997.061362215329,-111489.728092698
997.072649177525,-111359.534554885
997.083936139722,-111229.33814104
997.095223101919,-111099.138854549
997.165566088715,-110287.641936604
997.235909075511,-109476.034393839
997.306252062307,-108664.317045297
997.406252062307,-107510.187532703
997.506252062307,-106355.840114987
997.606252062307,-105201.277145231
997.706252062307,-104046.500976512
997.806252062307,-102891.513961916
997.906252062307,-101736.318454525
998,-100653.159234864
998.000470287728,-141216.761486128
998.000940575456,-141206.580370149
998.001410863184,-141196.399246429
998.001881150912,-141186.218114968
998.003267960364,-141156.195405671
998.004654769816,-141126.172626733
998.006041579268,-141096.149778305
998.008722993923,-141038.100000875
998.011404408579,-140980.049963149
998.014085823235,-140921.999665257
998.01676723789,-140863.949107162
998.022037210408,-140749.857511444
998.027307182925,-140635.764912251
998.032577155443,-140521.671310419
998.037847127961,-140407.576706692
998.043117100478,-140293.481101984
998.05291928462,-140081.259854038
998.062721468761,-139869.035151018
998.072523652902,-139656.806998126
998.082325837044,-139444.575400617
998.092128021185,-139232.340363781
998.116231505968,-138710.441676964
998.14033499075,-138188.522303515
998.164438475533,-137666.58232152
998.188541960315,-137144.621809107
998.288541960315,-134978.906111546
998.388541960315,-132812.843959033
998.488541960315,-130646.440929241
998.588541960315,-128479.702599846
998.688541960315,-126312.634548523
998.788541960315,-124145.242352946
998.888541960315,-121977.531590792
998.988541960315,-119809.507839734
999,-119561.075083247
999.011458039685,-119312.638299252
999.022916079369,-119064.197496139
999.034374119054,-118815.752682307
999.134374119054,-116647.282490816
999.234374119054,-114478.51302215
999.334374119054,-112309.449853975
999.434374119054,-110140.098563967
999.534374119054,-107970.464729801
999.634374119054,-105800.553929152
999.734374119054,-103630.371739695
999.834374119054,-101459.923739107
999.934374119054,-99289.2155050615
1000,-97864.5303593069
1000.00209021949,-69750.7395179552
1000.00407353827,-69727.7310939391
1000.00605685705,-69704.7226143848
1000.00804017584,-69681.7140793507
1000.01002349462,-69658.7054888552
1000.01620281258,-69587.0185252519
1000.02238213054,-69515.3310240104
1000.0285614485,-69443.6429856653
1000.03474076646,-69371.9544108154
1000.04199368873,-69287.8098678084
1000.049246611,-69203.6645872793
1000.05649953327,-69119.518570157
1000.06375245554,-69035.3718173392
1000.08678112488,-68768.1935726025
1000.10980979423,-68501.007948854
1000.13283846358,-68233.8149748231
1000.23283846358,-67073.4680965557
1000.33283846358,-65912.985512265
1000.43283846358,-64752.3695750329
1000.53283846358,-63591.6226379386
1000.63283846358,-62430.7470540665
1000.73283846358,-61269.7451764981
1000.83283846358,-60108.6193583128
1000.93283846358,-58947.3719525947
1001,-58167.3932774351
1001.00156346252,-81541.3754017092
1001.00312692503,-81507.4055371262
1001.00469038755,-81473.4356214578
1001.00625385006,-81439.4656547252
1001.00888148946,-81382.3737821934
1001.01150912886,-81325.2817655674
1001.01413676826,-81268.18960494
1001.01676440766,-81211.0973004975
1001.02215235663,-81094.0296370922
1001.02754030561,-80976.961370106
1001.03292825459,-80859.8925003519
1001.03831620356,-80742.8230287577
1001.04773980647,-80538.0653371013
1001.05716340938,-80333.3058116534
1001.06658701229,-80128.5444570484
1001.0760106152,-79923.7812779777
1001.12103777119,-78945.3721005242
1001.16606492718,-77966.9218852058
1001.21109208316,-76988.4311412166
1001.31109208316,-74815.1762734775
1001.41109208316,-72641.7295946253
1001.51109208316,-70468.0966823339
1001.61109208316,-68294.2831142796
1001.71109208316,-66120.2944681372
1001.81109208316,-63946.1363215819
1001.91109208316,-61771.8142522891
1002,-59838.536648478
1002.00149294569,-42655.3460437464
1002.00298589138,-42637.9868408424
1002.00447883707,-42620.6276186866
1002.00597178276,-42603.2683773602
1002.00878744063,-42570.5292342446
1002.0116030985,-42537.7900229164
1002.01441875638,-42505.0507433834
1002.01723441425,-42472.3113957368
1002.02341475438,-42400.4486250346
1002.02959509451,-42328.5855268821
1002.03577543464,-42256.7221018306
1002.04195577477,-42184.8583504355
1002.0481361149,-42112.9942732525
1002.06096996505,-41963.7631314264
1002.0738038152,-41814.5305921405
1002.08663766535,-41665.2966603621
1002.0994715155,-41516.0613410715
1002.19100055132,-40451.6983125042
1002.28252958714,-39387.2667678042
1002.37405862295,-38322.7685112932
1002.47405862295,-37159.6773677749
1002.57405862295,-35996.5110995799
1002.67405862295,-34833.2720597908
1002.77405862295,-33669.9626014887
1002.87405862295,-32506.5850777552
1002.97405862295,-31343.1418416727
1003,-31041.3182001634
1003.001416529,-43494.7421486882
1003.00283305799,-43463.925041371
1003.00424958699,-43433.1079117017
1003.00566611598,-43402.2907596821
1003.00867853671,-43336.7542738046
1003.01169095743,-43271.2176871222
1003.01470337816,-43205.6809998003
1003.01771579889,-43140.1442119915
1003.02375546971,-43008.7477135286
1003.02979514054,-42877.3508129754
1003.03583481136,-42745.9535115702
1003.04187448219,-42614.555810532
1003.05312348452,-42369.8240201965
1003.06437248685,-42125.0908557571
1003.07562148918,-41880.3563251514
1003.08687049152,-41635.620436324
1003.16921825504,-39844.002890138
1003.25156601856,-38052.3160981566
1003.33391378208,-36260.5631750252
1003.43391378208,-34084.6419711151
1003.53391378208,-31908.6334160028
1003.63391378208,-29732.5430873631
1003.73391378208,-27556.3765628715
1003.83391378208,-25380.1394202029
1003.93391378208,-23203.8372370327
1004,-21765.5684544124
1004.06608621792,-20327.2753119193
1004.13217243584,-18888.9594194052
1004.19825865376,-17450.6223867221
1004.26434487168,-16012.2658237218
1004.36434487168,-13835.7473590872
1004.46434487168,-11659.1934396741
1004.56434487168,-9482.60964315788
1004.66434487168,-7306.00154721364
1004.76434487168,-5129.37472951658
1004.86434487168,-2952.73476774191
1004.96434487168,-776.087239564793
1004.99999999999,-1.5837211734429e-07
1005,0
1005.02857644689,0
1005.05715289379,0
1005.08572934068,0
1005.11430578758,0
1005.21430578758,0
1005.31430578758,0
1005.41430578758,0
1005.51430578758,0
1005.61430578758,0
1005.71430578758,0
1005.81430578758,0
1005.91430578758,0
1006,0
1006.08569421242,0
1006.17138842485,0
1006.25708263727,0
1006.35708263727,0
1006.45708263727,0
1006.55708263727,0
1006.65708263727,0
1006.75708263727,0
1006.85708263727,0
1006.95708263727,0
1007,0
1007.04291736273,0
1007.08583472545,0
1007.12875208818,0
1007.22875208818,0
1007.32875208818,0
1007.42875208818,0
1007.52875208818,0
1007.62875208818,0
1007.72875208818,0
1007.82875208818,0
1007.92875208818,0
1008,0
1008.07124791182,0
1008.14249582364,0
1008.21374373547,0
1008.31374373547,0
1008.41374373547,0
1008.51374373547,0
1008.61374373547,0
1008.71374373547,0
1008.81374373547,0
1008.91374373547,0
1009,0
1009.08625626453,0
1009.17251252907,0
1009.2587687936,0
1009.3587687936,0
1009.4587687936,0
1009.5587687936,0
1009.6587687936,0
1009.7587687936,0
1009.8587687936,0
1009.9587687936,0
1010,0
1010.0412312064,0
1010.0824624128,0
1010.1236936192,0
1010.2236936192,0
1010.3236936192,0
1010.4236936192,0
1010.5236936192,0
1010.6236936192,0
1010.7236936192,0
1010.8236936192,0
1010.9236936192,0
1011,0
1011.0763063808,0
1011.15261276161,0
1011.22891914241,0
1011.32891914241,0
1011.42891914241,0
1011.52891914241,0
1011.62891914241,0
1011.72891914241,0
1011.82891914241,0
1011.92891914241,0
1012,0
1012.07108085759,0
1012.14216171518,0
1012.21324257277,0
1012.31324257277,0
1012.41324257277,0
1012.51324257277,0
1012.61324257277,0
1012.71324257277,0
1012.81324257277,0
1012.91324257277,0
1013,0
1013.08675742723,0
1013.17351485445,0
1013.26027228168,0
1013.36027228168,0
1013.46027228168,0
1013.56027228168,0
1013.66027228168,0
1013.76027228168,0
1013.86027228168,0
1013.96027228168,0
1014,0
1014.03972771832,0
1014.07945543664,0
1014.11918315496,0
1014.21918315496,0
1014.31918315496,0
1014.41918315496,0
1014.51918315496,0
1014.61918315496,0
1014.71918315496,0
1014.81918315496,0
1014.91918315496,0
1015,0
1015.00000000001,1.2984188864948e-07
1015.01181573367,210.85570612407
1015.02363146733,421.711416330184
1015.03544720099,632.56713496007
1015.04726293465,843.422866225614
1015.09253987521,1651.4052531928
1015.13781681576,2459.38812453038
1015.18309375632,3267.37171722605
1015.28309375632,5051.91208916085
1015.38309375632,6836.45968920702
1015.48309375632,8621.01707062162
1015.58309375632,10405.5867866617
1015.68309375632,12190.1713905845
1015.78309375632,13974.7734356468
1015.88309375632,15759.3954751059
1015.98309375632,17544.0400622189
1016,17845.7588356583
1016.01690624368,18147.4783388726
1016.03381248737,18449.1985841993
1016.05071873105,18750.919583976
1016.15071873105,20535.607693624
1016.25071873105,22320.3251840793
1016.35071873105,24105.0746085992
1016.45071873105,25889.8585204406
1016.55071873105,27674.6794728606
1016.65071873105,29459.5400191164
1016.75071873105,31244.442712465
1016.85071873105,33029.3901061634
1016.95071873105,34814.3847534688
1017,35694.070928392
1017.04928126895,36573.7695052176
1017.09856253789,37453.4807895359
1017.14784380684,38333.2050869381
1017.19712507579,39212.9427030149
1017.29712507579,40998.1207813398
1017.39712507579,42783.3575111734
1017.49712507579,44568.6554457727
1017.59712507579,46354.0171383946
1017.69712507579,48139.445142296
1017.79712507579,49924.9420107347
1017.89712507579,51710.5102969671
1017.99712507579,53496.1525542502
1018,53547.4895352749
1018.00287492421,53598.8265796188
1018.00574984843,53650.1636873159
1018.00862477264,53701.5008584523
1018.03737401477,54214.8760718581
1018.06612325691,54728.2576950807
1018.09487249904,55241.6457887892
1018.12362174117,55755.0404136536
1018.22362174117,57540.8596536213
1018.32362174117,59326.7612009385
1018.42362174117,61112.7476088627
1018.52362174117,62898.8214306518
1018.62362174117,64684.985219562
1018.72362174117,66471.2415288504
1018.82362174117,68257.592911775
1018.92362174117,70044.0419215919
1019,71408.5679133861
1019.00177154055,51104.2657005265
1019.00354308109,51119.366225661
1019.00531462164,51134.4667650492
1019.00708616219,51149.5673186772
1019.01011294821,51175.3675766652
1019.01313973423,51201.1678762783
1019.01616652025,51226.9682175889
1019.01919330627,51252.7686005749
1019.02530043623,51304.8260223949
1019.03140756619,51356.8836142184
1019.03751469616,51408.9413762186
1019.04362182612,51460.9993085838
1019.04972895608,51513.0574114704
1019.06322379037,51628.090033072
1019.07671862466,51743.1234900084
1019.09021345895,51858.1577841366
1019.10370829323,51973.1929173183
1019.11720312752,52088.2288914055
1019.18018180164,52625.098315952
1019.24316047576,53161.9862847375
1019.30613914988,53698.892986738
1019.36911782399,54235.8186109255
1019.46911782399,55088.4094409545
1019.56911782399,55941.0492111936
1019.66911782399,56793.7386781633
1019.76911782399,57646.4785983842
1019.86911782399,58499.2697283768
1019.96911782399,59352.1128246618
1020,59615.4999505686
1020.00120818924,83343.0639335475
1020.00241637848,83364.6580895016
1020.00362456772,83386.2522629202
1020.00483275696,83407.8464536825
1020.00700010116,83446.5838430747
1020.00916744537,83485.3212885055
1020.01133478957,83524.0587900165
1020.01350213378,83562.7963476336
1020.01849065667,83651.9578452933
1020.02347917956,83741.119640643
1020.02846770245,83830.2817340063
1020.03345622534,83919.4441256771
1020.0417094376,84066.9586167797
1020.04996264985,84214.473926752
1020.0582158621,84361.9900570143
1020.06646907436,84509.5070090205
1020.0946721908,85013.6124401389
1020.12287530724,85517.7275410678
1020.15107842368,86021.8523690835
1020.25107842368,87809.4107686987
1020.35107842368,89597.0947309898
1020.45107842368,91384.9068092133
1020.55107842368,93172.8495566238
1020.65107842368,94960.9255264807
1020.75107842368,96749.1372720413
1020.85107842368,98537.48734656
1020.95107842368,100325.978303296
1021,101200.988363043
1021.04892157632,102076.033050442
1021.09784315263,102951.112664449
1021.14676472895,103826.227504005
1021.24676472895,105615.149966593
1021.34676472895,107404.223414287
1021.44676472895,109193.450400341
1021.54676472895,110982.833478016
1021.64676472895,112772.375200569
1021.74676472895,114562.078121254
1021.84676472895,116351.94479333
1021.94676472895,118141.977770056
1022,119094.9753879
1022.05323527105,120048.021245181
1022.1064705421,121001.115727104
1022.2064705421,122791.592532636
1022.3064705421,124582.24482703
1022.4064705421,126373.075163544
1022.5064705421,128164.086095432
1022.6064705421,129955.280175954
1022.7064705421,131746.659958369
1022.8064705421,133538.227995928
1022.9064705421,135329.986841893
1023,137005.984126594
1023.0935294579,138682.152648431
1023.18705891579,140358.494496415
1023.28058837369,142035.011759546
1023.38058837369,143827.710011946
1023.48058837369,145620.613731457
1023.58058837369,147413.72547133
1023.68058837369,149207.047784827
1023.78058837369,151000.583225206
1023.88058837369,152794.334345719
1023.98058837369,154588.303699627
1024,154936.567836201
1024.01941162631,155284.840310934
1024.03882325263,155633.121142511
1024.05823487894,155981.410349606
1024.15823487894,157775.773684218
1024.25823487894,159570.362341251
1024.35823487894,161365.178873963
1024.45823487894,163160.225835616
1024.55823487894,164955.505779461
1024.65823487894,166751.021258757
1024.75823487894,168546.774826761
1024.85823487894,170342.769036733
1024.95823487894,172139.006441926
1025,172889.279773786
1025.04176512106,173639.596158188
1025.08353024211,174389.955781138
1025.12529536317,175140.358828648
1025.22529536317,176937.258226634
1025.32529536317,178734.410191838
1025.42529536317,180531.81727752
1025.52529536317,182329.482036936
1025.62529536317,184127.407023344
1025.72529536317,185925.59479
1025.82529536317,187724.047890159
1025.92529536317,189522.768877088
1026,190866.673196439
1026.07470463683,192210.72950697
1026.14940927366,193554.93887316
1026.22411391049,194899.302359483
1026.32411391049,196699.117125512
1026.42411391049,198499.21251442
1026.52411391049,200299.591079468
1026.62411391049,202100.255373913
1026.72411391049,203901.207951012
1026.82411391049,205702.451364018
1026.92411391049,207503.988166199
1027,208871.301361227
1027.00034454194,149609.348825898
1027.00068908389,149612.320904658
1027.00103362583,149615.29298279
1027.00137816778,149618.265064694
1027.00290722733,149631.455025755
1027.00443628687,149644.645018465
1027.00596534642,149657.835042385
1027.00874812445,149681.84001276
1027.01153090248,149705.845086098
1027.01431368051,149729.850261754
1027.01709645854,149753.855540287
1027.0228867595,149803.805159121
1027.02867706047,149853.755222571
1027.03446736144,149903.705730492
1027.04025766241,149953.656683294
1027.04604796337,150003.608080861
1027.05542791175,150084.527363448
1027.06480786012,150165.447814454
1027.0741878085,150246.369434676
1027.08356775687,150327.292224578
1027.09294770525,150408.216184946
1027.12442477598,150679.787992301
1027.15590184671,150951.373010334
1027.18737891744,151222.971262615
1027.21885598816,151494.582772751
1027.31885598816,152357.557875923
1027.41885598816,153220.667782423
1027.51885598816,154083.913248763
1027.61885598816,154947.295031468
1027.71885598816,155810.813887045
1027.81885598816,156674.470572027
1027.91885598816,157538.265842931
1028,158239.286352847
1028.000163415,220893.726013819
1028.00032683001,220896.673941306
1028.00049024501,220899.621874539
1028.00180989378,220923.427755866
1028.00312954255,220947.233692353
1028.00444919131,220971.039683693
1028.00686018799,221014.533342305
1028.00927118466,221058.027184259
1028.01168218134,221101.521209067
1028.01409317802,221145.015417264
1028.01935343628,221239.910737594
1028.02461369455,221334.806930635
1028.02987395281,221429.703996834
1028.03513421108,221524.601936335
1028.04039446935,221619.500749737
1028.04864518271,221768.351268477
1028.05689589607,221917.203939319
1028.06514660943,222066.058763771
1028.07339732279,222214.915743118
1028.08164803616,222363.774878941
1028.10897896267,222856.894098858
1028.13630988918,223350.037049139
1028.1636408157,223843.203781923
1028.19097174221,224336.394349292
1028.29097174221,226141.112960671
1028.39097174221,227946.153903007
1028.49097174221,229751.519729563
1028.59097174221,231557.212993591
1028.69097174221,233363.236248362
1028.79097174221,235169.592047119
1028.89097174221,236976.282943124
1028.99097174221,238783.311489634
1029,238946.471390701
1029.00902825779,239109.634066628
1029.01805651557,239272.799519295
1029.10833909343,240904.607179998
1029.19862167129,242536.694581472
1029.28890424915,244169.063602616
1029.38890424915,245977.461065813
1029.48890424915,247786.208893013
1029.58890424915,249595.309637472
1029.68890424915,251404.765852443
1029.78890424915,253214.580091195
1029.88890424915,255024.754906974
1029.98890424915,256835.292853039
1030,257036.208124672
1030.01109575085,257237.127901923
1030.0221915017,257438.052188245
1030.03328725255,257638.980987254
1030.13328725255,259450.047736279
1030.23328725255,261261.483855326
1030.33328725255,263073.291897644
1030.43328725255,264885.474416489
1030.53328725255,266698.033965114
1030.63328725255,268510.973096791
1030.73328725255,270324.294364762
1030.83328725255,272138.000322289
1030.93328725255,273952.09352263
1031,275162.541543373
1031.06671274745,276373.163804483
1031.13342549491,277583.961064049
1031.20013824236,278794.934080162
1031.30013824236,280610.469748743
1031.40013824236,282426.404580037
1031.50013824236,284242.741127318
1031.60013824236,286059.481943826
1031.70013824236,287876.629582825
1031.80013824236,289694.186597572
1031.90013824236,291512.155541323
1032,293328.024903903
1032.00015432451,127386.648873481
1032.00030864902,127387.061753853
1032.00046297353,127387.474634337
1032.00061729804,127387.88751493
1032.00136808331,127389.896171073
1032.00211886858,127391.904830775
1032.00286965385,127393.913491674
1032.00468070394,127398.758812103
1032.00649175402,127403.604146951
1032.00830280411,127408.449497293
1032.01011385419,127413.294863129
1032.01300859236,127421.039608314
1032.01590333052,127428.784392323
1032.01879806869,127436.529215539
1032.02169280685,127444.274077414
1032.02458754502,127452.018978135
1032.02948467552,127465.121387887
1032.03438180602,127478.223908832
1032.03927893652,127491.326540979
1032.04417606701,127504.42928434
1032.04907319751,127517.532138817
1032.05749485286,127540.0655387
1032.06591650821,127562.599267507
1032.07433816355,127585.133325397
1032.0827598189,127607.667712427
1032.09118147425,127630.202428652
1032.11855794119,127703.458819244
1032.14593440812,127776.7186911
1032.17331087506,127849.982046094
1032.200687342,127923.248886186
1032.300687342,128190.905616483
1032.400687342,128458.608968025
1032.500687342,128726.359035359
1032.600687342,128994.155913051
1032.700687342,129261.999695682
1032.800687342,129529.890477796
1032.900687342,129797.828353978
1033,130063.971283593
1033.00030977006,41840.44947576
1033.00061954011,41840.44947576
1033.00092931017,41840.44947576
1033.00123908022,41840.44947576
1033.00227509008,41840.44947576
1033.00331109994,41840.44947576
1033.0043471098,41840.44947576
1033.00663426982,41840.44947576
1033.00892142984,41840.44947576
1033.01120858986,41840.44947576
1033.01349574988,41840.44947576
1033.01688986256,41840.44947576
1033.02028397525,41840.44947576
1033.02367808794,41840.44947576
1033.02707220062,41840.44947576
1033.03232843973,41840.44947576
1033.03758467885,41840.44947576
1033.04284091796,41840.44947576
1033.04809715707,41840.44947576
1033.05335339618,41840.44947576
1033.06406268735,41840.44947576
1033.07477197852,41840.44947576
1033.08548126968,41840.44947576
1033.09619056085,41840.44947576
1033.10689985201,41840.44947576
1033.14265199959,41840.44947576
1033.17840414716,41840.44947576
1033.21415629474,41840.44947576
1033.24990844231,41840.44947576
1033.34990844231,41840.44947576
1033.44990844231,41840.44947576
1033.54990844231,41840.44947576
1033.64990844231,41840.44947576
1033.74990844231,41840.44947576
1033.84990844231,41840.44947576
1033.94990844231,41840.44947576
1034,41840.44947576
1034.05009155769,41840.44947576
1034.10018311538,41840.44947576
1034.15027467307,41840.44947576
1034.25027467307,41840.44947576
1034.35027467307,41840.44947576
1034.45027467307,41840.44947576
1034.55027467307,41840.44947576
1034.65027467307,41840.44947576
1034.75027467307,41840.44947576
1034.85027467307,41840.44947576
1034.95027467307,41840.44947576
1035,41840.44947576
1035.04972532693,41840.44947576
1035.09945065386,41840.44947576
1035.14917598078,41840.44947576
1035.24917598078,41840.44947576
1035.34917598078,41840.44947576
1035.44917598078,41840.44947576
1035.54917598078,41840.44947576
1035.64917598078,41840.44947576
1035.74917598078,41840.44947576
1035.84917598078,41840.44947576
1035.94917598078,41840.44947576
1036,41840.44947576
1036.05082401922,41840.44947576
1036.10164803844,41840.44947576
1036.15247205765,41840.44947576
1036.25247205765,41840.44947576
1036.35247205765,41840.44947576
1036.45247205765,41840.44947576
1036.55247205765,41840.44947576
1036.65247205765,41840.44947576
1036.75247205765,41840.44947576
1036.85247205765,41840.44947576
1036.95247205765,41840.44947576
1037,41840.44947576
1037.04752794235,41840.44947576
1037.09505588469,41840.44947576
1037.14258382704,41840.44947576
1037.24258382704,41840.44947576
1037.34258382704,41840.44947576
1037.44258382704,41840.44947576
1037.54258382704,41840.44947576
1037.64258382704,41840.44947576
1037.74258382704,41840.44947576
1037.84258382704,41840.44947576
1037.94258382704,41840.44947576
1038,41840.44947576
1038.05741617296,41840.44947576
1038.11483234593,41840.44947576
1038.17224851889,41840.44947576
1038.27224851889,41840.44947576
1038.37224851889,41840.44947576
1038.47224851889,41840.44947576
1038.57224851889,41840.44947576
1038.67224851889,41840.44947576
1038.77224851889,41840.44947576
1038.87224851889,41840.44947576
1038.97224851889,41840.44947576
1039,41840.44947576
1039.02775148111,41840.44947576
1039.05550296223,41840.44947576
1039.08325444334,41840.44947576
1039.18325444334,41840.44947576
1039.28325444334,41840.44947576
1039.38325444334,41840.44947576
1039.48325444334,41840.44947576
1039.58325444334,41840.44947576
1039.68325444334,41840.44947576
1039.78325444334,41840.44947576
1039.88325444334,41840.44947576
1039.98325444334,41840.44947576
1040,41840.44947576
1040.0000595696,-270264.305692484
1040.0001191392,-270263.035036738
1040.0001787088,-270261.764363987
1040.0002382784,-270260.493707746
1040.000360408,-270257.888586624
1040.00048253759,-270255.283468024
1040.00060466719,-270252.678348384
1040.00072679679,-270250.073227705
1040.0008341054,-270247.7842501
1040.000941414,-270245.495271279
1040.00104872261,-270243.206291655
1040.00115603121,-270240.917306578
1040.00148096322,-270233.986241374
1040.00167902386,-270229.761436009
1040.0018770845,-270225.536633535
1040.00207514514,-270221.311825807
1040.00227320578,-270217.087012825
1040.00236144736,-270215.204744138
1040.00244968894,-270213.322465315
1040.00253793051,-270211.44019726
1040.00262617209,-270209.557923007
1040.0029751535,-270202.113819462
1040.0033241349,-270194.669711914
1040.0036731163,-270187.225593018
1040.00402209771,-270179.781468492
1040.00461411025,-270167.153222324
1040.00520612279,-270154.524953692
1040.00579813532,-270141.896659792
1040.00639014786,-270129.268340626
1040.00744484815,-270106.770292946
1040.00849954843,-270084.272167111
1040.00955424871,-270061.773963299
1040.01060894899,-270039.275682935
1040.0124925559,-269999.095433193
1040.01437616282,-269958.914936069
1040.01625976974,-269918.734192391
1040.01814337665,-269878.553201137
1040.02073411213,-269823.287382322
1040.0233248476,-269768.021096207
1040.02591558307,-269712.754343005
1040.02850631855,-269657.487122812
1040.03233588951,-269575.791419258
1040.03616546048,-269494.094695788
1040.03999503145,-269412.396952646
1040.04382460242,-269330.698190535
1040.04765417339,-269248.998409248
1040.05485153504,-269095.447677178
1040.0620488967,-268941.893349192
1040.06924625835,-268788.335427518
1040.07644362001,-268634.773914028
1040.08364098166,-268481.20881101
1040.10130956935,-268104.211227357
1040.11897815703,-267727.192054704
1040.13664674471,-267350.151323835
1040.15431533239,-266973.089065431
1040.25431533239,-264838.602214808
1040.35431533239,-262703.432339651
1040.45431533239,-260567.585017662
1040.55431533239,-258431.065826499
1040.65431533239,-256293.880343856
1040.75431533239,-254156.034147389
1040.85431533239,-252017.532814791
1040.95431533239,-249878.38192372
1041,-248900.903310873
1041.00061297537,-177109.549875594
1041.00122595074,-177102.582370113
1041.00183892611,-177095.614849578
1041.00245190148,-177088.647316237
1041.00306487685,-177081.679769342
1041.00455579969,-177064.732743691
1041.00604672253,-177047.785637309
1041.00753764537,-177030.838451373
1041.00902856821,-177013.891184967
1041.01217745078,-176978.097686341
1041.01532633335,-176942.303830167
1041.01847521591,-176906.509616886
1041.02162409848,-176870.715046136
1041.02668569307,-176813.177186509
1041.03174728767,-176755.63840416
1041.03680888226,-176698.09869935
1041.04187047685,-176640.558072384
1041.04693207144,-176583.016523657
1041.05657486515,-176473.392139065
1041.06621765886,-176363.764412114
1041.07586045258,-176254.133344707
1041.08550324629,-176144.498938999
1041.09514604,-176034.861197053
1041.13953356027,-175530.135913857
1041.18392108054,-175025.34018968
1041.22830860081,-174520.474230345
1041.27269612108,-174015.538241641
1041.37269612108,-172877.719751435
1041.47269612108,-171739.54922521
1041.57269612108,-170601.029016047
1041.67269612108,-169462.161477028
1041.77269612108,-168322.94896123
1041.87269612108,-167183.393821748
1041.97269612108,-166043.498411651
1042,-165732.20392178
1042.00038851381,-232826.668099769
1042.00077702762,-232818.336712237
1042.00116554142,-232810.005317864
1042.00155405523,-232801.673913337
1042.00275756416,-232775.865455467
1042.00396107309,-232750.056911218
1042.00516458202,-232724.248280153
1042.00744110665,-232675.429140802
1042.00971763128,-232626.609691263
1042.01199415591,-232577.789931071
1042.01427068054,-232528.969860478
1042.01825669815,-232443.488965502
1042.02224271577,-232358.007119553
1042.02622873338,-232272.524323018
1042.03021475099,-232187.040575927
1042.03420076861,-232101.555878957
1042.04155781496,-231943.773129605
1042.04891486132,-231785.987147432
1042.05627190767,-231628.197934507
1042.06362895403,-231470.405493225
1042.07098600038,-231312.609825749
1042.08992602918,-230906.364787796
1042.10886605797,-230500.098420593
1042.12780608676,-230093.810762123
1042.14674611555,-229687.501850217
1042.24674611555,-227541.91188582
1042.34674611555,-225395.736084048
1042.44674611555,-223248.98002257
1042.54674611555,-221101.649279047
1042.64674611555,-218953.749431173
1042.74674611555,-216805.286056605
1042.84674611555,-214656.264733035
1042.94674611555,-212506.691038122
1043,-211361.736062688
1043.00020739464,-150498.687505551
1043.00041478928,-150496.31398836
1043.00062218391,-150493.940467976
1043.00198497836,-150478.343983034
1043.00334777281,-150462.747442042
1043.00471056725,-150447.150844253
1043.0075728131,-150414.393483668
1043.01043505894,-150381.635872536
1043.01329730479,-150348.878010998
1043.01615955064,-150316.119899109
1043.02185171561,-150250.972907615
1043.02754388058,-150185.824926546
1043.03323604555,-150120.675956572
1043.03892821052,-150055.525997855
1043.04462037549,-149990.375051102
1043.05371103232,-149886.323857666
1043.06280168914,-149782.270146764
1043.07189234597,-149678.213920153
1043.0809830028,-149574.155179473
1043.09007365962,-149470.093926662
1043.11831628135,-149146.783062086
1043.14655890308,-148823.448019578
1043.17480152482,-148500.088852118
1043.20304414655,-148176.705612716
1043.30304414655,-147031.494404964
1043.40304414655,-145885.984427463
1043.50304414655,-144740.178033295
1043.60304414655,-143594.077575541
1043.70304414655,-142447.685407292
1043.80304414655,-141301.003881618
1043.90304414655,-140154.035351607
1044,-139041.710416345
1044.00043308507,-195211.466148458
1044.00086617014,-195202.137221964
1044.00129925521,-195192.808285226
1044.00173234028,-195183.479339073
1044.00298197031,-195156.561407337
1044.00423160034,-195129.643398023
1044.00548123037,-195102.725310068
1044.0078697971,-195051.273344017
1044.01025836384,-194999.821091599
1044.01264693058,-194948.36855341
1044.01503549732,-194896.915728924
1044.01916658467,-194807.926076754
1044.02329767202,-194718.93556953
1044.02742875936,-194629.944208006
1044.03155984671,-194540.951992227
1044.0378853046,-194404.686815809
1044.04421076249,-194268.419639172
1044.05053622038,-194132.150463978
1044.05686167827,-193995.879291414
1044.06318713616,-193859.606123116
1044.0796495107,-193504.937877036
1044.09611188523,-193150.256146973
1044.11257425976,-192795.56095771
1044.12903663429,-192440.852334195
1044.22903663429,-190285.902536432
1044.32903663429,-188130.463522808
1044.42903663429,-185974.540871018
1044.52903663429,-183818.140158725
1044.62903663429,-181661.266963616
1044.72903663429,-179503.926863354
1044.82903663429,-177346.125435624
1044.92903663429,-175187.8682581
1045,-173656.022919378
1045.07096336571,-172123.952876237
1045.14192673141,-170591.660121897
1045.21289009712,-169059.146649581
1045.31289009712,-166899.191857435
1045.41289009712,-164738.808303261
1045.51289009712,-162578.001564747
1045.61289009712,-160416.777219556
1045.71289009712,-158255.140845374
1045.81289009712,-156093.098019865
1045.91289009712,-153930.654320715
1046,-152046.629370273
1046.00058308646,-108345.05646894
1046.00116617293,-108338.327177343
1046.00174925939,-108331.59787828
1046.00233234585,-108324.868571991
1046.00390924233,-108306.669827313
1046.0054861388,-108288.471028378
1046.00706303527,-108270.272174687
1046.01014705274,-108234.679583813
1046.01323107021,-108199.086784152
1046.01631508768,-108163.493775948
1046.01939910515,-108127.900559269
1046.02578414939,-108054.208918797
1046.03216919363,-107980.516385432
1046.03855423787,-107906.822959828
1046.04493928211,-107833.128642534
1046.05132432635,-107759.43343416
1046.06258281806,-107629.487468359
1046.07384130977,-107499.538737414
1046.08509980148,-107369.587244742
1046.09635829318,-107239.632993652
1046.10761678489,-107109.675987538
1046.15097968737,-106609.111414602
1046.19434258986,-106108.506213441
1046.23770549234,-105607.860575935
1046.28106839482,-105107.174693943
1046.3244312973,-104606.44875933
1046.4244312973,-103451.563684621
1046.5244312973,-102296.468976165
1046.6244312973,-101141.166987048
1046.7244312973,-99985.6600703479
1046.8244312973,-98829.9505791464
1046.9244312973,-97674.040866529
1047,-96800.4035043305
1047.00077194348,-135796.938312054
1047.00154388695,-135780.219869442
1047.00231583043,-135763.501406062
1047.0030877739,-135746.782922077
1047.00446513091,-135716.952549985
1047.00584248791,-135687.122111956
1047.00721984491,-135657.291607946
1047.00972604769,-135603.012633179
1047.01223225048,-135548.733439944
1047.01473845326,-135494.454028128
1047.01724465605,-135440.174397819
1047.02282605844,-135319.290953685
1047.02840746083,-135198.406427472
1047.03398886323,-135077.520820264
1047.03957026562,-134956.634132942
1047.04515166801,-134835.746366564
1047.05535181541,-134614.81827503
1047.0655519628,-134393.886588644
1047.07575211019,-134172.951313312
1047.08595225759,-133952.012454964
1047.09615240498,-133731.070019483
1047.15313865205,-132496.641901194
1047.21012489912,-131262.103349701
1047.26711114619,-130027.455397211
1047.32409739326,-128792.699075919
1047.42409739326,-126625.678306855
1047.52409739326,-124458.332587866
1047.62409739326,-122290.66749663
1047.72409739326,-120122.688610819
1047.82409739326,-117954.401508109
1047.92409739326,-115785.811766176
1048,-114139.597013097
1048.00056990874,-81361.861544182
1048.00113981747,-81355.258783071
1048.00170972621,-81348.6560162432
1048.00227963495,-81342.0532444346
1048.0041043115,-81320.9131161736
1048.00592898805,-81299.772933113
1048.00775366461,-81278.6326953724
1048.01124728363,-81238.1563623682
1048.01474090265,-81197.6798286606
1048.01823452168,-81157.2030943346
1048.0217281407,-81116.7261595205
1048.02885374893,-81034.1685170917
1048.03597935715,-80951.6100418097
1048.04310496538,-80869.050734494
1048.05023057361,-80786.4905960104
1048.05735618183,-80703.9296271666
1048.0718827935,-80535.614250378
1048.08640940516,-80367.2954334076
1048.10093601683,-80198.9731834727
1048.1154626285,-80030.6475077865
1048.2154626285,-78871.8150179425
1048.3154626285,-77712.8228823887
1048.4154626285,-76553.673454208
1048.5154626285,-75394.369086481
1048.6154626285,-74234.9121322925
1048.7154626285,-73075.3049447211
1048.8154626285,-71915.5498768487
1048.9154626285,-70755.6492817597
1049,-69774.9880339954
1049.00098156051,-97843.2206448497
1049.00196312102,-97821.9109063674
1049.00294468153,-97800.6011436216
1049.00392624204,-97779.2913566178
1049.00569660229,-97740.856579134
1049.00746696255,-97702.4217230802
1049.00923732281,-97663.9867883892
1049.01100768306,-97625.5517752441
1049.01544483363,-97529.2196587311
1049.01988198419,-97432.887049772
1049.02431913475,-97336.5539487884
1049.02875628531,-97240.2203563485
1049.03567625956,-97089.9819732819
1049.0425962338,-96939.7423978174
1049.04951620804,-96789.5016318382
1049.05643618228,-96639.2596771411
1049.07268096901,-96286.558832547
1049.08892575574,-95933.8514713281
1049.10517054247,-95581.1376173997
1049.20517054247,-93409.7526832797
1049.30517054247,-91238.1281975191
1049.40517054247,-89066.2697377965
1049.50517054247,-86894.1828817872
1049.60517054247,-84721.8732071665
1049.70517054247,-82549.3462916094
1049.80517054247,-80376.6077127911
1049.90517054247,-78203.6630483869
1050,-76142.8860970121
1050.09482945753,-74081.9335928229
1050.18965891506,-72020.8102922699
1050.28448837259,-69959.5209518039
1050.38448837259,-67785.6659221488
1050.48448837259,-65611.6371193744
1050.58448837259,-63437.440121156
1050.68448837259,-61263.080505169
1050.78448837259,-59088.5638490885
1050.88448837259,-56913.8957305896
1050.98448837259,-54739.0817273474
1051,-54401.7199715542
1051.00520514807,-38735.8816058189
1051.00916272262,-38689.8539580089
1051.01312029718,-38643.8261876978
1051.01707787173,-38597.798295008
1051.02103544628,-38551.7702801105
1051.02499302083,-38505.742143126
1051.03285371648,-38414.3188226772
1051.04071441212,-38322.8950223365
1051.04857510777,-38231.4707432612
1051.05643580341,-38140.0459865818
1051.06429649906,-38048.6207534506
1051.08320358583,-37828.7165392383
1051.10211067259,-37608.8095910957
1051.12101775935,-37388.8999249326
1051.13992484612,-37168.9875566482
1051.15883193288,-36949.0725021515
1051.22290670053,-36203.7763131712
1051.28698146818,-35458.4500751209
1051.35105623583,-34713.0944070095
1051.41513100348,-33967.7099278489
1051.51513100348,-32804.349600922
1051.61513100348,-31640.9229593915
1051.71513100348,-30477.432356339
1051.81513100348,-29313.8801448458
1051.91513100348,-28150.2686779941
1052,-27162.6785707024
1052.00140549259,-38055.8088176961
1052.00281098518,-38025.2281411454
1052.00421647776,-37994.6474453377
1052.00562197035,-37964.0667302883
1052.00861688361,-37898.9033280242
1052.01161179686,-37833.7398386368
1052.01460671012,-37768.5762622796
1052.01760162337,-37703.4125991053
1052.02358285215,-37573.2720839223
1052.02956408093,-37443.1312242518
1052.03554530971,-37312.9900212795
1052.04152653849,-37182.8484762044
1052.05314085341,-36930.1394155217
1052.06475516833,-36677.4290781473
1052.07636948325,-36424.7174728192
1052.08798379817,-36172.0046082757
1052.17359754781,-34309.1192357435
1052.25921129745,-32446.1694155209
1052.34482504709,-30583.1586477345
1052.44482504709,-28407.0212432333
1052.54482504709,-26230.8110403124
1052.64482504709,-24054.5336166474
1052.74482504709,-21878.1945499132
1052.84482504709,-19701.7994177849
1052.94482504709,-17525.353797938
1053,-16324.4813699213
1053.00410554238,-11595.0938003801
1053.00821108477,-11547.2965788916
1053.01231662715,-11499.4993180664
1053.01642216954,-11451.7020180674
1053.02052771192,-11403.9046790574
1053.02582217055,-11342.2657418246
1053.03111662918,-11280.6267403345
1053.03641108781,-11218.9876749377
1053.04170554644,-11157.3485459822
1053.05553401934,-10996.3544468021
1053.06936249223,-10835.3599226388
1053.08319096512,-10674.3649797148
1053.09701943801,-10513.3696242524
1053.17234188212,-9636.43547751026
1053.24766432623,-8759.49028141646
1053.32298677034,-7882.53504153612
1053.42298677034,-6718.25307850173
1053.52298677034,-5553.95753787452
1053.62298677034,-4389.6507727362
1053.72298677034,-3225.33513616847
1053.82298677034,-2061.01298125309
1053.92298677034,-896.68666107175
1053.99999999999,-1.69432069562841e-07
1054,0
1054.07701322966,0
1054.15402645932,0
1054.23103968898,0
1054.33103968898,0
1054.43103968898,0
1054.53103968898,0
1054.63103968898,0
1054.73103968898,0
1054.83103968898,0
1054.93103968898,0
1055,0
1055.06896031102,0
1055.13792062204,0
1055.23792062204,0
1055.33792062204,0
1055.43792062204,0
1055.53792062204,0
1055.63792062204,0
1055.73792062204,0
1055.83792062204,0
1055.93792062204,0
1056,0
1056.06207937796,0
1056.12415875592,0
1056.22415875592,0
1056.32415875592,0
1056.42415875592,0
1056.52415875592,0
1056.62415875592,0
1056.72415875592,0
1056.82415875592,0
1056.92415875592,0
1057,0
1057.07584124408,0
1057.15168248815,0
1057.25168248815,0
1057.35168248815,0
1057.45168248815,0
1057.55168248815,0
1057.65168248815,0
1057.75168248815,0
1057.85168248815,0
1057.95168248815,0
1058,0
1058.04831751185,0
1058.0966350237,0
1058.1966350237,0
1058.2966350237,0
1058.3966350237,0
1058.4966350237,0
1058.5966350237,0
1058.6966350237,0
1058.7966350237,0
1058.8966350237,0
1058.9966350237,0
1059,0
1059.0033649763,0
1059.00672995261,0
1059.04037971566,0
1059.07402947871,0
1059.10767924176,0
1059.20767924176,0
1059.30767924176,0
1059.40767924176,0
1059.50767924176,0
1059.60767924176,0
1059.70767924176,0
1059.80767924176,0
1059.90767924176,0
1060,0
1060.09232075824,0
1060.18464151648,0
1060.28464151648,0
1060.38464151648,0
1060.48464151648,0
1060.58464151648,0
1060.68464151648,0
1060.78464151648,0
1060.88464151648,0
1060.98464151648,0
1061,0
1061.01535848352,0
1061.03071696703,0
1061.13071696703,0
1061.23071696703,0
1061.33071696703,0
1061.43071696703,0
1061.53071696703,0
1061.63071696703,0
1061.73071696703,0
1061.83071696703,0
1061.93071696703,0
1062,0
1062.06928303297,0
1062.13856606593,0
1062.23856606593,0
1062.33856606593,0
1062.43856606593,0
1062.53856606593,0
1062.63856606593,0
1062.73856606593,0
1062.83856606593,0
1062.93856606593,0
1063,0
1063.06143393407,0
1063.12286786813,0
1063.22286786813,0
1063.32286786813,0
1063.42286786813,0
1063.52286786813,0
1063.62286786813,0
1063.72286786813,0
1063.82286786813,0
1063.92286786813,0
1064,0
1064.07713213187,0
1064.15426426373,0
1064.25426426373,0
1064.35426426373,0
1064.45426426373,0
1064.55426426373,0
1064.65426426373,0
1064.75426426373,0
1064.85426426373,0
1064.95426426373,0
1065,0
1065.04573573627,0
1065.09147147254,0
1065.19147147254,0
1065.29147147254,0
1065.39147147254,0
1065.49147147254,0
1065.59147147254,0
1065.69147147254,0
1065.79147147254,0
1065.89147147254,0
1065.99147147254,0
1066,0
1066.00852852746,0
1066.01705705493,0
1066.10234232957,0
1066.18762760421,0
1066.27291287885,0
1066.37291287885,0
1066.47291287885,0
1066.57291287885,0
1066.67291287885,0
1066.77291287885,0
1066.87291287885,0
1066.97291287885,0
1067,0
1067.02708712115,0
1067.0541742423,0
1067.1541742423,0
1067.2541742423,0
1067.3541742423,0
1067.4541742423,0
1067.5541742423,0
1067.6541742423,0
1067.7541742423,0
1067.8541742423,0
1067.9541742423,0
1068,0
1068.00000000001,2.5968377729896e-07
1068.00990550342,176.76701043315
1068.01981100683,353.534023088173
1068.02971651024,530.30104070631
1068.03962201365,707.068065769117
1068.07730229726,1379.48545540456
1068.11498258086,2051.90312527041
1068.15266286447,2724.32121196238
1068.25266286447,4508.85989102666
1068.35266286447,6293.4050212234
1068.45266286447,8077.95915580968
1068.55266286447,9862.52484804257
1068.65266286447,11647.1046511792
1068.75266286447,13431.7011184765
1068.85266286447,15216.3168031917
1068.95266286447,17000.9542585818
1069,17845.7588356584
1069.04733713553,18690.5691340847
1069.09467427106,19535.3854246929
1069.14201140659,20380.2079783155
1069.24201140659,22164.9228090055
1069.34201140659,23949.6693514396
1069.44201140659,25734.4501588748
1069.54201140659,27519.2677845684
1069.64201140659,29304.1247817773
1069.74201140659,31089.0237037586
1069.84201140659,32873.9671037694
1069.94201140659,34658.9575350667
1070,35694.070928392
1070.05798859341,36729.201493275
1070.11597718682,37764.3497275923
1070.17396578022,38799.5161292218
1070.23195437363,39834.7011960406
1070.33195437363,41619.8994124967
1070.43195437363,43405.1571697428
1070.53195437363,45190.4770210363
1070.63195437363,46975.8615196336
1070.73195437363,48761.3132187923
1070.83195437363,50546.8346717696
1070.93195437363,52332.4284318219
1071,53547.4895352763
1071.06804562637,54762.586105059
1071.13609125274,55977.7189456133
1071.2041368791,57192.888861381
1071.27218250547,58408.096656806
1071.37218250547,60194.0390941879
1071.47218250547,61980.0676320585
1071.57218250547,63766.1848236741
1071.67218250547,65552.3932222925
1071.77218250547,67338.6953811709
1071.87218250547,69125.0938535653
1071.97218250547,70911.5911927342
1072,71408.5679133853
1072.00153290062,51102.2315465298
1072.00306580124,51115.2979140576
1072.00459870186,51128.3642922992
1072.00613160248,51141.4306811726
1072.00884423766,51164.5531105435
1072.01155687284,51187.675573356
1072.01426950802,51210.7980696334
1072.0169821432,51233.9205993908
1072.02301169328,51285.3166654041
1072.02904124337,51336.7128970725
1072.03507079345,51388.1092945616
1072.04110034354,51439.5058580373
1072.04712989362,51490.9025876654
1072.05978505523,51598.7774991906
1072.07244021684,51706.6531449145
1072.08509537845,51814.52952637
1072.09775054006,51922.4066450931
1072.11040570167,52030.2845026091
1072.19052848438,52713.3016492887
1072.27065126709,53396.3488609223
1072.3507740498,54079.4265266337
1072.43089683251,54762.5350355493
1072.53089683251,55615.1560110369
1072.63089683251,56467.8263941055
1072.73089683251,57320.5469412757
1072.83089683251,58173.3184090679
1072.93089683251,59026.1415540025
1073,59615.4999505686
1073.00088885423,83337.3564116951
1073.00177770846,83353.2430377927
1073.00266656269,83369.1296733503
1073.00355541692,83385.0163183697
1073.00530433167,83416.2750008632
1073.00705324642,83447.533719871
1073.00880216117,83478.7924753789
1073.01055107592,83510.0512674007
1073.01520580437,83593.2465747099
1073.01986053283,83676.4421410184
1073.02451526128,83759.6379665782
1073.02916998974,83842.834051671
1073.0365186134,83974.1798836751
1073.04386723707,84105.5263641697
1073.05121586074,84236.8734941501
1073.0585644844,84368.2212746454
1073.0779199316,84714.179657824
1073.09727537881,85060.1425793689
1073.11663082601,85406.1100577882
1073.21663082601,87193.6257953364
1073.31663082601,88981.2662160213
1073.41663082601,90769.0338731037
1073.51663082601,92556.9313198381
1073.61663082601,94344.9611094826
1073.71663082601,96133.1257952932
1073.81663082601,97921.4279305296
1073.91663082601,99709.8700684464
1074,101200.988363042
1074.08336917399,102692.207219477
1074.16673834799,104183.528117237
1074.25010752198,105674.952535811
1074.35010752198,107464.031074722
1074.45010752198,109253.263237348
1074.55010752198,111042.651576942
1074.65010752198,112832.198646764
1074.75010752198,114621.907000068
1074.85010752198,116411.779190115
1074.95010752198,118201.817770159
1075,119094.9753879
1075.04989247802,119988.175377101
1075.09978495603,120881.418054866
1075.14967743405,121774.703738296
1075.24967743405,123565.256053843
1075.34967743405,125355.984961434
1075.44967743405,127146.893014329
1075.54967743405,128937.982765783
1075.64967743405,130729.256769052
1075.74967743405,132520.717577394
1075.84967743405,134312.367744069
1075.94967743405,136104.20982233
1076,137005.984126593
1076.05032256595,137907.808001743
1076.1006451319,138809.681773153
1076.2006451319,140602.016732251
1076.3006451319,142394.552564043
1076.4006451319,144187.291821786
1076.5006451319,145980.237058741
1076.6006451319,147773.390828161
1076.7006451319,149566.755683303
1076.8006451319,151360.334177428
1076.9006451319,153154.12886379
1077,154936.567836197
1077.0993548681,156719.22524497
1077.1987097362,158502.103594267
1077.2980646043,160285.205388247
1077.3980646043,162080.113394222
1077.4980646043,163875.252846088
1077.5980646043,165670.626297103
1077.6980646043,167466.236300527
1077.7980646043,169262.085409614
1077.8980646043,171058.17617762
1077.99806460429,172854.511157807
1078,172889.279773808
1078.00193539571,172924.04848224
1078.00387079141,172958.817283142
1078.00580618712,172993.586176531
1078.02516014417,173341.280201294
1078.04451410122,173688.983495253
1078.06386805827,174036.696076851
1078.16386805827,175833.441595505
1078.26386805826,177630.438112983
1078.36386805826,179427.688182547
1078.46386805826,181225.194357446
1078.56386805826,183022.95919094
1078.66386805826,184820.985236286
1078.76386805826,186619.27504674
1078.86386805826,188417.831175556
1078.96386805826,190216.656176003
1079,190866.673196442
1079.03613194174,191516.725772302
1079.07226388347,192166.814024018
1079.10839582521,192816.938072055
1079.20839582521,194616.431293433
1079.30839582521,196416.202183116
1079.40839582521,198216.253294359
1079.50839582521,200016.587180415
1079.60839582521,201817.206394552
1079.70839582521,203618.113490015
1079.80839582521,205419.311020067
1079.90839582521,207220.801537964
1080,208871.301361225
1080.00041124022,149609.924176622
1080.00082248045,149613.471606505
1080.00123372067,149617.019036784
1080.0016449609,149620.566471145
1080.00309085502,149633.039035684
1080.00453674913,149645.511628432
1080.00598264325,149657.984248865
1080.00873467216,149681.723969564
1080.01148670106,149705.463790596
1080.01423872996,149729.203711963
1080.01699075887,149752.94373368
1080.02335668337,149807.858943389
1080.02972260787,149862.774690341
1080.03608853237,149917.690974778
1080.04245445687,149972.607796718
1080.04882038137,150027.525156533
1080.05869350799,150112.699403022
1080.0685666346,150197.874944285
1080.07843976122,150283.051781173
1080.08831288783,150368.229914414
1080.14528189601,150859.742310174
1080.20225090418,151351.298029777
1080.25921991236,151842.897213076
1080.35921991236,152705.926637109
1080.45921991236,153569.091169828
1080.55921991236,154432.391567751
1080.65921991236,155295.828587388
1080.75921991236,156159.402985271
1080.85921991236,157023.115517917
1080.95921991236,157886.966941847
1081,158239.286352852
1081.00020862524,220894.541585152
1081.00041725047,220898.305084954
1081.00062587571,220902.068589968
1081.00197194903,220926.351164918
1081.00331802236,220950.633797324
1081.00466409568,220974.916486804
1081.00709348164,221018.74189973
1081.0095228676,221062.567498826
1081.01195225356,221106.393283588
1081.01438163952,221150.219254548
1081.01951031157,221242.740788988
1081.02463898361,221335.263152887
1081.02976765566,221427.786346892
1081.0348963277,221520.310371112
1081.04002499975,221612.835225892
1081.04824856274,221761.195827285
1081.05647212573,221909.558566533
1081.06469568872,222057.923445118
1081.07291925172,222206.290464458
1081.08114281471,222354.659625976
1081.1080190221,222839.573935012
1081.1348952295,223324.51118961
1081.16177143689,223809.471439276
1081.18864764428,224294.454733638
1081.28864764428,226099.165884073
1081.38864764428,227904.199306146
1081.48864764428,229709.557553093
1081.58864764428,231515.243178178
1081.68864764428,233321.258734656
1081.78864764428,235127.606775784
1081.88864764428,236934.289854821
1081.98864764428,238741.310525017
1082,238946.471390726
1082.01135235572,239151.636643747
1082.02270471143,239356.806287921
1082.12270471143,241164.283528628
1082.22270471143,242972.104336565
1082.32270471143,244780.271265002
1082.42270471143,246588.786867197
1082.52270471143,248397.653696407
1082.62270471143,250206.874305884
1082.72270471143,252016.451248898
1082.82270471143,253826.387078694
1082.92270471143,255636.684348533
1083,257036.208124665
1083.00032752665,184227.859657189
1083.00065505329,184230.704285254
1083.00098257994,184233.548916486
1083.00131010659,184236.393546619
1083.00246051751,184246.385099651
1083.00361092844,184256.376673871
1083.00476133936,184266.36826962
1083.0072415581,184287.909639428
1083.00972177683,184309.451109557
1083.01220199557,184330.992679411
1083.0146822143,184352.534349564
1083.02017447604,184400.237148152
1083.02566673778,184447.940437889
1083.03115899952,184495.64421868
1083.03665126126,184543.348490905
1083.042143523,184591.053254691
1083.05035720389,184662.396676165
1083.05857088478,184733.741197676
1083.06678456568,184805.086819386
1083.07499824657,184876.433541886
1083.08321192746,184947.781365595
1083.11060278191,185185.718935114
1083.13799363636,185423.668770548
1083.16538449081,185661.630887411
1083.19277534526,185899.60530125
1083.29277534526,186768.519697858
1083.39277534526,187637.598961305
1083.49277534526,188506.843848116
1083.59277534526,189376.255114796
1083.69277534526,190245.833517881
1083.79277534525,191115.579813886
1083.89277534525,191985.494759333
1083.99277534525,192855.579110746
1084,192918.446282923
1084.00004835463,37345.928467829
1084.00009670927,37345.928467829
1084.0001450639,37345.928467829
1084.00053279894,37345.928467829
1084.00092053398,37345.928467829
1084.00130826902,37345.928467829
1084.00316934895,37345.928467829
1084.00503042889,37345.928467829
1084.00689150882,37345.928467829
1084.00875258876,37345.928467829
1084.01151962162,37345.928467829
1084.01428665449,37345.928467829
1084.01705368735,37345.928467829
1084.01982072021,37345.928467829
1084.02258775308,37345.928467829
1084.02737159596,37345.928467829
1084.03215543885,37345.928467829
1084.03693928174,37345.928467829
1084.04172312462,37345.928467829
1084.04650696751,37345.928467829
1084.05459801701,37345.928467829
1084.06268906651,37345.928467829
1084.07078011601,37345.928467829
1084.07887116551,37345.928467829
1084.08696221501,37345.928467829
1084.10668411988,37345.928467829
1084.12640602475,37345.928467829
1084.14612792962,37345.928467829
1084.16584983448,37345.928467829
1084.18557173935,37345.928467829
1084.25807285681,37345.928467829
1084.33057397426,37345.928467829
1084.40307509171,37345.928467829
1084.47557620916,37345.928467829
1084.57557620916,37345.928467829
1084.67557620916,37345.928467829
1084.77557620916,37345.928467829
1084.87557620916,37345.928467829
1084.97557620916,37345.928467829
1085,37345.928467829
1085.02442379084,37345.928467829
1085.04884758168,37345.928467829
1085.07327137251,37345.928467829
1085.17327137251,37345.928467829
1085.27327137251,37345.928467829
1085.37327137251,37345.928467829
1085.47327137251,37345.928467829
1085.57327137251,37345.928467829
1085.67327137251,37345.928467829
1085.77327137251,37345.928467829
1085.87327137251,37345.928467829
1085.97327137251,37345.928467829
1086,37345.928467829
1086.02672862749,37345.928467829
1086.05345725497,37345.928467829
1086.08018588246,37345.928467829
1086.18018588246,37345.928467829
1086.28018588246,37345.928467829
1086.38018588246,37345.928467829
1086.48018588246,37345.928467829
1086.58018588246,37345.928467829
1086.68018588246,37345.928467829
1086.78018588246,37345.928467829
1086.88018588246,37345.928467829
1086.98018588246,37345.928467829
1087,37345.928467829
1087.01981411754,37345.928467829
1087.03962823508,37345.928467829
1087.05944235262,37345.928467829
1087.15944235262,37345.928467829
1087.25944235262,37345.928467829
1087.35944235262,37345.928467829
1087.45944235262,37345.928467829
1087.55944235262,37345.928467829
1087.65944235262,37345.928467829
1087.75944235262,37345.928467829
1087.85944235262,37345.928467829
1087.95944235262,37345.928467829
1088,37345.928467829
1088.04055764738,37345.928467829
1088.08111529476,37345.928467829
1088.12167294214,37345.928467829
1088.22167294214,37345.928467829
1088.32167294214,37345.928467829
1088.42167294214,37345.928467829
1088.52167294214,37345.928467829
1088.62167294214,37345.928467829
1088.72167294214,37345.928467829
1088.82167294214,37345.928467829
1088.92167294214,37345.928467829
1089,37345.928467829
1089.07832705786,37345.928467829
1089.15665411572,37345.928467829
1089.23498117358,37345.928467829
1089.33498117358,37345.928467829
1089.43498117358,37345.928467829
1089.53498117358,37345.928467829
1089.63498117358,37345.928467829
1089.73498117358,37345.928467829
1089.83498117358,37345.928467829
1089.93498117358,37345.928467829
1090,37345.928467829
1090.06501882642,37345.928467829
1090.13003765283,37345.928467829
1090.19505647925,37345.928467829
1090.29505647925,37345.928467829
1090.39505647925,37345.928467829
1090.49505647925,37345.928467829
1090.59505647925,37345.928467829
1090.69505647925,37345.928467829
1090.79505647925,37345.928467829
1090.89505647925,37345.928467829
1090.99505647925,37345.928467829
1091,37345.928467829
1091.00494352075,37345.928467829
1091.00988704151,37345.928467829
1091.01483056226,37345.928467829
1091.06426576979,37345.928467829
1091.11370097731,37345.928467829
1091.16313618484,37345.928467829
1091.21257139237,37345.928467829
1091.31257139237,37345.928467829
1091.41257139237,37345.928467829
1091.51257139237,37345.928467829
1091.61257139237,37345.928467829
1091.71257139237,37345.928467829
1091.81257139237,37345.928467829
1091.91257139237,37345.928467829
1092,37345.928467829
1092.08742860763,37345.928467829
1092.17485721527,37345.928467829
1092.2622858229,37345.928467829
1092.3622858229,37345.928467829
1092.4622858229,37345.928467829
1092.5622858229,37345.928467829
1092.6622858229,37345.928467829
1092.7622858229,37345.928467829
1092.8622858229,37345.928467829
1092.9622858229,37345.928467829
1093,37345.928467829
1093.0000947425,-243547.466012675
1093.00018948499,-243545.437240004
1093.00028422749,-243543.40846677
1093.00037896998,-243541.379692973
1093.00055116871,-243537.692303693
1093.00072336743,-243534.00491588
1093.00089556615,-243530.317520989
1093.00106776488,-243526.630129454
1093.00140374955,-243519.43548254
1093.0016444716,-243514.280747581
1093.00171668822,-243512.734332615
1093.00178890484,-243511.187905337
1093.00186112146,-243509.64148395
1093.00193333807,-243508.095062237
1093.00206400229,-243505.297064668
1093.00219466651,-243502.499064247
1093.00232533073,-243499.701062755
1093.00245599495,-243496.903060192
1093.00278260735,-243489.909080311
1093.00310921974,-243482.915093739
1093.00343583214,-243475.921100475
1093.00376244453,-243468.927100519
1093.00430694386,-243457.267307149
1093.00485144319,-243445.607494071
1093.00539594251,-243433.947664046
1093.00594044184,-243422.287814601
1093.00691896639,-243401.333748988
1093.00789749094,-243380.379623729
1093.0088760155,-243359.42543843
1093.00985454005,-243338.471193095
1093.01159691692,-243301.15957135
1093.0133392938,-243263.847759546
1093.01508167068,-243226.535756955
1093.01682404756,-243189.22356438
1093.01941117858,-243133.821002859
1093.0219983096,-243078.418022026
1093.02458544062,-243023.01462202
1093.02717257164,-242967.610802939
1093.03093102259,-242887.122236083
1093.03468947355,-242806.632785429
1093.03844792451,-242726.142450883
1093.04220637546,-242645.651233098
1093.04596482642,-242565.15913237
1093.05306313855,-242413.137165886
1093.06016145068,-242261.112052752
1093.0672597628,-242109.083794924
1093.07435807493,-241957.052394206
1093.08145638706,-241805.017852847
1093.09848663827,-241440.244198158
1093.11551688948,-241075.452503816
1093.13254714069,-240710.642797331
1093.1495773919,-240345.815106253
1093.2495773919,-238203.220540927
1093.3495773919,-236060.012407765
1093.4495773919,-233916.196284426
1093.5495773919,-231771.7777486
1093.6495773919,-229626.762377961
1093.7495773919,-227481.155750171
1093.8495773919,-225334.963442923
1093.9495773919,-223188.191033876
1094,-222105.514166029
1094.00069155269,-158115.878887986
1094.00138310538,-158107.978891018
1094.00207465806,-158100.078878081
1094.00276621075,-158092.178850949
1094.00345776344,-158084.278807849
1094.00517845752,-158064.622165747
1094.00689915161,-158044.965428873
1094.00861984569,-158025.308596357
1094.01034053978,-158005.651668923
1094.01371223844,-157967.13365976
1094.01708393711,-157928.615285253
1094.02045563577,-157890.09654549
1094.02382733444,-157851.577440925
1094.02922266955,-157789.939062643
1094.03461800465,-157728.299750381
1094.04001333976,-157666.659504209
1094.04540867487,-157605.018324798
1094.05080400997,-157543.376212216
1094.06160907149,-157419.924761674
1094.07241413301,-157296.469573454
1094.08321919453,-157173.010650685
1094.09402425605,-157049.547996185
1094.10482931757,-156926.081613074
1094.14356529775,-156483.425920068
1094.18230127793,-156040.722480482
1094.22103725812,-155597.971431056
1094.2597732383,-155155.172908588
1094.3597732383,-154011.834956074
1094.4597732383,-152868.183881484
1094.5597732383,-151724.222037899
1094.6597732383,-150579.951778401
1094.7597732383,-149435.375456067
1094.8597732383,-148290.495423991
1094.9597732383,-147145.314035243
1095,-146684.560182706
1095.00055029487,-205972.865596818
1095.00110058974,-205961.02608493
1095.00165088462,-205949.186558377
1095.00220117949,-205937.347014403
1095.00340609487,-205911.423315888
1095.00461101026,-205885.499539598
1095.00581592564,-205859.575687045
1095.00817227389,-205808.878439835
1095.01052862213,-205758.180898838
1095.01288497037,-205707.483063958
1095.01524131862,-205656.784935429
1095.01932438139,-205568.934898183
1095.02340744416,-205481.083979511
1095.02749050694,-205393.232179633
1095.03157356971,-205305.379499021
1095.03766015328,-205174.416693326
1095.04374673685,-205043.451932564
1095.04983332042,-204912.485217764
1095.05591990399,-204781.516550182
1095.06200648756,-204650.545931262
1095.07727635303,-204321.961605188
1095.09254621851,-203993.365024545
1095.10781608398,-203664.756209085
1095.12308594945,-203336.135178766
1095.22308594945,-201183.746072416
1095.32308594945,-199030.839529948
1095.42308594945,-196877.421129026
1095.52308594945,-194723.496447313
1095.62308594945,-192569.0710625
1095.72308594945,-190414.150552247
1095.82308594945,-188258.740494244
1095.92308594945,-186102.846466152
1096,-184444.335273062
1096.00049046717,-131380.674348876
1096.00098093433,-131375.037811321
1096.0014714015,-131369.401265968
1096.00196186866,-131363.764714891
1096.00342901406,-131346.903935557
1096.00489615945,-131330.043098439
1096.00636330484,-131313.182204403
1096.00921740263,-131280.381854436
1096.01207150042,-131247.581287653
1096.01492559821,-131214.780503628
1096.017779696,-131181.97950289
1096.02373021211,-131113.591911057
1096.02968072822,-131045.203376902
1096.03563124433,-130976.813901048
1096.04158176044,-130908.423483819
1096.04753227655,-130840.032125711
1096.05746341982,-130725.887936798
1096.06739456308,-130611.741130945
1096.07732570634,-130497.591710506
1096.0872568496,-130383.439677753
1096.09718799287,-130269.285035091
1096.12904644714,-129903.066862092
1096.16090490142,-129536.821930055
1096.1927633557,-129170.550315059
1096.22462180998,-128804.252093181
1096.32462180998,-127654.312393253
1096.42462180998,-126504.113649336
1096.52462180998,-125353.658214523
1096.62462180998,-124202.948441895
1096.72462180998,-123051.986684534
1096.82462180998,-121900.775295521
1096.92462180998,-120749.316627935
1097,-119881.205905853
1097.0007495925,-168241.449455166
1097.001499185,-168225.258974818
1097.00224877749,-168209.068470597
1097.00299836999,-168192.877942508
1097.00427533623,-168165.296555854
1097.00555230247,-168137.715099412
1097.00682926871,-168110.133572291
1097.00934666535,-168055.759459041
1097.01186406198,-168001.385072115
1097.01438145861,-167947.010411913
1097.01689885524,-167892.635478154
1097.02298861934,-167761.097459843
1097.02907838343,-167629.557843158
1097.03516814752,-167498.016629507
1097.04125791161,-167366.473819947
1097.0473476757,-167234.929415939
1097.05736928578,-167018.450119835
1097.06739089586,-166801.966514531
1097.07741250594,-166585.478605514
1097.08743411601,-166368.986398523
1097.14642409602,-165094.566335804
1097.20541407603,-163819.998693078
1097.26440405604,-162545.284615269
1097.36440405604,-160384.053990545
1097.46440405604,-158222.411421275
1097.56440405604,-156060.362485121
1097.66440405604,-153897.91275977
1097.76440405604,-151735.06782289
1097.86440405604,-149571.833252158
1097.96440405604,-147408.21462525
1098,-146637.962522819
1098.03559594396,-145867.66271604
1098.07119188792,-145097.315456467
1098.10678783189,-144326.920995682
1098.20678783189,-142162.394622991
1098.30678783189,-139997.50329118
1098.40678783189,-137832.252577921
1098.50678783189,-135666.648060894
1098.60678783189,-133500.695317769
1098.70678783189,-131334.399926223
1098.80678783189,-129167.767463931
1098.90678783189,-127000.803508569
1099,-124980.635827555
1099.00066091236,-89080.7933676266
1099.00132182473,-89073.1438710476
1099.00198273709,-89065.4943665899
1099.00264364945,-89057.8448542541
1099.00436278967,-89037.9471954836
1099.00608192989,-89018.0494834226
1099.00780107011,-88998.1517180869
1099.01115308669,-88959.3544739674
1099.01450510328,-88920.5570274994
1099.01785711986,-88881.7593786455
1099.02120913644,-88842.961527631
1099.028145618,-88762.6747143263
1099.03508209955,-88682.3870362201
1099.0420185811,-88602.0984940811
1099.04895506266,-88521.8090886947
1099.05589154421,-88441.5188208462
1099.07059308381,-88271.3446057227
1099.08529462341,-88101.1665273612
1099.09999616301,-87930.9845932434
1099.1146977026,-87760.798810823
1099.2146977026,-86603.0921102515
1099.3146977026,-85445.2100587567
1099.4146977026,-84287.1550094263
1099.5146977026,-83128.9293153387
1099.6146977026,-81970.5353295757
1099.7146977026,-80811.9754052222
1099.8146977026,-79653.2518953567
1099.9146977026,-78494.367153061
1100,-77505.6861845916
1100.00095421429,-108695.585380887
1100.00190842858,-108674.881967961
1100.00286264286,-108654.178529861
1100.00381685715,-108633.475066173
1100.00549293424,-108597.109377613
1100.00716901134,-108560.743610739
1100.00884508843,-108524.377765632
1100.01052116552,-108488.011842319
1100.01475604132,-108396.127195249
1100.01899091712,-108304.242049455
1100.02322579291,-108212.356405429
1100.02746066871,-108120.470263572
1100.03394702603,-107979.731677545
1100.04043338334,-107838.991926139
1100.04691974065,-107698.251010878
1100.05340609797,-107557.508933285
1100.06714347659,-107259.429138662
1100.08088085522,-106961.344151746
1100.09461823384,-106663.253987
1100.18171492493,-104773.205677959
1100.26881161601,-102882.953500944
1100.35590830709,-100992.50114112
1100.45590830709,-98821.7375977934
1100.55590830709,-96650.7205997908
1100.65590830709,-94479.4557247884
1100.75590830709,-92307.9485504614
1100.85590830709,-90136.2046544851
1100.95590830709,-87964.2296145346
1101,-87006.4970657543
1101.00108215841,-62025.4513302856
1101.00216431681,-62012.8876470594
1101.00324647522,-62000.3239491426
1101.00432863363,-61987.7602365381
1101.00629973783,-61964.8759457761
1101.00827084204,-61941.9916063192
1101.01024194625,-61919.1072181385
1101.01221305046,-61896.2227813732
1101.01760568716,-61833.6142479778
1101.02299832386,-61771.0053508282
1101.02839096055,-61708.3960902837
1101.03378359725,-61645.7864667574
1101.03917623395,-61583.1764805596
1101.04925474784,-61466.1612083256
1101.05933326173,-61349.1446730818
1101.06941177562,-61232.1268772666
1101.07949028951,-61115.1078232889
1101.0895688034,-60998.0875135343
1101.12520257586,-60584.3383977807
1101.16083634832,-60170.5737208462
1101.19647012078,-59756.7935892017
1101.23210389324,-59342.9981093181
1101.33210389324,-58181.6718255546
1101.43210389324,-57020.2278587782
1101.53210389324,-55858.6685620668
1101.63210389324,-54696.9962885037
1101.73210389324,-53535.2133911694
1101.83210389324,-52373.3222231468
1101.93210389324,-51211.3251375164
1102,-50422.3151829899
1102.00114834337,-70684.2452635489
1102.00229668674,-70659.283640854
1102.00344503011,-70634.3219942149
1102.00459337348,-70609.3603237248
1102.00679609429,-70561.4794640189
1102.0089988151,-70513.5985165366
1102.01120153591,-70465.7174813438
1102.01340425673,-70417.8363585003
1102.01862841254,-70304.2771565364
1102.02385256835,-70190.7174626801
1102.02907672417,-70077.1572777302
1102.03430087998,-69963.5966024635
1102.04308803204,-69772.5837914879
1102.0518751841,-69581.5695993688
1102.06066233615,-69390.5540299051
1102.06944948821,-69199.5370868667
1102.10382559663,-68452.248950482
1102.13820170505,-67704.9400769262
1102.17257781347,-66957.6106927849
1102.27257781347,-64783.51716766
1102.37257781347,-62609.2575715962
1102.47257781347,-60434.8374822691
1102.57257781347,-58260.2624773537
1102.67257781347,-56085.5381345251
1102.77257781347,-53910.6700314591
1102.87257781347,-51735.6637458302
1102.97257781347,-49560.5248553139
1103,-48964.0317828817
1103.02742218653,-48367.5292733192
1103.05484437305,-47771.0174416454
1103.08226655958,-47174.4964028736
1103.18226655958,-44999.0975650539
1103.28226655958,-42823.5833957785
1103.38226655958,-40647.9594727233
1103.48226655958,-38472.2313735634
1103.58226655958,-36296.4046759739
1103.68226655958,-34120.4849576302
1103.78226655958,-31944.4777962073
1103.88226655958,-29768.3887693804
1103.98226655958,-27592.2234548247
1104,-27206.3069342043
1104.00593799354,-19334.5378853319
1104.01050533326,-19281.3738357129
1104.01507267297,-19228.2097047996
1104.01964001268,-19175.0454928165
1104.02420735239,-19121.8811999836
1104.0287746921,-19068.7168265292
1104.03807814194,-18960.4233236535
1104.04738159177,-18852.1294890839
1104.05668504161,-18743.8353247154
1104.06598849144,-18635.5408324448
1104.07529194128,-18527.2460141643
1104.09724523374,-18271.7021266124
1104.1191985262,-18016.1564592408
1104.14115181866,-17760.6090369463
1104.16310511112,-17505.0598846249
1104.26310511112,-16340.9802508055
1104.36310511112,-15176.8675900354
1104.46310511112,-14012.7242553967
1104.56310511112,-12848.5525999709
1104.66310511112,-11684.35497684
1104.76310511112,-10520.1337390856
1104.86310511112,-9355.89123978932
1104.96310511112,-8191.62983203298
1105,-7762.07257353753
1105.00591742487,-4613.55083650576
1105.01068980331,-4591.40325100144
1105.01546218175,-4569.25564978788
1105.02023456019,-4547.10803293997
1105.02500693863,-4524.96040053427
1105.02977931707,-4502.81275264655
1105.0413936756,-4448.91278788549
1105.05300803413,-4395.01273296887
1105.06462239267,-4341.1125889885
1105.0762367512,-4287.2123570371
1105.08785110973,-4233.31203820659
1105.11260112239,-4118.45103423367
1105.13735113505,-4003.58965126615
1105.16210114772,-3888.72789987442
1105.18685116038,-3773.8657906289
1105.28685116038,-3309.77327060964
1105.38685116038,-2845.67577844964
1105.48685116038,-2381.5740113583
1105.58685116038,-1917.46866654503
1105.68685116038,-1453.36044121922
1105.78685116038,-989.250032590261
1105.88685116038,-525.138137867563
1105.98685116038,-61.0254542605199
1105.99999999999,-6.75373087394983e-08
1106,0
1106.01314883962,0
1106.02629767924,0
1106.03944651886,0
1106.07889303772,0
1106.11833955658,0
1106.15778607545,0
1106.25778607545,0
1106.35778607545,0
1106.45778607545,0
1106.55778607545,0
1106.65778607545,0
1106.75778607545,0
1106.85778607545,0
1106.95778607545,0
1107,0
1107.04221392455,0
1107.08442784911,0
1107.18442784911,0
1107.28442784911,0
1107.38442784911,0
1107.48442784911,0
1107.58442784911,0
1107.68442784911,0
1107.78442784911,0
1107.88442784911,0
1107.98442784911,0
1108,0
1108.01557215089,0
1108.03114430178,0
1108.13114430178,0
1108.23114430178,0
1108.33114430178,0
1108.43114430178,0
1108.53114430178,0
1108.63114430178,0
1108.73114430178,0
1108.83114430178,0
1108.93114430178,0
1109,0
1109.06885569822,0
1109.13771139644,0
1109.23771139644,0
1109.33771139644,0
1109.43771139644,0
1109.53771139644,0
1109.63771139644,0
1109.73771139644,0
1109.83771139644,0
1109.93771139644,0
1110,0
1110.06228860356,0
1110.12457720713,0
1110.22457720713,0
1110.32457720713,0
1110.42457720713,0
1110.52457720713,0
1110.62457720713,0
1110.72457720713,0
1110.82457720713,0
1110.92457720713,0
1111,0
1111.07542279287,0
1111.15084558574,0
1111.25084558574,0
1111.35084558574,0
1111.45084558574,0
1111.55084558574,0
1111.65084558574,0
1111.75084558574,0
1111.85084558574,0
1111.95084558574,0
1112,0
1112.04915441426,0
1112.09830882851,0
1112.19830882851,0
1112.29830882851,0
1112.39830882851,0
1112.49830882851,0
1112.59830882851,0
1112.69830882851,0
1112.79830882851,0
1112.89830882851,0
1112.99830882851,0
1113,0
1113.00169117149,0
1113.00338234297,0
1113.02029405784,0
1113.03720577271,0
1113.05411748758,0
1113.15411748758,0
1113.25411748758,0
1113.35411748758,0
1113.45411748758,0
1113.55411748758,0
1113.65411748758,0
1113.75411748758,0
1113.85411748758,0
1113.95411748758,0
1114,0
1114.04588251242,0
1114.09176502483,0
1114.19176502483,0
1114.29176502483,0
1114.39176502483,0
1114.49176502483,0
1114.59176502483,0
1114.69176502483,0
1114.79176502483,0
1114.89176502483,0
1114.99176502483,0
1115,0
1115.00823497517,0
1115.01646995033,0
1115.09881970199,0
1115.18116945365,0
1115.26351920531,0
1115.36351920531,0
1115.46351920531,0
1115.56351920531,0
1115.66351920531,0
1115.76351920531,0
1115.86351920531,0
1115.96351920531,0
1116,0
1116.03648079469,0
1116.07296158938,0
1116.17296158938,0
1116.27296158937,0
1116.37296158937,0
1116.47296158937,0
1116.57296158937,0
1116.67296158937,0
1116.77296158937,0
1116.87296158937,0
1116.97296158937,0
1117,0
1117.00000000001,2.5968377729896e-07
1117.01723473522,307.55959646937
1117.03446947043,615.119205750043
1117.05170420564,922.678841172691
1117.09104285932,1624.69048969809
1117.130381513,2326.70249795577
1117.16972016668,3028.71502138225
1117.26972016668,4813.25462022101
1117.36972016668,6597.801105709
1117.46972016668,8382.35703110331
1117.56972016668,10166.924949661
1117.66972016668,11951.5074146392
1117.76972016668,13736.1069792949
1117.86972016668,15520.7261968852
1117.96972016668,17305.3676206672
1118,17845.7588356583
1118.03027983332,18386.1523916501
1118.06055966663,18926.5483595273
1118.09083949995,19466.9468101752
1118.19083949995,21251.6464009296
1118.29083949995,23036.3763968778
1118.39083949995,24821.1393512769
1118.49083949995,26605.9378173839
1118.59083949995,28390.7743484559
1118.69083949995,30175.6514977499
1118.79083949995,31960.5718185233
1118.89083949995,33745.5378640328
1118.99083949995,35530.5521875356
1119,35694.0709283913
1119.00916050005,35857.5900977606
1119.0183210001,36021.1096976036
1119.02748150016,36184.6297298839
1119.03664200021,36348.1501965642
1119.12824700073,37983.3791871586
1119.21985200126,39618.6537767132
1119.31145700178,41253.9759279192
1119.4030620023,42889.3476034689
1119.5030620023,44674.6492520402
1119.6030620023,46460.0148102194
1119.7030620023,48245.446831263
1119.8030620023,50030.9478684286
1119.9030620023,51816.5204749733
1120,53547.4895352762
1120.0969379977,55278.5305742613
1120.1938759954,57009.6459177507
1120.2908139931,58740.8378915687
1120.3877519908,60472.1088215371
1120.4877519908,62258.1509945218
1120.5877519908,64044.2822187804
1120.6877519908,65830.5050475711
1120.7877519908,67616.8220341498
1120.8877519908,69403.2357317745
1120.9877519908,71189.7486937023
1121,71408.5679133843
1121.00158764786,51102.6982090794
1121.00317529572,51116.2312399314
1121.00476294359,51129.7642822515
1121.00635059145,51143.2973360424
1121.00913528779,51167.0340159862
1121.01191998412,51190.7707311997
1121.01470468046,51214.507481682
1121.0174893768,51238.2442674493
1121.02352059612,51289.6545760735
1121.02955181545,51341.065050446
1121.03558303477,51392.4756907505
1121.0416142541,51443.8864971476
1121.04764547342,51495.2974698032
1121.05986326075,51599.4441396489
1121.07208104809,51703.5914938285
1121.08429883542,51807.7395337227
1121.09651662276,51911.8882607114
1121.19651662276,52764.3495211873
1121.29651662276,53616.8576595889
1121.39651662276,54469.4134324369
1121.49651662276,55322.0175962518
1121.59651662276,56174.6709075541
1121.69651662276,57027.3741228642
1121.79651662276,57880.1279987037
1121.89651662276,58732.9332915923
1121.99651662276,59585.7907580508
1122,59615.4999505687
1122.00115813378,83342.1692848796
1122.00231626756,83362.868790753
1122.00347440135,83383.5683126813
1122.00463253513,83404.2678505377
1122.00673572195,83441.8585360127
1122.00883890878,83479.4492742501
1122.0109420956,83517.0400652928
1122.01304528242,83554.6309091648
1122.0179809638,83642.8479247066
1122.02291664518,83731.0652316369
1122.02785232656,83819.2828302659
1122.03278800794,83907.5007208774
1122.04089344571,84052.3738799008
1122.04899888347,84197.2478285876
1122.05710432124,84342.1225683001
1122.06520975901,84486.9981003976
1122.09176340907,84961.6201272662
1122.11831705913,85436.2507207012
1122.14487070919,85910.8899285036
1122.24487070919,87698.4406177134
1122.34487070919,89486.116711101
1122.44487070919,91273.9207619205
1122.54487070919,93061.8553234289
1122.64487070918,94849.9229488857
1122.74487070918,96638.1261915455
1122.84487070918,98426.4676046654
1122.94487070918,100214.949741505
1123,101200.988363042
1123.05512929082,102187.070957672
1123.11025858163,103173.197953199
1123.16538787245,104159.369777418
1123.26538787245,105948.320164706
1123.36538787245,107737.422012594
1123.46538787245,109526.677874341
1123.56538787245,111316.090303206
1123.66538787245,113105.661852443
1123.76538787245,114895.395075311
1123.86538787245,116685.292525066
1123.96538787245,118475.356754967
1124,119094.975387901
1124.03461212755,119714.614412836
1124.06922425511,120334.273935643
1124.10383638266,120953.954062202
1124.20383638266,122744.426279589
1124.30383638266,124535.073918581
1124.40383638266,126325.899532437
1124.50383638266,128116.905674411
1124.60383638266,129908.094897762
1124.70383638266,131699.469755746
1124.80383638266,133491.032801622
1124.90383638266,135282.786588644
1125,137005.984126593
1125.09616361734,138729.362682937
1125.19232723467,140452.924528204
1125.28849085201,142176.671932922
1125.38849085201,143969.386329401
1125.48849085201,145762.306394759
1125.58849085201,147555.434682252
1125.68849085201,149348.773745142
1125.78849085201,151142.32613668
1125.88849085201,152936.094410125
1125.98849085201,154730.081118737
1126,154936.5678362
1126.01150914799,155143.057484777
1126.02301829598,155349.55006835
1126.03452744397,155556.045590849
1126.13452744397,157350.355881697
1126.23452744397,159144.89088966
1126.33452744397,160939.653167989
1126.43452744397,162734.645269947
1126.53452744397,164529.869748786
1126.63452744397,166325.329157764
1126.73452744397,168121.02605014
1126.83452744397,169916.96297917
1126.93452744397,171713.142498108
1127,172889.279773789
1127.06547255603,174065.522850491
1127.13094511206,175241.872444813
1127.19641766808,176418.329273353
1127.29641766808,178215.408040762
1127.39641766808,180012.741191327
1127.49641766808,181810.331278311
1127.59641766808,183608.180854961
1127.69641766808,185406.292474539
1127.79641766808,187204.6686903
1127.89641766808,189003.312055502
1127.99641766808,190802.225123403
1128,190866.67319639
1128.00358233192,190931.121618932
1128.00716466384,190995.570391195
1128.04298798302,191640.077367925
1128.0788113022,192284.619436181
1128.11463462138,192929.196713295
1128.21463462138,194728.707183158
1128.31463462138,196528.495480616
1128.41463462138,198328.564158926
1128.51463462138,200128.915771341
1128.61463462138,201929.55287113
1128.71463462138,203730.478011538
1128.81463462138,205531.693745827
1128.91463462138,207333.202627254
1129,208871.301361225
1129.00010962563,28640.1277701857
1129.00021925126,28640.1277701857
1129.00032887689,28640.1277701857
1129.00043850253,28640.1277701857
1129.00110796813,28640.1277701857
1129.00177743373,28640.1277701857
1129.00244689934,28640.1277701857
1129.00420701788,28640.1277701857
1129.00596713643,28640.1277701857
1129.00772725498,28640.1277701857
1129.00948737352,28640.1277701857
1129.01198215386,28640.1277701857
1129.01447693419,28640.1277701857
1129.01697171453,28640.1277701857
1129.01946649487,28640.1277701857
1129.0219612752,28640.1277701857
1129.0265313731,28640.1277701857
1129.031101471,28640.1277701857
1129.0356715689,28640.1277701857
1129.0402416668,28640.1277701857
1129.0448117647,28640.1277701857
1129.05233864448,28640.1277701857
1129.05986552426,28640.1277701857
1129.06739240403,28640.1277701857
1129.07491928381,28640.1277701857
1129.08244616359,28640.1277701857
1129.09879287109,28640.1277701857
1129.1151395786,28640.1277701857
1129.13148628611,28640.1277701857
1129.14783299362,28640.1277701857
1129.16417970112,28640.1277701857
1129.22629357939,28640.1277701857
1129.28840745765,28640.1277701857
1129.35052133591,28640.1277701857
1129.41263521418,28640.1277701857
1129.51263521418,28640.1277701857
1129.61263521418,28640.1277701857
1129.71263521418,28640.1277701857
1129.81263521418,28640.1277701857
1129.91263521418,28640.1277701857
1130,28640.1277701857
1130.08736478582,28640.1277701857
1130.17472957165,28640.1277701857
1130.26209435747,28640.1277701857
1130.36209435747,28640.1277701857
1130.46209435747,28640.1277701857
1130.56209435747,28640.1277701857
1130.66209435747,28640.1277701857
1130.76209435747,28640.1277701857
1130.86209435747,28640.1277701857
1130.96209435747,28640.1277701857
1131,28640.1277701857
1131.03790564253,28640.1277701857
1131.07581128506,28640.1277701857
1131.11371692759,28640.1277701857
1131.21371692759,28640.1277701857
1131.31371692759,28640.1277701857
1131.41371692759,28640.1277701857
1131.51371692759,28640.1277701857
1131.61371692759,28640.1277701857
1131.71371692759,28640.1277701857
1131.81371692759,28640.1277701857
1131.91371692759,28640.1277701857
1132,28640.1277701857
1132.08628307241,28640.1277701857
1132.17256614482,28640.1277701857
1132.25884921723,28640.1277701857
1132.35884921723,28640.1277701857
1132.45884921723,28640.1277701857
1132.55884921723,28640.1277701857
1132.65884921723,28640.1277701857
1132.75884921723,28640.1277701857
1132.85884921723,28640.1277701857
1132.95884921723,28640.1277701857
1133,28640.1277701857
1133.04115078277,28640.1277701857
1133.08230156554,28640.1277701857
1133.12345234832,28640.1277701857
1133.22345234832,28640.1277701857
1133.32345234832,28640.1277701857
1133.42345234832,28640.1277701857
1133.52345234832,28640.1277701857
1133.62345234832,28640.1277701857
1133.72345234832,28640.1277701857
1133.82345234832,28640.1277701857
1133.92345234832,28640.1277701857
1134,28640.1277701857
1134.07654765168,28640.1277701857
1134.15309530337,28640.1277701857
1134.22964295505,28640.1277701857
1134.32964295505,28640.1277701857
1134.42964295505,28640.1277701857
1134.52964295505,28640.1277701857
1134.62964295505,28640.1277701857
1134.72964295505,28640.1277701857
1134.82964295505,28640.1277701857
1134.92964295505,28640.1277701857
1135,28640.1277701857
1135.07035704495,28640.1277701857
1135.14071408989,28640.1277701857
1135.21107113484,28640.1277701857
1135.31107113484,28640.1277701857
1135.41107113484,28640.1277701857
1135.51107113484,28640.1277701857
1135.61107113484,28640.1277701857
1135.71107113484,28640.1277701857
1135.81107113484,28640.1277701857
1135.91107113484,28640.1277701857
1136,28640.1277701857
1136.08892886516,28640.1277701857
1136.17785773032,28640.1277701857
1136.26678659548,28640.1277701857
1136.36678659548,28640.1277701857
1136.46678659548,28640.1277701857
1136.56678659548,28640.1277701857
1136.66678659548,28640.1277701857
1136.76678659548,28640.1277701857
1136.86678659548,28640.1277701857
1136.96678659548,28640.1277701857
1137,28640.1277701857
1137.03321340452,28640.1277701857
1137.06642680905,28640.1277701857
1137.09964021357,28640.1277701857
1137.19964021357,28640.1277701857
1137.29964021357,28640.1277701857
1137.39964021357,28640.1277701857
1137.49964021357,28640.1277701857
1137.59964021357,28640.1277701857
1137.69964021357,28640.1277701857
1137.79964021357,28640.1277701857
1137.89964021357,28640.1277701857
1137.99964021357,28640.1277701857
1138,28640.1277701857
1138.00035978643,28640.1277701857
1138.00071957286,28640.1277701857
1138.00107935928,28640.1277701857
1138.00467722356,28640.1277701857
1138.00827508784,28640.1277701857
1138.01187295212,28640.1277701857
1138.0154708164,28640.1277701857
1138.05144945919,28640.1277701857
1138.08742810198,28640.1277701857
1138.12340674477,28640.1277701857
1138.15938538756,28640.1277701857
1138.25938538756,28640.1277701857
1138.35938538756,28640.1277701857
1138.45938538756,28640.1277701857
1138.55938538756,28640.1277701857
1138.65938538756,28640.1277701857
1138.75938538756,28640.1277701857
1138.85938538756,28640.1277701857
1138.95938538756,28640.1277701857
1139,28640.1277701857
1139.04061461244,28640.1277701857
1139.08122922488,28640.1277701857
1139.12184383731,28640.1277701857
1139.22184383731,28640.1277701857
1139.32184383731,28640.1277701857
1139.42184383731,28640.1277701857
1139.52184383731,28640.1277701857
1139.62184383731,28640.1277701857
1139.72184383731,28640.1277701857
1139.82184383731,28640.1277701857
1139.92184383731,28640.1277701857
1140,28640.1277701857
1140.07815616269,28640.1277701857
1140.15631232537,28640.1277701857
1140.23446848806,28640.1277701857
1140.33446848806,28640.1277701857
1140.43446848806,28640.1277701857
1140.53446848806,28640.1277701857
1140.63446848806,28640.1277701857
1140.73446848806,28640.1277701857
1140.83446848806,28640.1277701857
1140.93446848806,28640.1277701857
1141,28640.1277701857
1141.06553151194,28640.1277701857
1141.13106302388,28640.1277701857
1141.19659453582,28640.1277701857
1141.29659453582,28640.1277701857
1141.39659453582,28640.1277701857
1141.49659453582,28640.1277701857
1141.59659453582,28640.1277701857
1141.69659453582,28640.1277701857
1141.79659453582,28640.1277701857
1141.89659453582,28640.1277701857
1141.99659453582,28640.1277701857
1142,28640.1277701857
1142.00010324967,-189831.864976194
1142.00020649935,-189829.639640889
1142.00030974902,-189827.414298297
1142.00041299869,-189825.188958568
1142.00061125152,-189820.91601663
1142.00080950435,-189816.643070931
1142.00100775718,-189812.370121553
1142.00120601001,-189808.097173781
1142.00159263087,-189799.764316238
1142.00170861712,-189797.264457896
1142.00182460338,-189794.764598707
1142.00194058964,-189792.264738861
1142.00205657589,-189789.764875348
1142.00221118521,-189786.432572505
1142.00236579453,-189783.100261777
1142.00252040385,-189779.767952142
1142.00267501317,-189776.435641341
1142.00309344115,-189767.417214124
1142.00351186912,-189758.398777827
1142.0039302971,-189749.380332989
1142.00434872508,-189740.36187961
1142.00502436042,-189725.799771862
1142.00569999577,-189711.237641099
1142.00637563111,-189696.675489105
1142.00705126645,-189682.113313815
1142.0082564923,-189656.136658273
1142.00946171815,-189630.159931652
1142.01066694399,-189604.183134214
1142.01187216984,-189578.206265972
1142.01404478325,-189531.37860451
1142.01621739667,-189484.550713258
1142.01839001008,-189437.722591743
1142.02056262349,-189390.894240502
1142.02368797768,-189323.53018077
1142.02681333188,-189256.165645568
1142.02993868607,-189188.800635111
1142.03306404027,-189121.435149569
1142.03618939447,-189054.069189112
1142.04227619056,-188922.868980135
1142.04836298666,-188791.666971722
1142.05444978276,-188660.463165135
1142.06053657886,-188529.257561632
1142.06662337496,-188398.05016247
1142.07821062751,-188148.269583891
1142.08979788006,-187898.482511207
1142.10138513261,-187648.688953012
1142.11297238516,-187398.888917985
1142.12455963771,-187149.08241489
1142.22455963771,-184992.941443969
1142.32455963771,-182836.324951692
1142.42455963771,-180679.238515711
1142.52455963771,-178521.687713715
1142.62455963771,-176363.678123367
1142.72455963771,-174205.215322353
1142.82455963771,-172046.304888338
1142.92455963771,-169886.952399008
1143,-168257.639910554
1143.00074008332,-119872.681875188
1143.00148016664,-119864.157830604
1143.00222024997,-119855.633773541
1143.00296033329,-119847.109702745
1143.00443199815,-119830.159442531
1143.005903663,-119813.209129926
1143.00737532786,-119796.258764899
1143.01030650247,-119762.49787779
1143.01323767707,-119728.736782152
1143.01616885168,-119694.975477871
1143.01910002628,-119661.213965111
1143.02534637507,-119589.267304696
1143.03159272385,-119517.31969799
1143.03783907263,-119445.371145481
1143.04408542142,-119373.421647744
1143.0503317702,-119301.471205353
1143.06140559718,-119173.911687005
1143.07247942416,-119046.34920465
1143.08355325113,-118918.783761392
1143.09462707811,-118791.21536051
1143.16276384709,-118006.2277216
1143.23090061607,-117221.128974664
1143.29903738505,-116435.919864085
1143.39903738505,-115283.320130568
1143.49903738505,-114130.486634948
1143.59903738505,-112977.421730305
1143.69903738505,-111824.127769729
1143.79903738505,-110670.607106293
1143.89903738505,-109516.862093082
1143.99903738505,-108362.895083178
1144,-108351.78575312
1144.00076697814,-152030.039740442
1144.00153395628,-152013.450087677
1144.00230093442,-151996.860411949
1144.00306791256,-151980.27071326
1144.00440168507,-151951.42122613
1144.00573545759,-151922.57166954
1144.0070692301,-151893.72204355
1144.00970514533,-151836.706742943
1144.01234106056,-151779.691171381
1144.01497697579,-151722.675329125
1144.01761289102,-151665.659216119
1144.02356807393,-151536.844752232
1144.02952325684,-151408.028908373
1144.03547843975,-151279.2116857
1144.04143362266,-151150.393085412
1144.04738880557,-151021.57310862
1144.05772198388,-150798.046939721
1144.06805516219,-150574.516636316
1144.0783883405,-150350.982204565
1144.08872151882,-150127.443650621
1144.09905469713,-149903.900980639
1144.1511295618,-148777.27769647
1144.20320442648,-147650.550819769
1144.25527929115,-146523.721138182
1144.30735415583,-145396.78943938
1144.40735415583,-143232.445539529
1144.50735415583,-141067.733923308
1144.60735415583,-138902.66016839
1144.70735415583,-136737.229852452
1144.80735415583,-134571.448553168
1144.90735415583,-132405.321848212
1145,-130398.192094842
1145.00064805434,-92937.9723078717
1145.00129610867,-92930.4756134778
1145.00194416301,-92922.9789113642
1145.00259221734,-92915.482200977
1145.00427784862,-92895.9827354866
1145.00596347989,-92876.4832164899
1145.00764911117,-92856.9836441167
1145.01094012382,-92818.9126851609
1145.01423113646,-92780.8415226561
1145.0175221491,-92742.7701566285
1145.02081316175,-92704.6985871622
1145.02762031463,-92625.9504493624
1145.03442746751,-92547.2014422829
1145.04123462039,-92468.4515666554
1145.04804177327,-92389.7008232748
1145.05484892616,-92310.9492128308
1145.06884771626,-92148.9951900231
1145.08284650637,-91987.037509971
1145.09684529648,-91825.076179127
1145.11084408659,-91663.1112039463
1145.21084408659,-90506.0131076147
1145.31084408659,-89348.731726082
1145.41084408659,-88191.2694124259
1145.51084408659,-87033.628519728
1145.61084408659,-85875.8114010736
1145.71084408659,-84717.8204095409
1145.81084408659,-83559.6578982129
1145.91084408659,-82401.3262201702
1146,-81368.4643002327
1146.00097145334,-114118.52653498
1146.00194290668,-114097.456029423
1146.00291436002,-114076.385496134
1146.00388581336,-114055.314935226
1146.00555544071,-114019.101103832
1146.00722506806,-113982.887190938
1146.00889469541,-113946.673196526
1146.01056432276,-113910.459120685
1146.01473540285,-113819.988390567
1146.01890648293,-113729.517152472
1146.02307756302,-113639.045406751
1146.02724864311,-113548.573153811
1146.03360991329,-113410.593900872
1146.03997118347,-113272.613470561
1146.04633245365,-113134.631864321
1146.05269372383,-112996.649083589
1146.0658574685,-112711.10960325
1146.07902121316,-112425.565112322
1146.09218495783,-112140.015623526
1146.17197541183,-110409.08553674
1146.25176586583,-108677.975127462
1146.33155631983,-106946.687229087
1146.43155631983,-104776.647686233
1146.53155631983,-102606.339386241
1146.63155631983,-100435.767906788
1146.73155631983,-98264.9388255472
1146.83155631983,-96093.8577201942
1146.93155631983,-93922.5301684042
1147,-92436.2544975166
1147.06844368017,-90949.8677791111
1147.13688736034,-89463.3718015418
1147.20533104051,-87976.7683531584
1147.30533104051,-85804.5690330219
1147.40533104051,-83632.1496920633
1147.50533104051,-81459.515907958
1147.60533104051,-79286.6732583805
1147.70533104051,-77113.6273210085
1147.80533104051,-74940.383673514
1147.90533104051,-72766.9478935735
1148,-70709.2068623822
1148.00212857919,-50397.5785359414
1148.00425715838,-50372.8418427347
1148.00638573758,-50348.1051033432
1148.00851431677,-50323.3683178354
1148.01064289596,-50298.6314862187
1148.01568600731,-50240.0238534695
1148.02072911865,-50181.4159623237
1148.02577223,-50122.8078130864
1148.03081534134,-50064.1994060594
1148.0386804184,-49972.7950730256
1148.04654549546,-49881.3901148605
1148.05441057252,-49789.9845327092
1148.06227564958,-49698.5783277165
1148.08156538838,-49474.3945734202
1148.10085512719,-49250.2070964154
1148.12014486599,-49026.0159135863
1148.22014486599,-47863.7268922475
1148.32014486599,-46701.3410842226
1148.42014486599,-45538.8608425938
1148.52014486599,-44376.2885204419
1148.62014486599,-43213.6264708498
1148.72014486599,-42050.877046898
1148.82014486599,-40888.0426016692
1148.92014486599,-39725.125488245
1149,-38796.4186797138
1149.00259094408,-54345.3693062618
1149.00518188816,-54289.0185474565
1149.00777283223,-54232.6676952284
1149.01036377631,-54176.3167497034
1149.01295472039,-54119.9657109496
1149.01656474556,-54041.450287916
1149.02017477073,-53962.9346843748
1149.02378479589,-53884.4189005618
1149.02739482106,-53805.9029367668
1149.03594308317,-53619.9824535686
1149.04449134527,-53434.0609660882
1149.05303960737,-53248.1384777978
1149.06158786948,-53062.2149921845
1149.08270742252,-52602.8634621071
1149.10382697557,-52143.5059181922
1149.12494652861,-51684.1424129779
1149.22494652861,-49509.0004490537
1149.32494652861,-47333.7315900368
1149.42494652861,-45158.3414136019
1149.52494652861,-42982.8354974243
1149.62494652861,-40807.2194191796
1149.72494652861,-38631.4987565424
1149.82494652861,-36455.6790871881
1149.92494652861,-34279.765988792
1150,-32646.6096581219
1150.00508364918,-23224.2623798455
1150.00914897166,-23176.9476752264
1150.01321429414,-23129.6328931843
1150.01727961662,-23082.3180338798
1150.0213449391,-23035.0030974657
1150.02541026158,-22987.6880841054
1150.0330601841,-22898.6528271253
1150.04071010661,-22809.617299288
1150.04836002912,-22720.5815016439
1150.05600995163,-22631.5454352494
1150.06365987414,-22542.5091011578
1150.08074543756,-22343.6517554548
1150.09783100097,-22144.7930914106
1150.11491656438,-21945.9331207593
1150.1320021278,-21747.0718552388
1150.14908769121,-21548.2093065835
1150.22233226817,-20695.6856540109
1150.29557684513,-19843.1395606271
1150.36882142209,-18990.5719510525
1150.44206599905,-18137.9837499075
1150.54206599905,-16973.9230611907
1150.64206599905,-15809.8280660953
1150.74206599905,-14645.7011177032
1150.84206599905,-13481.544569096
1150.94206599905,-12317.3607733556
1151,-11642.8909823692
1151.05793400095,-10968.4132936206
1151.11586800191,-10293.9281646588
1151.17380200286,-9619.43605303263
1151.27380200286,-8455.17871943879
1151.37380200286,-7290.90429781261
1151.47380200286,-6126.61514123584
1151.57380200286,-4962.31360279019
1151.67380200286,-3798.00203555737
1151.77380200286,-2633.6827926191
1151.87380200286,-1469.35822705712
1151.97380200286,-305.030691953127
1151.99999999999,-1.69432069562841e-07
1152,0
1152.02619799714,0
1152.05239599428,0
1152.07859399142,0
1152.15317152966,0
1152.22774906789,0
1152.30232660613,0
1152.40232660613,0
1152.50232660613,0
1152.60232660613,0
1152.70232660613,0
1152.80232660613,0
1152.90232660613,0
1153,0
1153.09767339387,0
1153.19534678775,0
1153.29534678775,0
1153.39534678774,0
1153.49534678774,0
1153.59534678774,0
1153.69534678774,0
1153.79534678774,0
1153.89534678774,0
1153.99534678774,0
1154,0
1154.00465321226,0
1154.00930642451,0
1154.05583854707,0
1154.10237066962,0
1154.14890279218,0
1154.24890279218,0
1154.34890279218,0
1154.44890279218,0
1154.54890279218,0
1154.64890279218,0
1154.74890279218,0
1154.84890279218,0
1154.94890279218,0
1155,0
1155.05109720782,0
1155.10219441565,0
1155.20219441565,0
1155.30219441565,0
1155.40219441565,0
1155.50219441565,0
1155.60219441565,0
1155.70219441564,0
1155.80219441564,0
1155.90219441564,0
1156,0
1156.09780558436,0
1156.19561116871,0
1156.29561116871,0
1156.39561116871,0
1156.49561116871,0
1156.59561116871,0
1156.69561116871,0
1156.79561116871,0
1156.89561116871,0
1156.99561116871,0
1157,0
1157.00438883129,0
1157.00877766258,0
1157.05266597548,0
1157.09655428839,0
1157.14044260129,0
1157.24044260129,0
1157.34044260129,0
1157.44044260129,0
1157.54044260129,0
1157.64044260129,0
1157.74044260129,0
1157.84044260129,0
1157.94044260129,0
1158,0
1158.05955739871,0
1158.11911479742,0
1158.21911479742,0
1158.31911479742,0
1158.41911479742,0
1158.51911479742,0
1158.61911479742,0
1158.71911479742,0
1158.81911479742,0
1158.91911479742,0
1159,0
1159.08088520258,0
1159.16177040515,0
1159.26177040515,0
1159.36177040515,0
1159.46177040515,0
1159.56177040515,0
1159.66177040515,0
1159.76177040515,0
1159.86177040515,0
1159.96177040515,0
1160,0
1160.03822959485,0
1160.0764591897,0
1160.17645918969,0
1160.27645918969,0
1160.37645918969,0
1160.47645918969,0
1160.57645918969,0
1160.67645918969,0
1160.77645918969,0
1160.87645918969,0
1160.97645918969,0
1161,0
1161.02354081031,0
1161.04708162061,0
1161.14708162061,0
1161.24708162061,0
1161.34708162061,0
1161.44708162061,0
1161.54708162061,0
1161.64708162061,0
1161.74708162061,0
1161.84708162061,0
1161.94708162061,0
1162,0
1162.05291837939,0
1162.10583675878,0
1162.20583675878,0
1162.30583675878,0
1162.40583675878,0
1162.50583675878,0
1162.60583675878,0
1162.70583675878,0
1162.80583675878,0
1162.90583675878,0
1163,0
1163.09416324122,0
1163.18832648244,0
1163.28832648244,0
1163.38832648244,0
1163.48832648244,0
1163.58832648244,0
1163.68832648244,0
1163.78832648244,0
1163.88832648244,0
1163.98832648244,0
1164,0
1164.01167351756,0
1164.02334703511,0
1164.12334703511,0
1164.22334703511,0
1164.32334703511,0
1164.42334703511,0
1164.52334703511,0
1164.62334703511,0
1164.72334703511,0
1164.82334703511,0
1164.92334703511,0
1165,0
1165.07665296489,0
1165.15330592978,0
1165.25330592978,0
1165.35330592978,0
1165.45330592978,0
1165.55330592978,0
1165.65330592978,0
1165.75330592978,0
1165.85330592978,0
1165.95330592978,0
1166,0
1166.04669407022,0
1166.09338814045,0
1166.19338814045,0
1166.29338814045,0
1166.39338814045,0
1166.49338814045,0
1166.59338814045,0
1166.69338814045,0
1166.79338814045,0
1166.89338814045,0
1166.99338814045,0
1167,0
1167.00661185955,0
1167.01322371911,0
1167.07934231464,0
1167.14546091018,0
1167.21157950572,0
1167.31157950572,0
1167.41157950572,0
1167.51157950572,0
1167.61157950572,0
1167.71157950572,0
1167.81157950572,0
1167.91157950572,0
1168,0
1168.08842049428,0
1168.17684098857,0
1168.27684098857,0
1168.37684098857,0
1168.47684098857,0
1168.57684098856,0
1168.67684098856,0
1168.77684098856,0
1168.87684098856,0
1168.97684098856,0
1169,0
1169.02315901144,0
1169.04631802287,0
1169.14631802287,0
1169.24631802287,0
1169.34631802287,0
1169.44631802287,0
1169.54631802287,0
1169.64631802287,0
1169.74631802287,0
1169.84631802287,0
1169.94631802287,0
1170,0
1170.05368197713,0
1170.10736395426,0
1170.20736395426,0
1170.30736395426,0
1170.40736395426,0
1170.50736395426,0
1170.60736395426,0
1170.70736395426,0
1170.80736395426,0
1170.90736395426,0
1171,0
1171.09263604574,0
1171.18527209148,0
1171.28527209148,0
1171.38527209148,0
1171.48527209148,0
1171.58527209148,0
1171.68527209148,0
1171.78527209148,0
1171.88527209148,0
1171.98527209148,0
1172,0
1172.01472790852,0
1172.02945581704,0
1172.12945581704,0
1172.22945581704,0
1172.32945581704,0
1172.42945581704,0
1172.52945581704,0
1172.62945581704,0
1172.72945581704,0
1172.82945581704,0
1172.92945581704,0
1173,0
1173.07054418296,0
1173.14108836592,0
1173.24108836592,0
1173.34108836592,0
1173.44108836592,0
1173.54108836592,0
1173.64108836592,0
1173.74108836592,0
1173.84108836592,0
1173.94108836592,0
1174,0
1174.05891163408,0
1174.11782326815,0
1174.21782326815,0
1174.31782326815,0
1174.41782326815,0
1174.51782326815,0
1174.61782326815,0
1174.71782326815,0
1174.81782326815,0
1174.91782326815,0
1175,0
1175.08217673185,0
1175.16435346369,0
1175.26435346369,0
1175.36435346369,0
1175.46435346369,0
1175.56435346369,0
1175.66435346369,0
1175.76435346369,0
1175.86435346369,0
1175.96435346369,0
1176,0
1176.00000000001,2.5968377729896e-07
1176.01856172689,331.240205605726
1176.03712345377,662.480427280395
1176.05568518065,993.720681612319
1176.09794424515,1747.84809865439
1176.14020330965,2501.97596229081
1176.18246237415,3256.10446520936
1176.28246237415,5040.64479961642
1176.38246237415,6825.19234601404
1176.48246237415,8609.74965765929
1176.58246237415,10394.3192878092
1176.68246237415,12178.903789721
1176.78246237415,13963.5057166515
1176.88246237415,15748.1276218581
1176.98246237415,17532.7720585976
1177,17845.7588356584
1177.01753762585,18158.7463980203
1177.03507525169,18471.7347594552
1177.05261287754,18784.7239337359
1177.07015050338,19097.7139346346
1177.17015050338,20882.4075536253
1177.27015050338,22667.1310495664
1177.37015050338,24451.8869757152
1177.47015050338,26236.6778853287
1177.57015050338,28021.5063316639
1177.67015050338,29806.3748679778
1177.77015050338,31591.2860475278
1177.87015050338,33376.2424235706
1177.97015050338,35161.2465493636
1178,35694.0709283918
1178.02984949662,36226.8998572861
1178.05969899324,36759.7334039513
1178.08954848985,37292.5716362933
1178.11939798647,37825.4146222175
1178.21939798647,39610.5488759915
1178.31939798647,41395.7397967016
1178.41939798647,43180.989937605
1178.51939798647,44966.3018519585
1178.61939798647,46751.6780930196
1178.71939798647,48537.1212140448
1178.81939798647,50322.6337682919
1178.91939798647,52108.2183090171
1179,53547.4895352762
1179.08060201353,54986.8105246533
1179.16120402706,56426.1826141499
1179.24180604059,57865.6071407695
1179.32240805412,59305.0854415145
1179.42240805412,61091.0708041882
1179.52240805412,62877.143549738
1179.62240805412,64663.3062314209
1179.72240805412,66449.5614024932
1179.82240805412,68235.9116162131
1179.92240805412,70022.3594258365
1180,71408.5679133862
1180.00252750893,51110.7095363511
1180.00505501786,51132.2539120535
1180.00758252678,51153.7983167905
1180.01011003571,51175.3427505743
1180.01263754464,51196.8872133784
1180.01750262875,51238.3572273808
1180.02236771287,51279.8273491303
1180.02723279699,51321.2975787171
1180.0320978811,51362.767916235
1180.04045263908,51433.9847443515
1180.04880739705,51505.2018914504
1180.05716215502,51576.4193579666
1180.065516913,51647.6371443411
1180.08889533778,51846.9216597285
1180.11227376255,52046.2086927323
1180.13565218733,52245.4982530203
1180.23565218733,53097.9777693367
1180.33565218733,53950.5044596476
1180.43565218733,54803.0790804734
1180.53565218733,55655.7023883347
1180.63565218733,56508.3751397521
1180.73565218733,57361.0980912459
1180.83565218733,58213.8719993378
1180.93565218733,59066.6976205472
1181,59615.4999505685
1181.00084232425,83336.5247744849
1181.00168464849,83351.5797625362
1181.00252697274,83366.6347589545
1181.00336929698,83381.6897638763
1181.00505485428,83411.8160422526
1181.00674041157,83441.9423545081
1181.00842596886,83472.0687006649
1181.01011152615,83502.1950807351
1181.01471799579,83584.5278187238
1181.01932446542,83666.8608103353
1181.02393093506,83749.1940558456
1181.0285374047,83831.5275554795
1181.03576087222,83960.636345333
1181.04298433974,84089.7457616628
1181.05020780726,84218.855805447
1181.05743127478,84347.9664776319
1181.07580924942,84676.4532002717
1181.09418722406,85004.9440126461
1181.11256519869,85333.4389306
1181.21256519869,87120.9496530102
1181.31256519869,88908.5849547518
1181.41256519869,90696.3473890829
1181.51256519869,92484.2395092611
1181.61256519869,94272.2638685423
1181.71256519869,96060.4230201865
1181.81256519869,97848.719517448
1181.91256519869,99637.1559135838
1182,101200.988363042
1182.08743480131,102764.9314216
1182.17486960262,104328.986795923
1182.26230440393,105893.156192673
1182.36230440393,107682.253332171
1182.46230440393,109471.504406798
1182.56230440393,111260.911969814
1182.66230440393,113050.478574475
1182.76230440393,114840.206774035
1182.86230440393,116630.099121757
1182.96230440393,118420.158170894
1183,119094.9753879
1183.03769559607,119769.816792047
1183.07539119215,120444.682520095
1183.11308678822,121119.572708808
1183.21308678822,122910.061046236
1183.31308678822,124700.725041457
1183.41308678822,126491.567247726
1183.51308678822,128282.590218302
1183.61308678822,130073.796506439
1183.71308678822,131865.188665398
1183.81308678822,133656.769248434
1183.91308678822,135448.540808802
1184,137005.984126594
1184.08691321178,138563.575311881
1184.17382642356,140121.316040969
1184.26073963533,141679.207990153
1184.36073963533,143471.865763614
1184.46073963533,145264.728497393
1184.56073963533,147057.798744747
1184.66073963533,148851.079058937
1184.76073963533,150644.571993217
1184.86073963533,152438.280100842
1184.96073963533,154232.205935076
1185,154936.567836198
1185.03926036467,155640.963845245
1185.07852072934,156345.394116724
1185.117781094,157049.858805155
1185.217781094,158844.356003216
1185.317781094,160639.080044069
1185.417781094,162434.033480968
1185.517781094,164229.218867176
1185.617781094,166024.638755944
1185.717781094,167820.295700531
1185.817781094,169616.192254196
1185.917781094,171412.330970194
1186,172889.279773787
1186.00031609471,74679.6556412511
1186.00063218942,74680.4780069134
1186.00094828413,74681.3003718561
1186.00126437884,74682.1227390602
1186.0022394163,74684.6594419588
1186.00321445376,74687.1961475817
1186.00418949122,74689.7328554898
1186.00637026989,74695.4064925226
1186.00855104855,74701.0801423567
1186.01073182722,74706.7538052369
1186.01291260589,74712.4274811642
1186.01639288427,74721.4820591881
1186.01987316264,74730.5366704517
1186.02335344102,74739.5913149548
1186.0268337194,74748.6459927014
1186.03031399778,74757.7007036954
1186.03655383839,74773.9351070949
1186.042793679,74790.1696173913
1186.04903351961,74806.4042345715
1186.05527336021,74822.6389588095
1186.06151320082,74838.8737899772
1186.07382893279,74870.9172028085
1186.08614466476,74902.9610327115
1186.09846039673,74935.0052797568
1186.1107761287,74967.0499442232
1186.12309186067,74999.0950262108
1186.217731332,75245.3574041876
1186.31237080334,75491.6445291376
1186.40701027468,75737.9564812072
1186.50164974601,75984.2933405546
1186.60164974601,76244.6102596217
1186.70164974601,76504.9551715065
1186.80164974601,76765.3281707857
1186.90164974601,77025.7293520147
1187,77281.8621552541
1187.00018678438,24407.0602867642
1187.00037356876,24407.0602867642
1187.00056035314,24407.0602867642
1187.00201075914,24407.0602867642
1187.00346116513,24407.0602867642
1187.00491157112,24407.0602867642
1187.0079192552,24407.0602867642
1187.01092693928,24407.0602867642
1187.01393462336,24407.0602867642
1187.01694230745,24407.0602867642
1187.0212682455,24407.0602867642
1187.02559418356,24407.0602867642
1187.02992012162,24407.0602867642
1187.03424605968,24407.0602867642
1187.0407667592,24407.0602867642
1187.04728745873,24407.0602867642
1187.05380815825,24407.0602867642
1187.06032885777,24407.0602867642
1187.07230267733,24407.0602867642
1187.08427649688,24407.0602867642
1187.09625031643,24407.0602867642
1187.10822413598,24407.0602867642
1187.20822413598,24407.0602867642
1187.30822413598,24407.0602867642
1187.40822413598,24407.0602867642
1187.50822413598,24407.0602867642
1187.60822413598,24407.0602867642
1187.70822413598,24407.0602867642
1187.80822413598,24407.0602867642
1187.90822413598,24407.0602867642
1188,24407.0602867642
1188.09177586402,24407.0602867642
1188.18355172804,24407.0602867642
1188.27532759205,24407.0602867642
1188.37532759205,24407.0602867642
1188.47532759205,24407.0602867642
1188.57532759205,24407.0602867642
1188.67532759205,24407.0602867642
1188.77532759205,24407.0602867642
1188.87532759205,24407.0602867642
1188.97532759205,24407.0602867642
1189,24407.0602867642
1189.02467240795,24407.0602867642
1189.04934481589,24407.0602867642
1189.07401722384,24407.0602867642
1189.17401722384,24407.0602867642
1189.27401722384,24407.0602867642
1189.37401722384,24407.0602867642
1189.47401722384,24407.0602867642
1189.57401722384,24407.0602867642
1189.67401722384,24407.0602867642
1189.77401722384,24407.0602867642
1189.87401722384,24407.0602867642
1189.97401722384,24407.0602867642
1190,24407.0602867642
1190.02598277616,24407.0602867642
1190.05196555232,24407.0602867642
1190.07794832848,24407.0602867642
1190.17794832848,24407.0602867642
1190.27794832848,24407.0602867642
1190.37794832848,24407.0602867642
1190.47794832848,24407.0602867642
1190.57794832848,24407.0602867642
1190.67794832848,24407.0602867642
1190.77794832848,24407.0602867642
1190.87794832848,24407.0602867642
1190.97794832848,24407.0602867642
1191,24407.0602867642
1191.02205167152,24407.0602867642
1191.04410334305,24407.0602867642
1191.06615501457,24407.0602867642
1191.16615501457,24407.0602867642
1191.26615501457,24407.0602867642
1191.36615501457,24407.0602867642
1191.46615501457,24407.0602867642
1191.56615501457,24407.0602867642
1191.66615501457,24407.0602867642
1191.76615501457,24407.0602867642
1191.86615501457,24407.0602867642
1191.96615501457,24407.0602867642
1192,24407.0602867642
1192.03384498543,24407.0602867642
1192.06768997086,24407.0602867642
1192.10153495629,24407.0602867642
1192.20153495629,24407.0602867642
1192.30153495629,24407.0602867642
1192.40153495629,24407.0602867642
1192.50153495629,24407.0602867642
1192.60153495629,24407.0602867642
1192.70153495629,24407.0602867642
1192.80153495629,24407.0602867642
1192.90153495629,24407.0602867642
1193,24407.0602867642
1193.09846504371,24407.0602867642
1193.19693008742,24407.0602867642
1193.29539513114,24407.0602867642
1193.39539513114,24407.0602867642
1193.49539513114,24407.0602867642
1193.59539513114,24407.0602867642
1193.69539513114,24407.0602867642
1193.79539513114,24407.0602867642
1193.89539513114,24407.0602867642
1193.99539513114,24407.0602867642
1194,24407.0602867642
1194.00460486886,24407.0602867642
1194.00920973773,24407.0602867642
1194.01381460659,24407.0602867642
1194.05986329524,24407.0602867642
1194.10591198389,24407.0602867642
1194.15196067254,24407.0602867642
1194.19800936119,24407.0602867642
1194.29800936119,24407.0602867642
1194.39800936119,24407.0602867642
1194.49800936119,24407.0602867642
1194.59800936119,24407.0602867642
1194.69800936119,24407.0602867642
1194.79800936119,24407.0602867642
1194.89800936119,24407.0602867642
1194.99800936119,24407.0602867642
1195,24407.0602867642
1195.00199063881,24407.0602867642
1195.00398127763,24407.0602867642
1195.00597191644,24407.0602867642
1195.02587830458,24407.0602867642
1195.04578469271,24407.0602867642
1195.06569108085,24407.0602867642
1195.08559746898,24407.0602867642
1195.18559746898,24407.0602867642
1195.28559746898,24407.0602867642
1195.38559746898,24407.0602867642
1195.48559746898,24407.0602867642
1195.58559746898,24407.0602867642
1195.68559746898,24407.0602867642
1195.78559746898,24407.0602867642
1195.88559746898,24407.0602867642
1195.98559746898,24407.0602867642
1196,24407.0602867642
1196.01440253102,24407.0602867642
1196.02880506203,24407.0602867642
1196.04320759305,24407.0602867642
1196.14320759305,24407.0602867642
1196.24320759305,24407.0602867642
1196.34320759305,24407.0602867642
1196.44320759305,24407.0602867642
1196.54320759305,24407.0602867642
1196.64320759305,24407.0602867642
1196.74320759305,24407.0602867642
1196.84320759305,24407.0602867642
1196.94320759305,24407.0602867642
1197,24407.0602867642
1197.05679240695,24407.0602867642
1197.1135848139,24407.0602867642
1197.17037722086,24407.0602867642
1197.27037722086,24407.0602867642
1197.37037722086,24407.0602867642
1197.47037722086,24407.0602867642
1197.57037722086,24407.0602867642
1197.67037722086,24407.0602867642
1197.77037722086,24407.0602867642
1197.87037722086,24407.0602867642
1197.97037722086,24407.0602867642
1198,24407.0602867642
1198.02962277914,24407.0602867642
1198.05924555829,24407.0602867642
1198.08886833743,24407.0602867642
1198.18886833743,24407.0602867642
1198.28886833743,24407.0602867642
1198.38886833743,24407.0602867642
1198.48886833743,24407.0602867642
1198.58886833743,24407.0602867642
1198.68886833743,24407.0602867642
1198.78886833743,24407.0602867642
1198.88886833743,24407.0602867642
1198.98886833743,24407.0602867642
1199,24407.0602867642
1199.01113166257,24407.0602867642
1199.02226332514,24407.0602867642
1199.0333949877,24407.0602867642
1199.1333949877,24407.0602867642
1199.2333949877,24407.0602867642
1199.3333949877,24407.0602867642
1199.4333949877,24407.0602867642
1199.5333949877,24407.0602867642
1199.6333949877,24407.0602867642
1199.7333949877,24407.0602867642
1199.8333949877,24407.0602867642
1199.9333949877,24407.0602867642
1200,24407.0602867642
1200.0666050123,24407.0602867642
1200.13321002459,24407.0602867642
1200.19981503689,24407.0602867642
1200.29981503689,24407.0602867642
1200.39981503689,24407.0602867642
1200.49981503689,24407.0602867642
1200.59981503689,24407.0602867642
1200.69981503689,24407.0602867642
1200.79981503689,24407.0602867642
1200.89981503689,24407.0602867642
1200.99981503689,24407.0602867642
1201,24407.0602867642
1201.00018496311,-162852.558229741
1201.00036992622,-162848.561245629
1201.00055488932,-162844.564258466
1201.00077275912,-162839.856167005
1201.00099062891,-162835.148075591
1201.00120849871,-162830.439979443
1201.0014263685,-162825.731882684
1201.00181011134,-162817.439318013
1201.0019252342,-162814.951544982
1201.00204035705,-162812.463776243
1201.0021554799,-162809.976004349
1201.00227060276,-162807.488231901
1201.00256488078,-162801.128962724
1201.0028591588,-162794.769692419
1201.00315343682,-162788.410417476
1201.00344771484,-162782.051138911
1201.00399264363,-162770.275346742
1201.00453757241,-162758.499541694
1201.0050825012,-162746.72372533
1201.00562742999,-162734.947896004
1201.00655238712,-162714.959682743
1201.00747734424,-162694.97143426
1201.00840230137,-162674.983149376
1201.00932725849,-162654.994829065
1201.0109777876,-162619.326812162
1201.0126283167,-162583.658681328
1201.0142788458,-162547.990436723
1201.0159293749,-162512.322078373
1201.01881415664,-162449.980930133
1201.02169893837,-162387.639434849
1201.0245837201,-162325.297592339
1201.02746850183,-162262.955402841
1201.03148940124,-162176.060321782
1201.03551030066,-162089.164567262
1201.03953120007,-162002.268139611
1201.04355209948,-161915.371039191
1201.04757299889,-161828.473266365
1201.05563831402,-161654.16747203
1201.06370362914,-161479.858976748
1201.07176894426,-161305.547783327
1201.07983425938,-161131.233894839
1201.0878995745,-160956.917314065
1201.11197373748,-160436.583686136
1201.13604790046,-159916.226175459
1201.16012206344,-159395.84485987
1201.18419622642,-158875.439817206
1201.28419622642,-156713.513047695
1201.38419622642,-154551.1838041
1201.48419622642,-152388.457664083
1201.58419622642,-150225.340205319
1201.68419622642,-148061.837005484
1201.78419622642,-145897.953642252
1201.88419622642,-143733.6956933
1201.98419622642,-141569.068736303
1202,-141226.942593643
1202.00077908107,-100644.157015568
1202.00155816213,-100635.154784103
1202.0023372432,-100626.152539929
1202.00311632427,-100617.150283547
1202.00471978421,-100598.622317185
1202.00632324415,-100580.09429838
1202.00792670409,-100561.56622718
1202.01109668261,-100524.936790181
1202.01426666114,-100488.307148455
1202.01743663966,-100451.67730222
1202.02060661818,-100415.047251429
1202.02715533505,-100339.374220214
1202.03370405192,-100263.700317175
1202.04025276879,-100188.025542953
1202.04680148566,-100112.349898208
1202.05335020253,-100036.673383603
1202.06581882939,-99892.5844003027
1202.07828745626,-99748.4922705892
1202.09075608312,-99604.3969990255
1202.10322470999,-99460.2985901729
1202.20322470999,-98304.4977864474
1202.30322470999,-97148.4978310156
1202.40322470999,-95992.3010769586
1202.50322470999,-94835.9098773619
1202.60322470999,-93679.3265853036
1202.70322470999,-92522.5535538665
1202.80322470999,-91365.5931361312
1202.90322470999,-90208.447685183
1203,-89088.4428563231
1203.00098269854,-124959.336516839
1203.00196539708,-124938.037175154
1203.00294809562,-124916.737802508
1203.00393079416,-124895.438398907
1203.00556353371,-124860.049676523
1203.00719627326,-124824.660868621
1203.00882901281,-124789.271975468
1203.01046175236,-124753.882996808
1203.01449834362,-124666.391124703
1203.01853493488,-124578.898731262
1203.02257152615,-124491.405816984
1203.02660811741,-124403.912382124
1203.03270054946,-124271.857450994
1203.0387929815,-124139.801336219
1203.04488541354,-124007.744039011
1203.05097784559,-123875.685560688
1203.06318598425,-123611.060558821
1203.07539412291,-123346.430829561
1203.08760226157,-123081.796383062
1203.09981040024,-122817.157229474
1203.1753016255,-121180.609403295
1203.25079285077,-119543.884375554
1203.32628407604,-117906.984545872
1203.42628407604,-115738.388248497
1203.52628407604,-113569.495011538
1203.62628407604,-111400.310412673
1203.72628407604,-109230.840029575
1203.82628407604,-107061.089439921
1203.92628407604,-104891.064221385
1204,-103291.23749995
1204.00114949625,-73627.8353727357
1204.0022989925,-73614.5056803399
1204.00344848874,-73601.1759682594
1204.00459798499,-73587.8462364979
1204.00654023823,-73565.32353052
1204.00848249147,-73542.8007682764
1204.0104247447,-73520.2779499382
1204.01236699794,-73497.7550754738
1204.01767504537,-73436.2012886666
1204.02298309281,-73374.6470831332
1204.02829114024,-73313.0924592125
1204.03359918767,-73251.5374173097
1204.0389072351,-73189.9819577234
1204.04853106405,-73078.376914815
1204.058154893,-72966.7705021956
1204.06777872194,-72855.1627219867
1204.07740255089,-72743.5535762856
1204.08702637984,-72631.9430671604
1204.12494984029,-72192.1197817277
1204.16287330075,-71752.2754860251
1204.20079676121,-71312.4103084029
1204.23872022166,-70872.5243771982
1204.33872022166,-69712.4949272258
1204.43872022166,-68552.324419107
1204.53872022166,-67392.0152059245
1204.63872022166,-66231.5696407593
1204.73872022166,-65070.9900766956
1204.83872022166,-63910.2788668126
1204.93872022166,-62749.4383641921
1205,-62038.0149988108
1205.00104047794,-86983.8959201807
1205.00208095588,-86961.2947504518
1205.00312143382,-86938.6935565821
1205.00416191176,-86916.0923385778
1205.00607950966,-86874.4382945763
1205.00799710756,-86832.7841687454
1205.00991470546,-86791.1299609964
1205.01183230335,-86749.4756714103
1205.01653672335,-86647.2853543304
1205.02124114335,-86545.0945455025
1205.02594556334,-86442.9032455598
1205.03064998334,-86340.7114550322
1205.03817604799,-86177.2254534292
1205.04570211265,-86013.7382001792
1205.0532281773,-85850.249697653
1205.06075424196,-85686.7599482282
1205.08157321791,-85234.4999619368
1205.10239219386,-84782.2305027244
1205.12321116981,-84329.9516209341
1205.22321116981,-82157.3861076391
1205.32321116981,-79984.6099373312
1205.42321116981,-77811.6286876849
1205.52321116981,-75638.4479363755
1205.62321116981,-73465.0732610781
1205.72321116981,-71291.5102394679
1205.82321116981,-69117.7644492202
1205.92321116981,-66943.8414680097
1206,-65274.3946624795
1206.07678883019,-63604.849190254
1206.15357766039,-61935.2075768346
1206.23036649058,-60265.472347721
1206.33036649058,-58090.8855110621
1206.43036649058,-55916.1497709177
1206.53036649058,-53741.2707049624
1206.63036649058,-51566.2538908715
1206.73036649058,-49391.1049063203
1206.83036649058,-47215.829328984
1206.93036649058,-45040.4327365377
1207,-43525.5592336352
1207.00468865912,-30986.7659731383
1207.00849970638,-30942.4245984685
1207.01231075364,-30898.0831329521
1207.01612180089,-30853.7415767144
1207.01993284815,-30809.399929901
1207.02374389541,-30765.0581926268
1207.03070628414,-30684.0501966994
1207.03766867288,-30603.0419001018
1207.04463106161,-30522.0333036295
1207.05159345035,-30441.0244080684
1207.05855583908,-30360.0152142209
1207.07583076462,-30159.0157040193
1207.09310569017,-29958.0143744965
1207.11038061571,-29757.0112377835
1207.12765554126,-29556.0063060123
1207.1449304668,-29354.9995913101
1207.22542096618,-28418.4091118792
1207.30591146556,-27481.7814157579
1207.38640196494,-26545.1177300212
1207.46689246432,-25608.419281743
1207.56689246432,-24444.6348053084
1207.66689246432,-23280.8009194708
1207.76689246432,-22116.919977312
1207.86689246432,-20952.9943319136
1207.96689246432,-19789.0263363576
1208,-19403.6562882842
1208.00179614682,-27167.2189235176
1208.00359229364,-27128.1308903745
1208.00538844046,-27089.0428347962
1208.00718458728,-27049.9547568253
1208.01105180817,-26965.7955074521
1208.01491902906,-26881.6361547272
1208.01878624995,-26797.4766989797
1208.02265347084,-26713.3171405256
1208.02955606142,-26563.1007514173
1208.036458652,-26412.8840379721
1208.04336124257,-26262.6670020252
1208.05026383315,-26112.4496454101
1208.06466774213,-25798.9841166785
1208.07907165111,-25485.5172162614
1208.09347556009,-25172.0489608292
1208.10787946906,-24858.5793670498
1208.20787946906,-22682.2624250211
1208.30787946906,-20505.8873568943
1208.40787946906,-18329.4597403442
1208.50787946906,-16152.9851530462
1208.60787946906,-13976.4691726755
1208.70787946906,-11799.9173769073
1208.80787946906,-9623.33534341671
1208.90787946906,-7446.72864987896
1209,-5441.60999154019
1209.00330160767,-757.510412873067
1209.00660321534,-755.001220810934
1209.00990482301,-752.492027805262
1209.01320643068,-749.98283385881
1209.01650803835,-747.47363897509
1209.02081593509,-744.199671204666
1209.02512383183,-740.925701850741
1209.02943172857,-737.65173092003
1209.03373962532,-734.377758419571
1209.04336536266,-727.062257247873
1209.05299110001,-719.746748351375
1209.06261683736,-712.431231807802
1209.07224257471,-705.115707694883
1209.10373063114,-681.18485153931
1209.13521868757,-657.253917936935
1209.166706744,-633.322909608642
1209.266706744,-557.322173894477
1209.366706744,-481.320799106624
1209.466706744,-405.318872396259
1209.566706744,-329.316480914555
1209.666706744,-253.313711812688
1209.766706744,-177.310652241834
1209.866706744,-101.307389353165
1209.966706744,-25.3040102978585
1209.99999999999,-1.10599522185512e-08
1210,0
1210.033293256,0
1210.06658651201,0
1210.09987976801,0
1210.19975953602,0
1210.29963930403,0
1210.39951907204,0
1210.49951907204,0
1210.59951907204,0
1210.69951907203,0
1210.79951907203,0
1210.89951907203,0
1210.99951907203,0
1211,0
1211.00048092797,0
1211.00096185593,0
1211.00577113558,0
1211.01058041524,0
1211.01538969489,0
1211.06348249142,0
1211.11157528796,0
1211.15966808449,0
1211.25966808449,0
1211.35966808449,0
1211.45966808449,0
1211.55966808449,0
1211.65966808449,0
1211.75966808449,0
1211.85966808449,0
1211.95966808449,0
1212,0
1212.04033191551,0
1212.08066383102,0
1212.18066383102,0
1212.28066383102,0
1212.38066383102,0
1212.48066383102,0
1212.58066383102,0
1212.68066383102,0
1212.78066383102,0
1212.88066383102,0
1212.98066383102,0
1213,0
1213.01933616898,0
1213.03867233795,0
1213.13867233795,0
1213.23867233795,0
1213.33867233795,0
1213.43867233795,0
1213.53867233795,0
1213.63867233795,0
1213.73867233795,0
1213.83867233795,0
1213.93867233795,0
1214,0
1214.06132766205,0
1214.12265532409,0
1214.22265532409,0
1214.32265532409,0
1214.42265532409,0
1214.52265532409,0
1214.62265532409,0
1214.72265532409,0
1214.82265532409,0
1214.92265532409,0
1215,0
1215.07734467591,0
1215.15468935181,0
1215.25468935181,0
1215.35468935181,0
1215.45468935181,0
1215.55468935181,0
1215.65468935181,0
1215.75468935181,0
1215.85468935181,0
1215.95468935181,0
1216,0
1216.04531064819,0
1216.09062129638,0
1216.19062129638,0
1216.29062129638,0
1216.39062129638,0
1216.49062129638,0
1216.59062129638,0
1216.69062129638,0
1216.79062129638,0
1216.89062129638,0
1216.99062129638,0
1217,0
1217.00937870362,0
1217.01875740725,0
1217.11254444347,0
1217.2063314797,0
1217.30011851592,0
1217.40011851592,0
1217.50011851592,0
1217.60011851592,0
1217.70011851592,0
1217.80011851592,0
1217.90011851592,0
1218,0
1218.09988148408,0
1218.19976296816,0
1218.29976296816,0
1218.39976296816,0
1218.49976296816,0
1218.59976296816,0
1218.69976296816,0
1218.79976296815,0
1218.89976296815,0
1218.99976296815,0
1219,0
1219.00023703185,0
1219.00047406369,0
1219.00284438214,0
1219.0052147006,0
1219.00758501905,0
1219.03128820357,0
1219.0549913881,0
1219.07869457262,0
1219.17869457262,0
1219.27869457262,0
1219.37869457262,0
1219.47869457262,0
1219.57869457262,0
1219.67869457262,0
1219.77869457262,0
1219.87869457262,0
1219.97869457262,0
1220,0
1220.02130542738,0
1220.04261085476,0
1220.14261085476,0
1220.24261085476,0
1220.34261085476,0
1220.44261085476,0
1220.54261085476,0
1220.64261085476,0
1220.74261085476,0
1220.84261085476,0
1220.94261085476,0
1221,0
1221.05738914524,0
1221.11477829048,0
1221.21477829048,0
1221.31477829048,0
1221.41477829048,0
1221.51477829048,0
1221.61477829048,0
1221.71477829048,0
1221.81477829048,0
1221.91477829048,0
1222,0
1222.08522170952,0
1222.17044341903,0
1222.27044341903,0
1222.37044341903,0
1222.47044341903,0
1222.57044341903,0
1222.67044341903,0
1222.77044341903,0
1222.87044341903,0
1222.97044341903,0
1223,0
1223.02955658097,0
1223.05911316193,0
1223.15911316193,0
1223.25911316193,0
1223.35911316193,0
1223.45911316193,0
1223.55911316193,0
1223.65911316193,0
1223.75911316193,0
1223.85911316193,0
1223.95911316193,0
1224,0
1224.04088683807,0
1224.08177367614,0
1224.18177367614,0
1224.28177367614,0
1224.38177367614,0
1224.48177367614,0
1224.58177367614,0
1224.68177367613,0
1224.78177367613,0
1224.88177367613,0
1224.98177367613,0
1225,0
1225.01822632387,0
1225.03645264773,0
1225.13645264773,0
1225.23645264773,0
1225.33645264773,0
1225.43645264773,0
1225.53645264773,0
1225.63645264773,0
1225.73645264773,0
1225.83645264773,0
1225.93645264773,0
1226,0
1226.06354735227,0
1226.12709470454,0
1226.22709470454,0
1226.32709470454,0
1226.42709470454,0
1226.52709470454,0
1226.62709470454,0
1226.72709470454,0
1226.82709470454,0
1226.92709470454,0
1227,0
1227.07290529546,0
1227.14581059092,0
1227.24581059092,0
1227.34581059092,0
1227.44581059092,0
1227.54581059092,0
1227.64581059092,0
1227.74581059092,0
1227.84581059092,0
1227.94581059092,0
1228,0
1228.05418940908,0
1228.10837881816,0
1228.20837881816,0
1228.30837881816,0
1228.40837881816,0
1228.50837881816,0
1228.60837881816,0
1228.70837881816,0
1228.80837881816,0
1228.90837881816,0
1229,0
1229.00000000001,2.5968377729896e-07
1229.01252148423,223.450060270522
1229.02504296845,446.900125293948
1229.03756445267,670.35020034255
1229.05008593688,893.800290428913
1229.09925424677,1771.22553049152
1229.14842255666,2648.65138320662
1229.19759086655,3526.0781520684
1229.29759086655,5310.61941362462
1229.39759086655,7095.1682734407
1229.49759086655,8879.7272847737
1229.59759086655,10664.2990008807
1229.69759086655,12448.8859750188
1229.79759086655,14233.4907604451
1229.89759086655,16018.1159104165
1229.99759086655,17802.7639781903
1230,17845.7588356581
1230.00240913345,17888.7537079459
1230.00481826689,17931.7485950866
1230.00722740034,17974.7434971193
1230.00963653379,18017.7384140764
1230.03372786825,18447.6884124405
1230.05781920272,18877.6399426763
1230.08191053719,19307.5930404849
1230.10600187165,19737.5477415669
1230.20600187165,21522.2517782521
1230.30600187165,23306.9866072653
1230.40600187165,25091.7547818637
1230.50600187165,26876.5588553044
1230.60600187165,28661.4013808445
1230.70600187165,30446.2849117409
1230.80600187165,32231.2120012509
1230.90600187165,34016.1852026313
1231,35694.0709283921
1231.09399812835,37372.001773515
1231.18799625669,39049.9798585679
1231.28199438504,40728.0073041186
1231.37599251339,42406.086230735
1231.47599251339,44191.3710184249
1231.57599251339,45976.7190245687
1231.67599251339,47762.1328024238
1231.77599251339,49547.6149052472
1231.87599251338,51333.1678862955
1231.97599251338,53118.7942988265
1232,53547.4895352756
1232.02400748662,53976.1891865077
1232.04801497323,54404.8932878494
1232.07202245985,54833.6018746298
1232.17202245985,56619.3796432262
1232.27202245985,58405.2384017093
1232.37202245985,60191.1807033379
1232.47202245984,61977.209101368
1232.57202245984,63763.3261490575
1232.67202245984,65549.5343996635
1232.77202245984,67335.8364064421
1232.87202245984,69122.2347226517
1232.97202245984,70908.7319015481
1233,71408.5679133859
1233.00154024127,51102.2941178556
1233.00308048255,51115.4230568408
1233.00462072382,51128.5520065998
1233.00616096509,51141.6809671355
1233.00888326613,51164.8857884324
1233.01160556717,51188.0906434423
1233.01432786821,51211.2955321325
1233.01705016925,51234.5004545659
1233.02308595328,51285.9496608469
1233.0291217373,51337.3990331344
1233.03515752133,51388.8485715934
1233.04119330536,51440.298276374
1233.04722908939,51491.748147664
1233.05991331757,51599.8708345712
1233.07259754575,51707.9942590732
1233.08528177393,51816.1184227094
1233.09796600211,51924.2433270264
1233.11065023029,52032.3689735603
1233.1900808078,52709.4852885278
1233.2695113853,53386.6311490744
1233.3489419628,54063.8069343284
1233.4283725403,54741.0130234146
1233.5283725403,55593.6327615004
1233.6283725403,56446.30188807
1233.7283725403,57299.0211596442
1233.8283725403,58151.7913327438
1233.9283725403,59004.6131638893
1234,59615.4999505684
1234.00091334598,83337.7941562315
1234.00182669195,83354.1185274618
1234.00274003793,83370.4429086357
1234.0036533839,83386.7672997551
1234.00543534094,83418.6165556738
1234.00721729797,83450.4658494698
1234.008999255,83482.3151811594
1234.01078121204,83514.1645507572
1234.01546135096,83597.8140402244
1234.02014148988,83681.4637915334
1234.0248216288,83765.1138049721
1234.02950176772,83848.7640807778
1234.03691686017,83981.2979769782
1234.04433195262,84113.832533507
1234.05174704507,84246.367751405
1234.05916213753,84378.9036316979
1234.07909164506,84735.1229562978
1234.09902115259,85091.347093642
1234.11895066011,85447.576063949
1234.21895066011,87235.0946650097
1234.31895066011,89022.7380084406
1234.41895066011,90810.5086474982
1234.51895066011,92598.4091354391
1234.61895066011,94386.4420255231
1234.71895066011,96174.6098710045
1234.81895066011,97962.9152251405
1234.91895066011,99751.3606411908
1235,101200.988363042
1235.08104933989,102650.71112812
1235.16209867977,104100.530295813
1235.24314801966,105550.447225505
1235.34314801966,107339.515168002
1235.44314801966,109128.736556518
1235.54314801966,110918.113944308
1235.64314801966,112707.649884632
1235.74314801966,114497.346930746
1235.84314801966,116287.207635906
1235.94314801966,118077.234553372
1236,119094.975387901
1236.05685198034,120112.77123912
1236.11370396068,121130.622576207
1236.17055594102,122148.529868327
1236.27055594102,123939.118842764
1236.37055594102,125729.88494233
1236.47055594102,127520.830720279
1236.57055594102,129311.95872987
1236.67055594102,131103.271524357
1236.77055594102,132894.771657003
1236.87055594102,134686.461681059
1236.97055594102,136478.344149784
1237,137005.984126596
1237.02944405898,137533.641073972
1237.05888811795,138061.315057105
1237.15888811795,139853.566893441
1237.25888811795,141646.018536312
1237.35888811795,143438.67253897
1237.45888811795,145231.531454674
1237.55888811795,147024.597836679
1237.65888811795,148817.874238245
1237.75888811795,150611.363212628
1237.85888811795,152405.067313082
1237.95888811795,154198.98909287
1238,154936.567836198
1238.04111188205,155674.183980366
1238.08222376409,156411.837702791
1238.12333564614,157149.529180888
1238.22333564614,158944.038912082
1238.32333564614,160738.775627885
1238.42333564614,162533.741881558
1238.52333564614,164328.94022636
1238.62333564614,166124.373215545
1238.72333564614,167920.043402372
1238.82333564614,169715.953340096
1238.92333564614,171512.105581978
1239,172889.279773788
1239.07666435386,174266.599029127
1239.15332870772,175644.064498474
1239.25332870772,177441.03444194
1239.35332870772,179238.257668391
1239.45332870772,181035.73673108
1239.55332870772,182833.474183273
1239.65332870772,184631.472578218
1239.75332870772,186429.734469175
1239.85332870772,188228.262409401
1239.95332870772,190027.058952153
1240,190866.673196436
1240.04667129228,191706.346763697
1240.09334258456,192546.079913503
1240.14001387684,193385.872905396
1240.24001387684,195185.453644066
1240.34001387684,196985.312858326
1240.44001387684,198785.453101432
1240.54001387684,200585.876926653
1240.64001387684,202386.586887233
1240.74001387684,204187.585536435
1240.84001387684,205988.875427514
1240.94001387684,207790.459113729
1241,208871.301361223
1241.00055369637,149611.153027814
1241.00110739274,149615.929310247
1241.00166108911,149620.705595369
1241.00221478547,149625.481885235
1241.00358110583,149637.26804133
1241.00494742619,149649.05422192
1241.00631374655,149660.840426955
1241.00902328682,149684.213641043
1241.0117328271,149707.586951934
1241.01444236737,149730.960360227
1241.01715190764,149754.333865937
1241.02350091078,149809.103117418
1241.02984991392,149863.872903458
1241.03619891705,149918.643223955
1241.04254792019,149973.414079342
1241.04889692333,150028.185469573
1241.05877615534,150113.412397021
1241.06865538735,150198.640620845
1241.07853461937,150283.870141943
1241.08841385138,150369.100960889
1241.14551223441,150861.729692283
1241.20261061745,151354.401945038
1241.25970900049,151847.117859994
1241.35970900049,152710.147943
1241.45970900049,153573.313138374
1241.55970900049,154436.614202653
1241.65970900049,155300.051892354
1241.75970900049,156163.626963997
1241.85970900049,157027.340174107
1241.95970900049,157891.192279192
1242,158239.286352847
1242.00011747381,220892.897254439
1242.00023494762,220895.016429981
1242.00035242143,220897.135599135
1242.00152715954,220918.327350443
1242.00270189766,220939.519143476
1242.00387663577,220960.710979976
1242.00625218737,221003.565175699
1242.00862773896,221046.419549349
1242.01100329056,221089.274100999
1242.01337884216,221132.128830177
1242.01961200103,221244.575280943
1242.0258451599,221357.022957157
1242.03207831877,221469.471859271
1242.03831147764,221581.92198816
1242.0445446365,221694.373344186
1242.0532937102,221852.215962036
1242.06204278389,222010.061000648
1242.07079185758,222167.908461888
1242.07954093127,222325.758347466
1242.08829000496,222483.610658952
1242.12406174598,223129.035914589
1242.15983348699,223774.501870902
1242.195605228,224420.008644816
1242.23137696901,225065.556353171
1242.33137696901,226870.404895694
1242.43137696901,228675.576800831
1242.53137696901,230481.074621834
1242.63137696901,232286.90091197
1242.73137696901,234093.058224486
1242.83137696901,235899.549112641
1242.93137696901,237706.376129694
1243,238946.4713907
1243.00003841352,32949.4525315891
1243.00007682704,32949.4525315891
1243.00011524056,32949.4525315891
1243.00040686504,32949.4525315891
1243.00069848953,32949.4525315891
1243.00099011402,32949.4525315891
1243.00256513942,32949.4525315891
1243.00414016482,32949.4525315891
1243.00571519021,32949.4525315891
1243.00729021561,32949.4525315891
1243.00995034751,32949.4525315891
1243.01261047942,32949.4525315891
1243.01527061132,32949.4525315891
1243.01793074323,32949.4525315891
1243.02059087513,32949.4525315891
1243.02487307223,32949.4525315891
1243.02915526933,32949.4525315891
1243.03343746643,32949.4525315891
1243.03771966352,32949.4525315891
1243.04200186062,32949.4525315891
1243.04891067049,32949.4525315891
1243.05581948035,32949.4525315891
1243.06272829021,32949.4525315891
1243.06963710007,32949.4525315891
1243.07654590994,32949.4525315891
1243.08941040539,32949.4525315891
1243.10227490085,32949.4525315891
1243.11513939631,32949.4525315891
1243.12800389177,32949.4525315891
1243.22270158862,32949.4525315891
1243.31739928548,32949.4525315891
1243.41209698233,32949.4525315891
1243.51209698233,32949.4525315891
1243.61209698233,32949.4525315891
1243.71209698233,32949.4525315891
1243.81209698233,32949.4525315891
1243.91209698233,32949.4525315891
1244,32949.4525315891
1244.08790301767,32949.4525315891
1244.17580603534,32949.4525315891
1244.26370905301,32949.4525315891
1244.35161207067,32949.4525315891
1244.45161207067,32949.4525315891
1244.55161207067,32949.4525315891
1244.65161207067,32949.4525315891
1244.75161207067,32949.4525315891
1244.85161207067,32949.4525315891
1244.95161207067,32949.4525315891
1245,32949.4525315891
1245.04838792933,32949.4525315891
1245.09677585865,32949.4525315891
1245.14516378798,32949.4525315891
1245.24516378798,32949.4525315891
1245.34516378798,32949.4525315891
1245.44516378798,32949.4525315891
1245.54516378798,32949.4525315891
1245.64516378798,32949.4525315891
1245.74516378798,32949.4525315891
1245.84516378798,32949.4525315891
1245.94516378798,32949.4525315891
1246,32949.4525315891
1246.05483621202,32949.4525315891
1246.10967242405,32949.4525315891
1246.16450863607,32949.4525315891
1246.26450863607,32949.4525315891
1246.36450863607,32949.4525315891
1246.46450863607,32949.4525315891
1246.56450863607,32949.4525315891
1246.66450863607,32949.4525315891
1246.76450863607,32949.4525315891
1246.86450863607,32949.4525315891
1246.96450863607,32949.4525315891
1247,32949.4525315891
1247.03549136393,32949.4525315891
1247.07098272787,32949.4525315891
1247.1064740918,32949.4525315891
1247.2064740918,32949.4525315891
1247.3064740918,32949.4525315891
1247.4064740918,32949.4525315891
1247.5064740918,32949.4525315891
1247.6064740918,32949.4525315891
1247.7064740918,32949.4525315891
1247.8064740918,32949.4525315891
1247.9064740918,32949.4525315891
1248,32949.4525315891
1248.0935259082,32949.4525315891
1248.1870518164,32949.4525315891
1248.2805777246,32949.4525315891
1248.3805777246,32949.4525315891
1248.4805777246,32949.4525315891
1248.5805777246,32949.4525315891
1248.6805777246,32949.4525315891
1248.7805777246,32949.4525315891
1248.8805777246,32949.4525315891
1248.9805777246,32949.4525315891
1249,32949.4525315891
1249.0194222754,32949.4525315891
1249.03884455079,32949.4525315891
1249.05826682619,32949.4525315891
1249.15826682619,32949.4525315891
1249.25826682619,32949.4525315891
1249.35826682619,32949.4525315891
1249.45826682619,32949.4525315891
1249.55826682619,32949.4525315891
1249.65826682619,32949.4525315891
1249.75826682619,32949.4525315891
1249.85826682619,32949.4525315891
1249.95826682619,32949.4525315891
1250,32949.4525315891
1250.04173317381,32949.4525315891
1250.08346634763,32949.4525315891
1250.12519952144,32949.4525315891
1250.22519952144,32949.4525315891
1250.32519952144,32949.4525315891
1250.42519952144,32949.4525315891
1250.52519952144,32949.4525315891
1250.62519952144,32949.4525315891
1250.72519952144,32949.4525315891
1250.82519952144,32949.4525315891
1250.92519952144,32949.4525315891
1251,32949.4525315891
1251.07480047856,32949.4525315891
1251.14960095712,32949.4525315891
1251.22440143568,32949.4525315891
1251.32440143568,32949.4525315891
1251.42440143568,32949.4525315891
1251.52440143568,32949.4525315891
1251.62440143568,32949.4525315891
1251.72440143568,32949.4525315891
1251.82440143568,32949.4525315891
1251.92440143568,32949.4525315891
1252,32949.4525315891
1252.07559856432,32949.4525315891
1252.15119712864,32949.4525315891
1252.22679569296,32949.4525315891
1252.32679569296,32949.4525315891
1252.42679569296,32949.4525315891
1252.52679569296,32949.4525315891
1252.62679569296,32949.4525315891
1252.72679569296,32949.4525315891
1252.82679569296,32949.4525315891
1252.92679569296,32949.4525315891
1253,32949.4525315891
1253.07320430704,32949.4525315891
1253.14640861408,32949.4525315891
1253.21961292112,32949.4525315891
1253.31961292112,32949.4525315891
1253.41961292112,32949.4525315891
1253.51961292112,32949.4525315891
1253.61961292112,32949.4525315891
1253.71961292112,32949.4525315891
1253.81961292112,32949.4525315891
1253.91961292112,32949.4525315891
1254,32949.4525315891
1254.00007297724,-216733.80003361
1254.00014595448,-216732.23192094
1254.00021893172,-216730.663818916
1254.00029190895,-216729.095705651
1254.00044248141,-216725.860263631
1254.00059305386,-216722.62481651
1254.00074362631,-216719.389365473
1254.00089419876,-216716.153918474
1254.00127489909,-216707.973551964
1254.00165559941,-216699.793180162
1254.00176980951,-216697.339067209
1254.00188401961,-216694.884953051
1254.0019982297,-216692.43083467
1254.0021124398,-216689.976722553
1254.00224352052,-216687.160094125
1254.00237460124,-216684.343465331
1254.00250568195,-216681.526835578
1254.00263676267,-216678.710204868
1254.00280568757,-216675.080386554
1254.00297461247,-216671.4505639
1254.00314353737,-216667.820744381
1254.00331246227,-216664.190920908
1254.00348138716,-216660.561095844
1254.00401185608,-216649.162472708
1254.004542325,-216637.763834668
1254.00507279392,-216626.365180941
1254.00560326284,-216614.966512278
1254.00613373176,-216603.567826424
1254.00727207414,-216579.107139142
1254.00841041653,-216554.646378998
1254.00954875891,-216530.185547339
1254.0106871013,-216505.724643121
1254.01182544368,-216481.263666354
1254.01426065127,-216428.935094823
1254.01669585885,-216376.606192733
1254.01913106644,-216324.276960426
1254.02156627402,-216271.947397983
1254.02400148161,-216219.617505484
1254.02858312629,-216121.162181463
1254.03316477097,-216022.705689994
1254.03774641566,-215924.248031659
1254.04232806034,-215825.789206735
1254.04690970502,-215727.329216017
1254.05422197437,-215570.185421254
1254.06153424373,-215413.038660284
1254.06884651308,-215255.888935267
1254.07615878243,-215098.736248549
1254.08347105178,-214941.580602147
1254.10201360172,-214543.04996884
1254.12055615166,-214144.500353671
1254.13909870161,-213745.93179217
1254.15764125155,-213347.344319963
1254.25764125155,-211197.436990203
1254.35764125155,-209046.986263316
1254.45764125155,-206895.997716982
1254.55764125155,-204744.476928874
1254.65764125155,-202592.429476658
1254.75764125155,-200439.860938024
1254.85764125155,-198286.776890631
1254.95764125155,-196133.18291217
1255,-195220.795066969
1255.00041201928,-139036.982961453
1255.00082403857,-139032.255503027
1255.00123605785,-139027.528038065
1255.00164807714,-139022.800569181
1255.00312821495,-139005.817573816
1255.00460835276,-138988.834516479
1255.00608849057,-138971.851396817
1255.00889861091,-138939.607871395
1255.01170873124,-138907.364123381
1255.01451885158,-138875.120152476
1255.01732897191,-138842.87595886
1255.02315229272,-138776.056658368
1255.02897561352,-138709.236402107
1255.03479893433,-138642.415190734
1255.04062225514,-138575.593024531
1255.04644557594,-138508.769903962
1255.05602889124,-138398.798438373
1255.06561220654,-138288.824391566
1255.07519552184,-138178.847765656
1255.08477883713,-138068.868562676
1255.09436215243,-137958.88678481
1255.12488070191,-137608.627149517
1255.15539925138,-137258.341488513
1255.18591780086,-136908.029868672
1255.21643635033,-136557.692356892
1255.31643635033,-135409.562343308
1255.41643635033,-134261.157405939
1255.51643635033,-133112.479897849
1255.61643635033,-131963.532172121
1255.71643635033,-130814.316581838
1255.81643635033,-129664.835480081
1255.91643635033,-128515.09121993
1256,-127554.122827536
1256.00039726325,-179043.045463509
1256.0007945265,-179034.473829483
1256.00119178975,-179025.902189024
1256.001589053,-179017.330539646
1256.00290332378,-178988.972800435
1256.00421759457,-178960.61498109
1256.00553186535,-178932.257082803
1256.00800484723,-178878.897567294
1256.01047782911,-178825.537770539
1256.01295081098,-178772.177692992
1256.01542379286,-178718.817334205
1256.01971147019,-178626.300018169
1256.02399914752,-178533.781858106
1256.02828682485,-178441.262854541
1256.03257450218,-178348.743007837
1256.03909416054,-178208.059680307
1256.0456138189,-178067.37440602
1256.05213347726,-177926.68718655
1256.05865313562,-177785.998023595
1256.07384481086,-177458.165940452
1256.08903648611,-177130.323332541
1256.10422816135,-176802.470219412
1256.20422816135,-174644.09911107
1256.30422816135,-172485.279235727
1256.40422816135,-170326.016171034
1256.50422816135,-168166.315494678
1256.60422816135,-166006.182784321
1256.70422816135,-163845.623617649
1256.80422816135,-161684.643572336
1256.90422816135,-159523.248226048
1257,-157452.855984831
1257.00062616183,-112190.260495553
1257.00125232367,-112183.038743634
1257.0018784855,-112175.816982798
1257.00250464733,-112168.595213045
1257.0040430755,-112150.85188025
1257.00558150366,-112133.108493795
1257.00711993183,-112115.365053724
1257.01015130926,-112080.402545983
1257.01318268669,-112045.439829411
1257.01621406411,-112010.476904291
1257.01924544154,-111975.513770405
1257.02557720088,-111902.484200716
1257.03190896022,-111829.453721478
1257.03824071956,-111756.422333409
1257.0445724789,-111683.390036969
1257.05090423824,-111610.356832757
1257.06196296315,-111482.79862279
1257.07302168805,-111355.237648828
1257.08408041295,-111227.67391408
1257.09513913785,-111100.107421766
1257.10619786275,-110972.538175018
1257.14804342305,-110489.798823234
1257.18988898335,-110007.020251228
1257.23173454366,-109524.202631438
1257.27358010396,-109041.346136268
1257.31542566426,-108558.450938151
1257.41542566426,-107404.301337779
1257.51542566426,-106249.934048147
1257.61542566426,-105095.351422338
1257.71542566426,-103940.55581343
1257.81542566426,-102785.549574505
1257.91542566426,-101630.335058649
1258,-100653.159234864
1258.00086837502,-141208.143415871
1258.00173675005,-141189.344210948
1258.00260512507,-141170.544978394
1258.0034735001,-141151.745718662
1258.00491254837,-141120.592019358
1258.00635159664,-141089.438244964
1258.00779064491,-141058.284395475
1258.00922969319,-141027.130471177
1258.01298789681,-140945.76884989
1258.01674610044,-140864.406717635
1258.02050430407,-140783.044074563
1258.0242625077,-140701.680921108
1258.02979019496,-140582.008440516
1258.03531788223,-140462.334857242
1258.04084556949,-140342.660172208
1258.04637325675,-140222.984386354
1258.05190094401,-140103.307500624
1258.06427850738,-139835.323769178
1258.07665607075,-139567.334538274
1258.08903363412,-139299.339818457
1258.10141119748,-139031.339620335
1258.11378876085,-138763.333954474
1258.148250121,-138017.129316538
1258.18271148114,-137270.882604821
1258.21717284129,-136524.594047608
1258.25163420144,-135778.263873166
1258.35163420144,-133612.328940009
1258.45163420144,-131446.051070977
1258.55163420144,-129279.435843747
1258.65163420144,-127112.488835993
1258.75163420144,-124945.215625391
1258.85163420144,-122777.621789617
1258.95163420144,-120609.712906344
1259,-119561.075083248
1259.04836579856,-118512.365498467
1259.09673159713,-117463.584783056
1259.14509739569,-116414.733568071
1259.24509739569,-114245.93233821
1259.34509739569,-112076.83800695
1259.44509739569,-109907.456151967
1259.54509739569,-107737.792350935
1259.64509739569,-105567.852181529
1259.74509739569,-103397.641221426
1259.84509739569,-101227.1650483
1259.94509739569,-99056.4292398262
1260,-97864.5303593072
1260.00179094613,-69754.211374793
1260.00358189226,-69733.4346703926
1260.00537283839,-69712.6579206341
1260.00716378451,-69691.8811256813
1260.00895473064,-69671.1042855478
1260.01336469353,-69619.9439307989
1260.01777465641,-69568.7833021176
1260.0221846193,-69517.6223996766
1260.02659458218,-69466.4612236776
1260.03299995263,-69392.1502962845
1260.03940532308,-69317.8387927866
1260.04581069353,-69243.5267138427
1260.05221606398,-69169.2140600573
1260.06564645524,-69013.3979429966
1260.07907684649,-68857.5793071553
1260.09250723775,-68701.7581582553
1260.105937629,-68545.9345019905
1260.205937629,-67385.6245314202
1260.305937629,-66225.1782218254
1260.405937629,-65064.597926289
1260.505937629,-63903.8859978951
1260.605937629,-62743.0447897231
1260.705937629,-61582.0766548546
1260.805937629,-60420.9839463737
1260.905937629,-59259.7690173599
1261,-58167.3932774346
1261.00113339122,-81550.7196933673
1261.00226678244,-81526.0941446878
1261.00340017365,-81501.468569156
1261.00453356487,-81476.8429667799
1261.00661425568,-81431.6349724629
1261.0086949465,-81386.4268876851
1261.01077563731,-81341.218712601
1261.01285632812,-81296.0104472246
1261.01777846699,-81189.0641839363
1261.02270060586,-81082.11741629
1261.02762274473,-80975.170144963
1261.03254488359,-80868.2223706207
1261.04060822038,-80693.0218556269
1261.04867155717,-80517.8199954242
1261.05673489395,-80342.6167929681
1261.06479823074,-80167.412251146
1261.0905848401,-79607.0979026703
1261.11637144946,-79046.7699818867
1261.14215805882,-78486.4285844471
1261.24215805882,-76313.3091875167
1261.34215805882,-74139.9941345561
1261.44215805882,-71966.4890032411
1261.54215805882,-69792.7993712464
1261.64215805882,-67618.9308162483
1261.74215805882,-65444.888915921
1261.84215805882,-63270.6792479401
1261.94215805882,-61096.3073899806
1262,-59838.5366484781
1262.00141616935,-42656.2387588763
1262.00283233871,-42639.7722730311
1262.00424850806,-42623.3057698567
1262.00566467742,-42606.8392494375
1262.00837287233,-42575.3496433887
1262.01108106725,-42543.8599742154
1262.01378926216,-42512.3702419631
1262.01649745708,-42480.8804466483
1262.02267587069,-42409.0401158725
1262.02885428431,-42337.1994577779
1262.03503269793,-42265.3584729214
1262.04121111155,-42193.5171618581
1262.04738952516,-42121.675525143
1262.05946283326,-41981.2880305488
1262.07153614135,-41840.8992986969
1262.08360944945,-41700.5093337281
1262.09568275754,-41560.1181397835
1262.10775606563,-41419.7257210042
1262.18273159376,-40547.8583209814
1262.25770712189,-39675.9448373873
1262.33268265002,-38803.986261956
1262.40765817815,-37931.9835864234
1262.50765817815,-36768.8669388602
1262.60765817815,-35605.6759572452
1262.70765817815,-34442.412994661
1262.80765817815,-33279.0804041886
1262.90765817815,-32115.6805389103
1263,-31041.3182001634
1263.00149793495,-43492.9711328239
1263.00299586991,-43460.3830070003
1263.00449380486,-43427.7948561836
1263.00599173982,-43395.2066803928
1263.00913091381,-43326.9126099879
1263.01227008781,-43258.6184301554
1263.0154092618,-43190.324141068
1263.0185484358,-43122.0297428917
1263.02464705575,-42989.350714471
1263.0307456757,-42856.6712762488
1263.03684429565,-42723.9914295053
1263.04294291559,-42591.3111755024
1263.05497125915,-42329.6239508721
1263.0669996027,-42067.9351566366
1263.07902794626,-41806.2448024978
1263.09105628981,-41544.5528981671
1263.15909947824,-40064.1581164487
1263.22714266668,-38583.7157954223
1263.29518585511,-37103.2276922313
1263.39518585511,-34927.3418159771
1263.49518585511,-32751.3664284026
1263.59518585511,-30575.3071071828
1263.69518585511,-28399.1694299929
1263.79518585511,-26222.9589745084
1263.89518585511,-24046.6813184041
1263.99518585511,-21870.3420393553
1264,-21765.5684544128
1264.00481414489,-21660.7947402017
1264.00962828979,-21556.0208973438
1264.01444243468,-21451.2469264643
1264.01925657958,-21346.4728281817
1264.05090761805,-20657.6227527198
1264.08255865652,-19968.7673740615
1264.11420969499,-19279.9068690629
1264.14586073347,-18591.0414145786
1264.24586073347,-16414.5721776723
1264.34586073347,-14238.0608773274
1264.44586073347,-12061.5130912188
1264.54586073347,-9884.93439702187
1264.64586073347,-7708.33037241172
1264.74586073347,-5531.70659506358
1264.84586073347,-3355.06864265262
1264.94586073347,-1178.42209285403
1264.99999999999,-3.1674423468858e-07
1265,0
1265.02035857297,0
1265.04071714593,0
1265.0610757189,0
1265.08143429187,0
1265.16286858374,0
1265.24430287561,0
1265.32573716747,0
1265.42573716747,0
1265.52573716747,0
1265.62573716747,0
1265.72573716747,0
1265.82573716747,0
1265.92573716747,0
1266,0
1266.07426283253,0
1266.14852566505,0
1266.24852566505,0
1266.34852566505,0
1266.44852566505,0
1266.54852566505,0
1266.64852566505,0
1266.74852566505,0
1266.84852566505,0
1266.94852566505,0
1267,0
1267.05147433495,0
1267.10294866989,0
1267.20294866989,0
1267.30294866989,0
1267.40294866989,0
1267.50294866989,0
1267.60294866989,0
1267.70294866989,0
1267.80294866989,0
1267.90294866989,0
1268,0
1268.09705133011,0
1268.19410266021,0
1268.29410266021,0
1268.39410266021,0
1268.49410266021,0
1268.59410266021,0
1268.69410266021,0
1268.79410266021,0
1268.89410266021,0
1268.99410266021,0
1269,0
1269.00589733979,0
1269.01179467957,0
1269.07076807744,0
1269.1297414753,0
1269.18871487316,0
1269.28871487316,0
1269.38871487316,0
1269.48871487316,0
1269.58871487316,0
1269.68871487316,0
1269.78871487316,0
1269.88871487316,0
1269.98871487316,0
1270,0
1270.01128512684,0
1270.02257025368,0
1270.12257025368,0
1270.22257025368,0
1270.32257025368,0
1270.42257025368,0
1270.52257025368,0
1270.62257025368,0
1270.72257025368,0
1270.82257025368,0
1270.92257025368,0
1271,0
1271.07742974632,0
1271.15485949265,0
1271.25485949265,0
1271.35485949265,0
1271.45485949265,0
1271.55485949265,0
1271.65485949265,0
1271.75485949265,0
1271.85485949265,0
1271.95485949265,0
1272,0
1272.04514050735,0
1272.09028101471,0
1272.19028101471,0
1272.29028101471,0
1272.39028101471,0
1272.49028101471,0
1272.59028101471,0
1272.69028101471,0
1272.79028101471,0
1272.89028101471,0
1272.99028101471,0
1273,0
1273.00971898529,0
1273.01943797059,0
1273.11662782352,0
1273.21381767646,0
1273.3110075294,0
1273.4110075294,0
1273.5110075294,0
1273.6110075294,0
1273.71100752939,0
1273.81100752939,0
1273.91100752939,0
1274,0
1274.08899247061,0
1274.17798494121,0
1274.27798494121,0
1274.37798494121,0
1274.47798494121,0
1274.57798494121,0
1274.67798494121,0
1274.77798494121,0
1274.87798494121,0
1274.97798494121,0
1275,0
1275.00000000001,2.5968377729896e-07
1275.01656039802,295.525824007006
1275.03312079602,591.051659350292
1275.04968119402,886.577517885505
1275.08794651265,1569.43511965459
1275.12621183128,2252.29305021764
1275.16447714991,2935.15145263213
1275.26447714991,4719.69076084591
1275.36447714991,6504.23682184124
1275.46447714991,8288.79218887518
1275.56447714991,10073.3594152048
1275.66447714991,11857.9410540872
1275.76447714991,13642.5396587795
1275.86447714991,15427.1577825386
1275.96447714991,17211.7979786218
1276,17845.7588356583
1276.03552285009,18479.7229145808
1276.07104570019,19113.6903298397
1276.10656855028,19747.6611958855
1276.20656855028,21532.3653998708
1276.30656855028,23317.1004106529
1276.40656855028,25101.8687814891
1276.50656855028,26886.6730656362
1276.60656855028,28671.5158163514
1276.70656855028,30456.3995868919
1276.80656855028,32241.3269305145
1276.90656855028,34026.3004004765
1277,35694.070928392
1277.09343144972,37361.8860332951
1277.18686289944,39029.7477976316
1277.28029434917,40697.6583038484
1277.37372579889,42365.6196343912
1277.47372579889,44150.9030186926
1277.57372579889,45936.2495635733
1277.67372579889,47721.6618222897
1277.77372579889,49507.1423480993
1277.87372579889,51292.6936942594
1277.97372579889,53078.3184140264
1278,53547.4895352762
1278.02627420111,54016.6659443238
1278.05254840223,54485.8476874811
1278.07882260334,54955.034811056
1278.17882260334,56740.8180061709
1278.27882260334,58526.6823647988
1278.37882260334,60312.6304401971
1278.47882260334,62098.664785622
1278.57882260334,63884.7879543318
1278.67882260334,65671.0024995823
1278.77882260334,67457.3109746315
1278.87882260334,69243.7159327365
1278.97882260334,71030.2199271534
1279,71408.5679133859
1279.0012393312,51099.7291767815
1279.00247866239,51110.2931708923
1279.00371799359,51120.8571719779
1279.00495732478,51131.4211800135
1279.00728070086,51151.2255607996
1279.00960407693,51171.0299660959
1279.01192745301,51190.8343959339
1279.01425082908,51210.6388503092
1279.02024270993,51261.7137475601
1279.02623459077,51312.7888083084
1279.03222647161,51363.8640327467
1279.03821835246,51414.9394210158
1279.0442102333,51466.0149733005
1279.05582492857,51565.0205765645
1279.06743962384,51664.0267978664
1279.07905431911,51763.0336383812
1279.09066901437,51862.0410992968
1279.10228370964,51961.0491817959
1279.14710627015,52343.1395947192
1279.19192883066,52725.2393506072
1279.23675139116,53107.348517587
1279.28157395167,53489.4671637866
1279.38157395167,54342.0157706994
1279.48157395167,55194.6126555349
1279.58157395167,56047.2585748136
1279.68157395167,56899.954285056
1279.78157395167,57752.7005427827
1279.88157395167,58605.4981045144
1279.98157395167,59458.3477267714
1280,59615.4999505689
1280.00105548286,83340.3345895923
1280.00211096571,83359.1993975136
1280.00316644857,83378.064218715
1280.00422193142,83396.9290531995
1280.00619213635,83432.1429149515
1280.00816234127,83467.3568229972
1280.0101325462,83502.5707774137
1280.01210275112,83537.7847781627
1280.01693079404,83624.0778794859
1280.02175883696,83710.3712595766
1280.02658687988,83796.6649186977
1280.03141492279,83882.9588571366
1280.03922469966,84022.5473558356
1280.04703447652,84162.1365873779
1280.05484425338,84301.726552984
1280.06265403025,84441.3172538702
1280.08615392006,84861.3549679151
1280.10965380986,85281.3993835458
1280.13315369967,85701.4505338965
1280.23315369967,87488.986696599
1280.33315369967,89276.647964311
1280.43315369967,91064.4368902899
1280.53315369967,92852.3560277931
1280.63315369967,94640.4079300768
1280.73315369967,96428.5951504008
1280.83315369967,98216.9202420194
1280.93315369967,100005.38575819
1281,101200.988363043
1281.06684630033,102396.655619148
1281.13369260066,103592.388289162
1281.20053890099,104788.187135739
1281.30053890099,106577.190471975
1281.40053890099,108366.34616631
1281.50053890099,110155.656772002
1281.60053890099,111945.124842305
1281.70053890099,113734.752930477
1281.80053890098,115524.543589778
1281.90053890098,117314.499373461
1282,119094.9753879
1282.09946109902,120875.619789817
1282.19892219803,122656.435091413
1282.29838329705,124437.423804888
1282.39838329705,126228.239647802
1282.49838329705,128019.235879603
1282.59838329705,129810.415053552
1282.69838329704,131601.779722901
1282.79838329704,133393.332440909
1282.89838329704,135185.075760835
1282.99838329704,136977.012235934
1283,137005.984126586
1283.00161670296,137034.95606841
1283.00323340591,137063.928061409
1283.00485010887,137092.900105593
1283.02101713842,137382.623364998
1283.03718416797,137672.351754788
1283.05335119752,137962.085285759
1283.06951822708,138251.823968699
1283.16951822708,140044.096923407
1283.26951822708,141836.569956063
1283.36951822708,143629.245619921
1283.46951822708,145422.126468238
1283.56951822708,147215.21505427
1283.66951822708,149008.513931278
1283.76951822708,150802.025652515
1283.86951822708,152595.752771239
1283.96951822708,154389.69784071
1284,154936.567836198
1284.03048177292,155483.458391874
1284.06096354585,156030.369580052
1284.09144531877,156577.301473038
1284.19144531877,158371.73935505
1284.29144531877,160166.403407429
1284.39144531877,161961.296183435
1284.49144531877,163756.420236326
1284.59144531877,165551.778119362
1284.69144531877,167347.372385795
1284.79144531877,169143.205588883
1284.89144531877,170939.280281888
1284.99144531877,172735.599018061
1285,172889.279773802
1285.00855468123,173042.962335783
1285.01710936246,173196.646705579
1285.02566404369,173350.332884901
1285.111210856,174887.29454923
1285.1967576683,176424.438917045
1285.28230448061,177961.767586808
1285.36785129292,179499.28215699
1285.46785129292,181296.798586046
1285.56785129292,183094.573775395
1285.66785129292,184892.610278298
1285.76785129292,186690.910648013
1285.86785129292,188489.477437795
1285.96785129292,190288.313200902
1286,190866.673196433
1286.03214870708,191445.061340148
1286.06429741417,192023.477716889
1286.09644612125,192601.922411461
1286.19644612125,194401.38262309
1286.29644612125,196201.120197909
1286.39644612125,198001.137689182
1286.49644612125,199801.437650164
1286.59644612125,201602.022634113
1286.69644612125,203402.895194287
1286.79644612125,205204.057883938
1286.89644612125,207005.513256334
1286.99644612125,208807.263864723
1287,208871.301361232
1287.00043301825,149610.112037796
1287.0008660365,149613.847327955
1287.00129905475,149617.582621471
1287.00173207301,149621.317915719
1287.00315970794,149633.632975182
1287.00458734287,149645.948061138
1287.0060149778,149658.263174615
1287.00875892436,149681.933175909
1287.01150287093,149705.60327699
1287.01424681749,149729.273477818
1287.01699076405,149752.943778407
1287.02276483295,149802.753363897
1287.02853890186,149852.563391269
1287.03431297076,149902.373860882
1287.04008703966,149952.184772685
1287.04586110857,150001.996126824
1287.05520532232,150082.607107254
1287.06454953606,150163.219247177
1287.07389374981,150243.832547369
1287.08323796356,150324.447008407
1287.09258217731,150405.062630947
1287.123112146,150668.462872443
1287.15364211469,150931.875540685
1287.18417208338,151195.300657175
1287.21470205207,151458.738243404
1287.31470205207,152321.707763316
1287.41470205207,153184.812055109
1287.51470205207,154048.05187532
1287.61470205207,154911.427980466
1287.71470205207,155774.941127071
1287.81470205207,156638.592071644
1287.91470205207,157502.381570718
1288,158239.286352846
1288.00016916814,220893.829797747
1288.00033833627,220896.881509138
1288.00050750441,220899.933226168
1288.00183042749,220923.798175573
1288.00315335058,220947.663180164
1288.00447627367,220971.528240486
1288.00689201564,221015.107504925
1288.00930775761,221058.686953312
1288.01172349958,221102.266585443
1288.01413924154,221145.846401851
1288.01939044839,221240.578440881
1288.02464165523,221335.311349663
1288.02989286207,221430.045128526
1288.03514406891,221524.779777842
1288.04039527575,221619.515297978
1288.04864959092,221768.430797207
1288.05690390608,221917.348450435
1288.06515822124,222066.268259103
1288.0734125364,222215.19022465
1288.08166685157,222364.11434851
1288.10901736101,222857.586918992
1288.13636787046,223351.083253933
1288.1637183799,223844.603405566
1288.19106888935,224338.147426113
1288.29106888935,226142.866349398
1288.39106888935,227947.907606111
1288.49106888935,229753.273749524
1288.59106888935,231558.967332894
1288.69106888935,233364.990909479
1288.79106888935,235171.347032534
1288.89106888935,236978.038255314
1288.99106888935,238785.067131087
1289,238946.471390726
1289.00893111065,239107.878365756
1289.0178622213,239269.288058167
1289.10717332781,240883.534832543
1289.19648443433,242498.055336151
1289.28579554084,244112.851387861
1289.38579554084,245921.238000183
1289.48579554084,247729.974897135
1289.58579554084,249539.064631969
1289.68579554084,251348.509757954
1289.78579554084,253158.312828334
1289.88579554084,254968.476396372
1289.98579554084,256779.003015323
1290,257036.208124664
1290.00029299688,184227.559760584
1290.00058599375,184230.104489524
1290.00087899063,184232.64922304
1290.00117198751,184235.193956363
1290.00233021828,184245.253423212
1290.00348844906,184255.312912583
1290.00464667983,184265.372422973
1290.00713767192,184287.007357876
1290.00962866401,184308.642393938
1290.0121196561,184330.277530596
1290.01461064818,184351.912768612
1290.01981792559,184397.140329917
1290.02502520299,184442.368332913
1290.0302324804,184487.596777287
1290.0354397578,184532.825663503
1290.0406470352,184578.05499131
1290.04867126415,184647.752639254
1290.05669549309,184717.451336787
1290.06471972203,184787.151084369
1290.07274395097,184856.851882333
1290.08076817991,184926.553731245
1290.10571729738,185143.279042471
1290.13066641484,185360.014527906
1290.1556155323,185576.760199279
1290.18056464977,185793.516068339
1290.28056464977,186662.410385394
1290.38056464977,187531.4694769
1290.48056464977,188400.694099394
1290.58056464977,189270.08500939
1290.68056464977,190139.64296341
1290.78056464977,191009.368717978
1290.88056464977,191879.263029602
1290.98056464977,192749.326654816
1291,192918.446282966
1291.00004278723,37345.928467829
1291.00008557446,37345.928467829
1291.00012836168,37345.928467829
1291.00048707356,37345.928467829
1291.00084578543,37345.928467829
1291.00120449731,37345.928467829
1291.00300663778,37345.928467829
1291.00480877825,37345.928467829
1291.00661091872,37345.928467829
1291.00841305919,37345.928467829
1291.01117291835,37345.928467829
1291.0139327775,37345.928467829
1291.01669263666,37345.928467829
1291.01945249582,37345.928467829
1291.02221235498,37345.928467829
1291.02695864471,37345.928467829
1291.03170493445,37345.928467829
1291.03645122418,37345.928467829
1291.04119751391,37345.928467829
1291.04594380365,37345.928467829
1291.05393661206,37345.928467829
1291.06192942048,37345.928467829
1291.06992222889,37345.928467829
1291.0779150373,37345.928467829
1291.08590784572,37345.928467829
1291.1052221635,37345.928467829
1291.12453648129,37345.928467829
1291.14385079907,37345.928467829
1291.16316511685,37345.928467829
1291.18247943464,37345.928467829
1291.25077618568,37345.928467829
1291.31907293672,37345.928467829
1291.38736968776,37345.928467829
1291.4556664388,37345.928467829
1291.5556664388,37345.928467829
1291.6556664388,37345.928467829
1291.7556664388,37345.928467829
1291.8556664388,37345.928467829
1291.9556664388,37345.928467829
1292,37345.928467829
1292.0443335612,37345.928467829
1292.08866712239,37345.928467829
1292.13300068359,37345.928467829
1292.23300068359,37345.928467829
1292.33300068359,37345.928467829
1292.43300068359,37345.928467829
1292.53300068359,37345.928467829
1292.63300068359,37345.928467829
1292.73300068359,37345.928467829
1292.83300068359,37345.928467829
1292.93300068359,37345.928467829
1293,37345.928467829
1293.06699931641,37345.928467829
1293.13399863283,37345.928467829
1293.20099794924,37345.928467829
1293.30099794924,37345.928467829
1293.40099794924,37345.928467829
1293.50099794924,37345.928467829
1293.60099794924,37345.928467829
1293.70099794924,37345.928467829
1293.80099794924,37345.928467829
1293.90099794924,37345.928467829
1294,37345.928467829
1294.09900205076,37345.928467829
1294.19800410153,37345.928467829
1294.29700615229,37345.928467829
1294.39700615229,37345.928467829
1294.49700615229,37345.928467829
1294.59700615229,37345.928467829
1294.69700615229,37345.928467829
1294.79700615229,37345.928467829
1294.89700615229,37345.928467829
1294.99700615229,37345.928467829
1295,37345.928467829
1295.00299384771,37345.928467829
1295.00598769543,37345.928467829
1295.00898154314,37345.928467829
1295.03892002026,37345.928467829
1295.06885849739,37345.928467829
1295.09879697451,37345.928467829
1295.12873545164,37345.928467829
1295.22873545164,37345.928467829
1295.32873545164,37345.928467829
1295.42873545164,37345.928467829
1295.52873545164,37345.928467829
1295.62873545164,37345.928467829
1295.72873545164,37345.928467829
1295.82873545164,37345.928467829
1295.92873545164,37345.928467829
1296,37345.928467829
1296.07126454836,37345.928467829
1296.14252909672,37345.928467829
1296.21379364508,37345.928467829
1296.31379364508,37345.928467829
1296.41379364508,37345.928467829
1296.51379364508,37345.928467829
1296.61379364508,37345.928467829
1296.71379364508,37345.928467829
1296.81379364508,37345.928467829
1296.91379364508,37345.928467829
1297,37345.928467829
1297.08620635492,37345.928467829
1297.17241270984,37345.928467829
1297.25861906476,37345.928467829
1297.35861906476,37345.928467829
1297.45861906476,37345.928467829
1297.55861906476,37345.928467829
1297.65861906476,37345.928467829
1297.75861906476,37345.928467829
1297.85861906476,37345.928467829
1297.95861906476,37345.928467829
1298,37345.928467829
1298.04138093524,37345.928467829
1298.08276187049,37345.928467829
1298.12414280573,37345.928467829
1298.22414280573,37345.928467829
1298.32414280573,37345.928467829
1298.42414280573,37345.928467829
1298.52414280573,37345.928467829
1298.62414280573,37345.928467829
1298.72414280573,37345.928467829
1298.82414280573,37345.928467829
1298.92414280573,37345.928467829
1299,37345.928467829
1299.07585719427,37345.928467829
1299.15171438853,37345.928467829
1299.2275715828,37345.928467829
1299.3275715828,37345.928467829
1299.4275715828,37345.928467829
1299.5275715828,37345.928467829
1299.6275715828,37345.928467829
1299.7275715828,37345.928467829
1299.8275715828,37345.928467829
1299.9275715828,37345.928467829
1300,37345.928467829
1300.00006543124,-243548.093670665
1300.00013086247,-243546.692556134
1300.00019629371,-243545.291441333
1300.00026172495,-243543.890326264
1300.00039636646,-243541.007173614
1300.00053100798,-243538.124015445
1300.00066564949,-243535.24086281
1300.00080029101,-243532.357705702
1300.00090711089,-243530.070306536
1300.00101393078,-243527.782912868
1300.00112075066,-243525.495510075
1300.00122757055,-243523.20811077
1300.00155761699,-243516.14062226
1300.00165663092,-243514.020371327
1300.00175564486,-243511.900126872
1300.00185465879,-243509.779872729
1300.00195367272,-243507.659627043
1300.00208646382,-243504.816081334
1300.00221925491,-243501.97253652
1300.00235204601,-243499.128990599
1300.0024848371,-243496.285443573
1300.00283680216,-243488.748567602
1300.00318876721,-243481.21168607
1300.00354073226,-243473.674794215
1300.00389269732,-243466.13789714
1300.00424466237,-243458.600989744
1300.00493091688,-243443.90565722
1300.00561717138,-243429.210295414
1300.00630342589,-243414.514902762
1300.00698968039,-243399.819481885
1300.00767593489,-243385.124030165
1300.00922979381,-243351.849593005
1300.01078365273,-243318.575003835
1300.01233751166,-243285.300263884
1300.01389137058,-243252.025372303
1300.0154452295,-243218.750329116
1300.01859037853,-243151.398211945
1300.02173552756,-243084.045474692
1300.02488067659,-243016.692118213
1300.02802582563,-242949.338142114
1300.03117097466,-242881.983547136
1300.03630607377,-242772.012063519
1300.04144117287,-242662.038930652
1300.04657627198,-242552.064149241
1300.05171137109,-242442.087719953
1300.0568464702,-242332.109643805
1300.06574605508,-242141.503927447
1300.07464563996,-241950.89327026
1300.08354522484,-241760.277676126
1300.09244480973,-241569.657149127
1300.10134439461,-241379.031693045
1300.13398784217,-240679.780308145
1300.16663128974,-239980.462854805
1300.1992747373,-239281.079526982
1300.23191818487,-238581.630518735
1300.33191818487,-236438.530331274
1300.43191818487,-234294.82116866
1300.53191818487,-232150.50860859
1300.63191818487,-230005.598228721
1300.73191818487,-227860.095606745
1300.83191818487,-225714.006320321
1300.93191818487,-223567.335947141
1301,-222105.514166023
1301.00041498531,-158119.03826931
1301.00082997063,-158114.297662221
1301.00124495594,-158109.557051567
1301.00165994126,-158104.816433403
1301.0030446109,-158088.998512097
1301.00442928054,-158073.180528502
1301.00581395018,-158057.362483268
1301.00847298033,-158026.986357856
1301.01113201048,-157996.610005297
1301.01379104063,-157966.233425701
1301.01645007078,-157935.85661865
1301.02180864093,-157874.639529812
1301.02716721108,-157813.421518983
1301.03252578123,-157752.202586497
1301.03788435137,-157690.982732945
1301.04324292152,-157629.76195846
1301.05198775929,-157529.85166184
1301.06073259706,-157429.938915258
1301.06947743482,-157330.023720398
1301.07822227259,-157230.106078835
1301.08696711036,-157130.185992002
1301.113894127,-156822.497724412
1301.14082114365,-156514.786333933
1301.16774816029,-156207.051866516
1301.19467517694,-155899.294368147
1301.29467517694,-154756.161516527
1301.39467517694,-153612.714011023
1301.49467517694,-152468.954204713
1301.59467517694,-151324.884450676
1301.69467517694,-150180.507102004
1301.79467517694,-149035.824511768
1301.89467517693,-147890.839033052
1301.99467517693,-146745.55301894
1302,-146684.560182694
1302.00058325015,-205972.156569453
1302.0011665003,-205959.608028252
1302.00174975045,-205947.059470328
1302.0023330006,-205934.510893082
1302.00353555111,-205908.638066074
1302.00473810163,-205882.765162122
1302.00594065214,-205856.892181582
1302.00829970151,-205806.136803683
1302.01065875088,-205755.381131085
1302.01301780025,-205704.625163934
1302.01537684962,-205653.868902143
1302.01947486748,-205565.697064616
1302.02357288535,-205477.524339055
1302.02767090321,-205389.350725652
1302.03176892107,-205301.176225068
1302.03788436965,-205169.592274054
1302.04399981822,-205038.006349125
1302.05011526679,-204906.418451757
1302.05623071536,-204774.828583164
1302.06234616394,-204643.236744681
1302.07777350519,-204311.263439434
1302.09320084643,-203979.277626214
1302.10862818768,-203647.279325468
1302.12405552893,-203315.268557603
1302.22405552893,-201162.874407549
1302.32405552893,-199009.962875425
1302.42405552893,-196856.53953893
1302.52405552893,-194702.609975725
1302.62405552893,-192548.1797635
1302.72405552893,-190393.254479914
1302.82405552893,-188237.839702659
1302.92405552893,-186081.941009394
1303,-184444.33527306
1303.00048513815,-131380.735590927
1303.0009702763,-131375.160294816
1303.00145541445,-131369.584992429
1303.0019405526,-131364.009684465
1303.0034105411,-131347.11623126
1303.0048805296,-131330.222721509
1303.0063505181,-131313.329153925
1303.00920602797,-131280.512576791
1303.01206153784,-131247.695782459
1303.01491704771,-131214.878770907
1303.01777255757,-131182.061542309
1303.02372211146,-131113.685010201
1303.02967166535,-131045.307536182
1303.03562121923,-130976.929120596
1303.04157077312,-130908.549764109
1303.047520327,-130840.169467046
1303.05744932826,-130726.049900821
1303.06737832952,-130611.927718775
1303.07730733077,-130497.802923302
1303.08723633203,-130383.675516704
1303.09716533328,-130269.545501184
1303.12901977537,-129903.373469684
1303.16087421747,-129537.174685801
1303.19272865956,-129170.949225605
1303.22458310165,-128804.697165145
1303.32458310165,-127654.757565944
1303.42458310165,-126504.558921844
1303.52458310165,-125354.103585937
1303.62458310165,-124203.393911303
1303.72458310165,-123052.432251026
1303.82458310165,-121901.220958183
1303.92458310165,-120749.762385865
1304,-119881.205905853
1304.00074988641,-168241.443106874
1304.00149977282,-168225.246278734
1304.00224965923,-168209.049425878
1304.00299954564,-168192.852549546
1304.0042781302,-168165.236208666
1304.00555671475,-168137.619797374
1304.00683529931,-168110.003315708
1304.00935583227,-168055.561458925
1304.01187636522,-168001.119328221
1304.01439689818,-167946.676923069
1304.01691743114,-167892.234244047
1304.02301211643,-167760.589922858
1304.02910680173,-167628.944000882
1304.03520148702,-167497.296479161
1304.04129617232,-167365.64735916
1304.04739085761,-167233.996641939
1304.05742611808,-167017.222458807
1304.06746137855,-166800.443954717
1304.07749663902,-166583.661135224
1304.08753189949,-166366.874006056
1304.14686100361,-165085.126828233
1304.20619010774,-163803.230377245
1304.26551921186,-162521.185817898
1304.36551921186,-160359.9505686
1304.46551921186,-158198.303436953
1304.56551921186,-156036.250000622
1304.66551921186,-153873.795837293
1304.76551921186,-151710.946524636
1304.86551921186,-149547.707640326
1304.96551921186,-147384.08476204
1305,-146637.96252282
1305.03448078814,-145891.795521411
1305.06896157629,-145145.583986459
1305.10344236443,-144399.328146631
1305.20344236443,-142234.814079952
1305.30344236443,-140069.934867552
1305.40344236443,-137904.696087105
1305.50344236443,-135739.103316288
1305.60344236443,-133573.162132776
1305.70344236443,-131406.878114243
1305.80344236443,-129240.256838365
1305.90344236443,-127073.303882818
1306,-124980.635827555
1306.00068173222,-89080.5523957373
1306.00136346445,-89072.661926496
1306.00204519667,-89064.7714490402
1306.00272692889,-89056.8809633705
1306.00444234043,-89037.0264584164
1306.00615775197,-89017.171900513
1306.00787316351,-88997.3172895663
1306.01122413735,-88958.5321102212
1306.01457511119,-88919.7467285526
1306.01792608502,-88880.9611447626
1306.02127705886,-88842.1753588371
1306.02823391128,-88761.6527516483
1306.03519076371,-88681.1292745949
1306.04214761613,-88600.604928406
1306.04910446855,-88520.079713923
1306.05606132097,-88439.5536319381
1306.07084144763,-88268.469695526
1306.08562157428,-88097.3818545985
1306.10040170094,-87926.2901167428
1306.11518182759,-87755.1944895565
1306.21518182759,-86597.4869343955
1306.31518182759,-85439.6040397088
1306.41518182759,-84281.548158575
1306.51518182759,-83123.321644077
1306.61518182759,-81964.9268492955
1306.71518182759,-80806.3661273153
1306.81518182759,-79647.6418312149
1306.91518182759,-78488.7563140763
1307,-77505.6861845914
1307.00095002854,-108695.676198135
1307.00190005709,-108675.063602818
1307.00285008563,-108654.450982339
1307.00380011417,-108633.838336704
1307.00547109677,-108597.583183652
1307.00714207938,-108561.327952845
1307.00881306198,-108525.072644281
1307.01048404458,-108488.817258043
1307.01471512167,-108397.015036585
1307.01894619876,-108305.212317383
1307.02317727584,-108213.409100815
1307.02740835293,-108121.605387302
1307.03388543525,-107981.068056964
1307.04036251756,-107840.529564588
1307.04683959988,-107699.989911636
1307.0533166822,-107559.44909967
1307.06701503149,-107262.21622221
1307.08071338077,-106964.978181762
1307.09441173006,-106667.73499269
1307.18099790335,-104788.766296136
1307.26758407663,-102909.596084559
1307.35417024991,-101030.227978711
1307.45417024991,-98859.4688898847
1307.55417024991,-96688.4562494401
1307.65417024991,-94517.1956350526
1307.75417024991,-92345.6926243973
1307.85417024991,-90173.9527951495
1307.95417024991,-88001.9817249842
1308,-87006.4970657535
1308.00111932777,-62025.0198002876
1308.00223865553,-62012.024586042
1308.0033579833,-61999.0293560793
1308.00447731107,-61986.0341104031
1308.00649582777,-61962.5993617374
1308.00851434447,-61939.1645620118
1308.01053286117,-61915.729711235
1308.01255137787,-61892.2948094657
1308.0181802452,-61826.9436054168
1308.02380911252,-61761.5920051284
1308.02943797984,-61696.2400089862
1308.03506684716,-61630.8876174101
1308.04069571448,-61565.5348308197
1308.05104820324,-61445.3383956916
1308.06140069199,-61325.1406284251
1308.07175318075,-61204.9415316339
1308.08210566951,-61084.7411079288
1308.09245815827,-60964.5393599206
1308.13100464859,-60516.9681787644
1308.16955113891,-60069.3788087881
1308.20809762923,-59621.7713847672
1308.24664411955,-59174.1460414631
1308.34664411955,-58012.802500129
1308.44664411955,-56851.341617921
1308.54664411955,-55689.765747922
1308.64664411955,-54528.0772432145
1308.74664411955,-53366.2784568802
1308.84664411955,-52204.3717419997
1308.94664411955,-51042.3594516558
1309,-50422.3151829903
1309.00128316052,-70681.3147347746
1309.00256632103,-70653.4225773286
1309.00384948155,-70625.5303900593
1309.00513264206,-70597.6381729785
1309.00751696826,-70545.8097036888
1309.00990129445,-70493.9811315925
1309.01228562064,-70442.1524567689
1309.01466994684,-70390.3236792532
1309.02004857268,-70273.4065810097
1309.02542719852,-70156.4889615648
1309.03080582436,-70039.5708218089
1309.0361844502,-69922.6521626097
1309.04542862419,-69721.7043790218
1309.05467279817,-69520.7550680162
1309.06391697215,-69319.8042339969
1309.07316114614,-69118.8518813599
1309.11371904861,-68237.1753984709
1309.15427695109,-67355.4701403272
1309.19483485356,-66473.7364790475
1309.29483485356,-64299.6055088864
1309.39483485356,-62125.309709212
1309.49483485356,-59950.8546577001
1309.59483485356,-57776.2459320251
1309.69483485356,-55601.4891098625
1309.79483485356,-53426.5897688875
1309.89483485356,-51251.5534867752
1309.99483485356,-49076.3858412009
1310,-48964.0317828813
1310.00516514644,-48851.6773897498
1310.01033029287,-48739.3226625748
1310.01549543931,-48626.9676021251
1310.02066058575,-48514.6122091691
1310.07231205011,-47391.0401608612
1310.12396351447,-46267.4357073952
1310.17561497884,-45143.7996173724
1310.2272664432,-44020.132659394
1310.27891790757,-42896.4356020616
1310.37891790757,-40720.8152640174
1310.47891790757,-38545.0905630915
1310.57891790757,-36369.2670769591
1310.67891790757,-34193.3503832955
1310.77891790757,-32017.3460597758
1310.87891790757,-29841.2596840752
1310.97891790757,-27665.0968338689
1311,-27206.3069342041
1311.00342487092,-19363.790716455
1311.00684974184,-19323.925098716
1311.01027461276,-19284.0594351679
1311.01369948367,-19244.1937258999
1311.01712435459,-19204.3279710065
1311.02240914347,-19142.8125419922
1311.02769393235,-19081.2970049174
1311.03297872123,-19019.7813601294
1311.0382635101,-18958.265607979
1311.04927534624,-18830.0858049755
1311.06028718237,-18701.9055404714
1311.07129901851,-18573.7248176106
1311.08231085464,-18445.543639533
1311.18231085464,-17281.492408182
1311.28231085464,-16117.4062487255
1311.38231085464,-14953.2875142454
1311.48231085464,-13789.1385578235
1311.58231085464,-12624.9617325415
1311.68231085464,-11460.7593914811
1311.78231085464,-10296.533887724
1311.88231085464,-9132.28757435192
1311.98231085464,-7968.0228044466
1312,-7762.07257353757
1312.00246818864,-4629.55799280144
1312.00493637727,-4618.10366619711
1312.00740456591,-4606.64933536536
1312.00987275455,-4595.1950003182
1312.01486545821,-4572.02491865974
1312.01985816188,-4548.85481987969
1312.02485086554,-4525.6847040656
1312.02984356921,-4502.51457130424
1312.03885984694,-4460.67179849818
1312.04787612468,-4418.82897121637
1312.05689240241,-4376.98608996967
1312.06590868015,-4335.14315526911
1312.09686147714,-4191.49635274504
1312.12781427414,-4047.84894694312
1312.15876707113,-3904.20095853913
1312.25876707113,-3440.10996029778
1312.35876707113,-2976.01379411078
1312.45876707113,-2511.91315718754
1312.55876707113,-2047.80874673745
1312.65876707113,-1583.7012599699
1312.75876707113,-1119.59139409431
1312.85876707113,-655.479846320062
1312.95876707113,-191.367313856561
1312.99999999999,-6.75373087394983e-08
1313,0
1313.04123292887,0
1313.08246585774,0
1313.12369878661,0
1313.22369878661,0
1313.32369878661,0
1313.42369878661,0
1313.52369878661,0
1313.62369878661,0
1313.72369878661,0
1313.82369878661,0
1313.92369878661,0
1314,0
1314.07630121339,0
1314.15260242679,0
1314.25260242679,0
1314.35260242679,0
1314.45260242679,0
1314.55260242679,0
1314.65260242679,0
1314.75260242679,0
1314.85260242679,0
1314.95260242679,0
1315,0
1315.04739757321,0
1315.09479514643,0
1315.19479514643,0
1315.29479514643,0
1315.39479514643,0
1315.49479514643,0
1315.59479514643,0
1315.69479514643,0
1315.79479514643,0
1315.89479514643,0
1315.99479514643,0
1316,0
1316.00520485357,0
1316.01040970715,0
1316.06245824289,0
1316.11450677863,0
1316.16655531437,0
1316.26655531437,0
1316.36655531437,0
1316.46655531437,0
1316.56655531437,0
1316.66655531437,0
1316.76655531437,0
1316.86655531437,0
1316.96655531437,0
1317,0
1317.03344468563,0
1317.06688937126,0
1317.16688937126,0
1317.26688937126,0
1317.36688937126,0
1317.46688937126,0
1317.56688937126,0
1317.66688937126,0
1317.76688937126,0
1317.86688937126,0
1317.96688937126,0
1318,0
1318.03311062874,0
1318.06622125747,0
1318.16622125747,0
1318.26622125747,0
1318.36622125747,0
1318.46622125747,0
1318.56622125747,0
1318.66622125747,0
1318.76622125747,0
1318.86622125747,0
1318.96622125747,0
1319,0
1319.03377874253,0
1319.06755748506,0
1319.16755748506,0
1319.26755748506,0
1319.36755748506,0
1319.46755748506,0
1319.56755748506,0
1319.66755748506,0
1319.76755748506,0
1319.86755748506,0
1319.96755748506,0
1320,0
1320.03244251494,0
1320.06488502989,0
1320.16488502989,0
1320.26488502989,0
1320.36488502989,0
1320.46488502989,0
1320.56488502989,0
1320.66488502989,0
1320.76488502989,0
1320.86488502989,0
1320.96488502989,0
1321,0
1321.03511497011,0
1321.07022994022,0
1321.17022994022,0
1321.27022994022,0
1321.37022994022,0
1321.47022994022,0
1321.57022994022,0
1321.67022994022,0
1321.77022994022,0
1321.87022994022,0
1321.97022994022,0
1322,0
1322.02977005978,0
1322.05954011955,0
1322.15954011955,0
1322.25954011955,0
1322.35954011955,0
1322.45954011955,0
1322.55954011955,0
1322.65954011955,0
1322.75954011955,0
1322.85954011955,0
1322.95954011955,0
1323,0
1323.04045988045,0
1323.0809197609,0
1323.1809197609,0
1323.2809197609,0
1323.3809197609,0
1323.4809197609,0
1323.5809197609,0
1323.6809197609,0
1323.7809197609,0
1323.8809197609,0
1323.9809197609,0
1324,0
1324.0190802391,0
1324.03816047821,0
1324.13816047821,0
1324.23816047821,0
1324.33816047821,0
1324.43816047821,0
1324.53816047821,0
1324.63816047821,0
1324.73816047821,0
1324.83816047821,0
1324.93816047821,0
1325,0
1325.06183952179,0
1325.12367904359,0
1325.22367904359,0
1325.32367904359,0
1325.42367904359,0
1325.52367904359,0
1325.62367904359,0
1325.72367904359,0
1325.82367904359,0
1325.92367904359,0
1326,0
1326.07632095641,0
1326.15264191283,0
1326.25264191283,0
1326.35264191283,0
1326.45264191283,0
1326.55264191283,0
1326.65264191283,0
1326.75264191283,0
1326.85264191283,0
1326.95264191283,0
1327,0
1327.00000000001,2.5968377729896e-07
1327.01015478654,181.215550829115
1327.02030957307,362.43110407221
1327.0304643596,543.646662662634
1327.04061914613,724.862229274054
1327.07982726857,1424.54442994301
1327.11903539101,2124.22694393903
1327.15824351345,2823.90992515646
1327.25824351345,4608.44889696752
1327.35824351345,6392.99446239937
1327.45824351345,8177.54917470906
1327.55824351345,9962.11558715369
1327.65824351345,11746.6962529903
1327.75824351345,13531.293725476
1327.85824351345,15315.9105578679
1327.95824351345,17100.549303423
1328,17845.7588356584
1328.04175648655,18590.9728197635
1328.0835129731,19336.1914416327
1328.12526945966,20081.4148871604
1328.22526945966,21866.1246582024
1328.32526945966,23650.8657135237
1328.42526945966,25435.6406063812
1328.52526945966,27220.451890032
1328.62526945966,29005.3021177332
1328.72526945966,30790.1938427417
1328.82526945966,32575.129618315
1328.92526945966,34360.1119977098
1329,35694.070928392
1329.07473054034,37028.0583771873
1329.14946108069,38362.0754096823
1329.22419162103,39696.1230914643
1329.29892216137,41030.2024881203
1329.39892216137,42815.4402953239
1329.49892216137,44600.7393531776
1329.59892216137,46386.102214938
1329.69892216137,48171.5314338627
1329.79892216137,49957.0295632079
1329.89892216137,51742.5991562318
1329.99892216137,53528.2427661903
1330,53547.4895352686
1330.00107783863,53566.7363132757
1330.00215567725,53585.9831001394
1330.00323351588,53605.2298959308
1330.01401190215,53797.6983443333
1330.02479028843,53990.1676867439
1330.0355686747,54182.6379263757
1330.04634706097,54375.1090664167
1330.14634706097,56160.8664524744
1330.24634706097,57946.7041728605
1330.34634706097,59732.6247808321
1330.44634706097,61518.6308296473
1330.54634706097,63304.7248725622
1330.64634706097,65090.9094628345
1330.74634706097,66877.1871537216
1330.84634706097,68663.5604984793
1330.94634706097,70450.0320503662
1331,71408.5679133858
1331.00131199773,51100.3485823208
1331.00262399546,51111.5319827821
1331.00393599319,51122.7153911098
1331.00524799092,51133.8988072064
1331.00766843612,51154.5306057691
1331.01008888133,51175.1624309465
1331.01250932654,51195.7942827613
1331.01492977174,51216.4261612242
1331.02093608465,51267.6240964304
1331.02694239757,51318.8221959591
1331.03294871048,51370.0204599703
1331.03895502339,51421.218888644
1331.0449613363,51472.417482128
1331.05693790743,51574.5078268133
1331.06891447857,51676.5988287677
1331.0808910497,51778.6904892814
1331.09286762083,51880.7828096543
1331.10484419196,51982.875791194
1331.19045510385,52712.6760937185
1331.27606601575,53442.5107205358
1331.36167692764,54172.3801463329
1331.44728783954,54902.2848457988
1331.54728783954,55754.9138678484
1331.64728783954,56607.5924214803
1331.74728783954,57460.321263215
1331.84728783954,58313.1011495732
1331.94728783954,59165.9328370755
1332,59615.499950568
1332.00092925218,83338.0784500745
1332.00185850435,83354.6871154978
1332.00278775653,83371.2957912142
1332.0037170087,83387.9044772256
1332.00552031964,83420.1353971303
1332.00732363058,83452.3663558254
1332.00912694152,83484.5973533288
1332.01093025246,83516.8283896553
1332.01562690121,83600.7729730638
1332.02032354997,83684.7178201733
1332.02502019872,83768.6629312753
1332.02971684748,83852.6083066016
1332.03717533656,83985.9178750035
1332.04463382564,84119.2281115191
1332.05209231471,84252.5390171955
1332.05955080379,84385.8505931072
1332.07986910822,84749.0194031923
1332.10018741264,85112.1932164594
1332.12050571707,85475.3720543208
1332.22050571707,87262.8925756532
1332.32050571707,89050.5378790587
1332.42050571707,90838.3105177976
1332.52050571707,92626.2130451245
1332.62050571707,94414.2480142964
1332.72050571707,96202.4179785731
1332.82050571707,97990.7254912089
1332.92050571707,99779.1731054619
1333,101200.988363042
1333.07949428293,102622.895051734
1333.15898856587,104044.894454171
1333.2384828488,105466.987852986
1333.3384828488,107256.048699299
1333.4384828488,109045.262872517
1333.5384828488,110834.632925896
1333.6384828488,112624.161412696
1333.7384828488,114413.85088617
1333.8384828488,116203.703899577
1333.9384828488,117993.723006177
1334,119094.9753879
1334.0615171512,120196.292185913
1334.12303430239,121297.673994627
1334.18455145359,122399.121408441
1334.28455145359,124189.735018784
1334.38455145359,125980.526111594
1334.48455145359,127771.497240132
1334.58455145359,129562.650957651
1334.68455145359,131353.989817409
1334.78455145359,133145.516372666
1334.88455145359,134937.233176675
1334.98455145359,136729.142782696
1335,137005.984126591
1335.01544854641,137282.830142204
1335.03089709282,137559.680838946
1335.13089709282,139351.877204757
1335.23089709282,141144.272662412
1335.33089709282,142936.869765172
1335.43089709282,144729.671066297
1335.53089709282,146522.67911904
1335.63089709282,148315.89647666
1335.73089709282,150109.325692413
1335.83089709282,151902.969319559
1335.93089709282,153696.829911351
1336,154936.567836197
1336.06910290718,156176.411428019
1336.13820581435,157416.361529341
1336.20730872153,158656.418982692
1336.30730872153,160451.119148031
1336.40730872153,162246.048442031
1336.50730872153,164041.20941795
1336.60730872153,165836.604629042
1336.70730872153,167632.236628571
1336.80730872153,169428.107969788
1336.90730872153,171224.22120595
1337,172889.279773788
1337.09269127847,174554.550396876
1337.18538255694,176220.035108561
1337.27807383541,177885.735942184
1337.37807383541,179683.022237911
1337.47807383541,181480.565001681
1337.57807383541,183278.366786756
1337.67807383541,185076.430146393
1337.77807383541,186874.757633849
1337.87807383541,188673.351802377
1337.97807383541,190472.215205245
1338,190866.673196443
1338.02192616459,191261.144280921
1338.04385232919,191655.628485583
1338.06577849378,192050.12583739
1338.16577849378,193849.501499877
1338.26577849378,195649.15374254
1338.36577849378,197449.085118633
1338.46577849378,199249.298181413
1338.56577849378,201049.795484132
1338.66577849378,202850.57958006
1338.76577849378,204651.653022442
1338.86577849378,206453.018364539
1338.96577849378,208254.678159607
1339,208871.301361224
1339.00033270066,149609.246681521
1339.00066540132,149612.116614172
1339.00099810198,149614.986548289
1339.00133080264,149617.856483871
1339.00262104587,149628.986367279
1339.0039112891,149640.116272407
1339.00520153233,149651.246200167
1339.00790945554,149674.605424881
1339.01061737876,149697.964746582
1339.01332530197,149721.324165562
1339.01603322519,149744.683681837
1339.02231167868,149798.844245517
1339.02859013218,149853.005331894
1339.03486858567,149907.166940875
1339.04114703917,149961.329072889
1339.04742549266,150015.491727881
1339.05695126545,150097.669197238
1339.06647703823,150179.847871855
1339.07600281101,150262.027752277
1339.0855285838,150344.208839277
1339.09505435658,150426.39113351
1339.14350732646,150844.43117593
1339.19196029633,151262.502554589
1339.24041326621,151680.605355515
1339.28886623608,152098.739664766
1339.38886623608,152961.809064665
1339.48886623608,153825.013797526
1339.58886623608,154688.354619873
1339.68886623608,155551.832288214
1339.78886623608,156415.447559081
1339.88886623608,157279.201188991
1339.98886623608,158143.093934466
1340,158239.286352871
1340.00011048452,220892.771170587
1340.00022096904,220894.764262776
1340.00033145356,220896.757348094
1340.00143629875,220916.688261007
1340.00254114394,220936.619209693
1340.00364598913,220956.550197189
1340.00601086044,220999.211706582
1340.00837573176,221041.873392143
1340.01074060307,221084.535253936
1340.01310547439,221127.197291995
1340.01893261668,221232.319099051
1340.02475975898,221337.441976979
1340.03058690128,221442.565926322
1340.03641404358,221547.690947514
1340.04224118587,221652.817041269
1340.05067436533,221804.959933999
1340.05910754478,221957.105075471
1340.06754072424,222109.252467211
1340.07597390369,222261.40211075
1340.08440708314,222413.55400757
1340.11476696203,222961.327327668
1340.14512684092,223509.129943006
1340.17548671981,224056.961925075
1340.2058465987,224604.82334531
1340.3058465987,226409.589741313
1340.4058465987,228214.678848061
1340.5058465987,230020.093218822
1340.6058465987,231825.835406852
1340.7058465987,233631.90796541
1340.8058465987,235438.313447752
1340.9058465987,237245.054407131
1341,238946.471390703
1341.0941534013,240648.190164585
1341.1883068026,242350.212859887
1341.2883068026,244158.260442032
1341.3883068026,245966.655819665
1341.4883068026,247775.401546046
1341.5883068026,249584.500174431
1341.6883068026,251393.954258078
1341.7883068026,253203.766350244
1341.8883068026,255013.939004181
1341.9883068026,256824.47477316
1342,257036.208124682
1342.0116931974,257247.946480042
1342.02338639481,257459.689843461
1342.03507959221,257671.438218861
1342.13507959221,259482.511565811
1342.23507959221,261293.954328514
1342.33507959221,263105.769060251
1342.43507959221,264917.95831428
1342.53507959221,266730.524643856
1342.63507959221,268543.470602237
1342.73507959221,270356.798742675
1342.83507959221,272170.511618443
1342.93507959221,273984.611782781
1343,275162.541543375
1343.06492040779,276340.636307636
1343.12984081558,277518.896774173
1343.19476122338,278697.323641625
1343.29476122338,280512.837919484
1343.39476122338,282328.751222775
1343.49476122338,284145.066104752
1343.59476122337,285961.785118669
1343.69476122337,287778.910817797
1343.79476122337,289596.445755378
1343.89476122337,291414.392484675
1343.99476122337,293232.753558944
1344,293328.024903907
1344.0002043488,127386.782708502
1344.0004086976,127387.329424115
1344.00061304639,127387.876139921
1344.00081739519,127388.42285592
1344.00157962199,127390.462124331
1344.00234184878,127392.501394178
1344.00310407558,127394.54066811
1344.00489209039,127399.324360325
1344.00668010521,127404.108068199
1344.00846812002,127408.891790294
1344.01025613484,127413.6755278
1344.01321514782,127421.592239887
1344.0161741608,127429.508992668
1344.01913317378,127437.425786034
1344.02209218676,127445.342619987
1344.02505119973,127453.25949453
1344.02998911648,127466.471040083
1344.03492703323,127479.682698723
1344.03986494998,127492.894470534
1344.04480286673,127506.106355206
1344.04974078348,127519.318353071
1344.05828345741,127542.175585103
1344.06682613134,127565.033155575
1344.07536880527,127587.891064786
1344.08391147921,127610.749312609
1344.09245415314,127633.607899103
1344.11934751032,127705.571670382
1344.1462408675,127777.538801083
1344.17313422468,127849.509293154
1344.20002758186,127921.483148354
1344.30002758186,128189.139571395
1344.40002758186,128456.842615028
1344.50002758186,128724.592373846
1344.60002758186,128992.388942398
1344.70002758186,129260.232415248
1344.80002758186,129528.122886978
1344.90002758186,129796.060452132
1345,130063.971283595
1345.00031123587,41840.44947576
1345.00062247173,41840.44947576
1345.0009337076,41840.44947576
1345.00124494346,41840.44947576
1345.00228063463,41840.44947576
1345.00331632579,41840.44947576
1345.00435201695,41840.44947576
1345.00663862114,41840.44947576
1345.00892522532,41840.44947576
1345.01121182951,41840.44947576
1345.01349843369,41840.44947576
1345.01689288475,41840.44947576
1345.0202873358,41840.44947576
1345.02368178686,41840.44947576
1345.02707623792,41840.44947576
1345.03233428145,41840.44947576
1345.03759232499,41840.44947576
1345.04285036852,41840.44947576
1345.04810841206,41840.44947576
1345.05336645559,41840.44947576
1345.06407840278,41840.44947576
1345.07479034997,41840.44947576
1345.08550229716,41840.44947576
1345.09621424435,41840.44947576
1345.10692619154,41840.44947576
1345.14280672017,41840.44947576
1345.17868724881,41840.44947576
1345.21456777745,41840.44947576
1345.25044830608,41840.44947576
1345.35044830608,41840.44947576
1345.45044830608,41840.44947576
1345.55044830608,41840.44947576
1345.65044830608,41840.44947576
1345.75044830608,41840.44947576
1345.85044830608,41840.44947576
1345.95044830608,41840.44947576
1346,41840.44947576
1346.04955169392,41840.44947576
1346.09910338784,41840.44947576
1346.14865508176,41840.44947576
1346.24865508176,41840.44947576
1346.34865508176,41840.44947576
1346.44865508176,41840.44947576
1346.54865508176,41840.44947576
1346.64865508176,41840.44947576
1346.74865508176,41840.44947576
1346.84865508176,41840.44947576
1346.94865508176,41840.44947576
1347,41840.44947576
1347.05134491824,41840.44947576
1347.10268983648,41840.44947576
1347.15403475472,41840.44947576
1347.25403475472,41840.44947576
1347.35403475472,41840.44947576
1347.45403475472,41840.44947576
1347.55403475472,41840.44947576
1347.65403475472,41840.44947576
1347.75403475472,41840.44947576
1347.85403475472,41840.44947576
1347.95403475472,41840.44947576
1348,41840.44947576
1348.04596524528,41840.44947576
1348.09193049056,41840.44947576
1348.13789573584,41840.44947576
1348.23789573584,41840.44947576
1348.33789573584,41840.44947576
1348.43789573584,41840.44947576
1348.53789573584,41840.44947576
1348.63789573584,41840.44947576
1348.73789573584,41840.44947576
1348.83789573584,41840.44947576
1348.93789573584,41840.44947576
1349,41840.44947576
1349.06210426416,41840.44947576
1349.12420852832,41840.44947576
1349.18631279248,41840.44947576
1349.28631279248,41840.44947576
1349.38631279248,41840.44947576
1349.48631279248,41840.44947576
1349.58631279248,41840.44947576
1349.68631279248,41840.44947576
1349.78631279248,41840.44947576
1349.88631279248,41840.44947576
1349.98631279248,41840.44947576
1350,41840.44947576
1350.01368720752,41840.44947576
1350.02737441504,41840.44947576
1350.04106162256,41840.44947576
1350.14106162256,41840.44947576
1350.24106162256,41840.44947576
1350.34106162256,41840.44947576
1350.44106162256,41840.44947576
1350.54106162256,41840.44947576
1350.64106162256,41840.44947576
1350.74106162256,41840.44947576
1350.84106162256,41840.44947576
1350.94106162256,41840.44947576
1351,41840.44947576
1351.05893837744,41840.44947576
1351.11787675487,41840.44947576
1351.17681513231,41840.44947576
1351.27681513231,41840.44947576
1351.37681513231,41840.44947576
1351.47681513231,41840.44947576
1351.57681513231,41840.44947576
1351.67681513231,41840.44947576
1351.77681513231,41840.44947576
1351.87681513231,41840.44947576
1351.97681513231,41840.44947576
1352,41840.44947576
1352.00006598068,-270264.168941735
1352.00013196137,-270262.761524306
1352.00019794205,-270261.354114137
1352.00026392274,-270259.946688536
1352.00039464252,-270257.158337503
1352.0005253623,-270254.369983356
1352.00065608208,-270251.581628019
1352.00078680186,-270248.79327149
1352.00088857452,-270246.622380745
1352.00099034717,-270244.451487892
1352.00109211982,-270242.280594317
1352.00119389247,-270240.109695116
1352.00157930376,-270231.888553642
1352.00169492714,-270229.422206631
1352.00181055053,-270226.955859867
1352.00192617391,-270224.48951217
1352.0020417973,-270222.023163541
1352.00214772544,-270219.763624537
1352.00225365359,-270217.504077611
1352.00235958174,-270215.244539324
1352.00246550988,-270212.984990834
1352.0025956338,-270210.209333077
1352.00272575771,-270207.433665409
1352.00285588163,-270204.65800423
1352.00298600554,-270201.882334202
1352.00311612946,-270199.106666829
1352.00335081825,-270194.100529354
1352.00358550704,-270189.09438648
1352.00382019584,-270184.088239767
1352.00405488463,-270179.082091342
1352.00428957342,-270174.075934825
1352.00500962853,-270158.716391335
1352.00572968364,-270143.356811887
1352.00644973876,-270127.997196999
1352.00716979387,-270112.637544596
1352.00788984898,-270097.277856757
1352.00944340236,-270064.138471944
1352.01099695573,-270030.998918793
1352.01255050911,-269997.859197516
1352.01410406249,-269964.719308456
1352.01565761587,-269931.579250671
1352.01864519338,-269867.848434854
1352.02163277089,-269804.116997902
1352.0246203484,-269740.384939558
1352.02760792591,-269676.652259971
1352.03059550341,-269612.918959788
1352.03556941424,-269506.810292794
1352.04054332507,-269400.699906038
1352.0455172359,-269294.587799795
1352.05049114673,-269188.473975152
1352.05546505756,-269082.358432394
1352.06389866342,-268902.428351151
1352.07233226927,-268722.493336248
1352.08076587513,-268542.553391089
1352.08919948099,-268362.60851902
1352.09763308685,-268182.658723387
1352.12519645949,-267594.498375992
1352.15275983213,-267006.285589387
1352.18032320477,-266418.020480361
1352.20788657741,-265829.703165717
1352.30788657741,-263694.849716696
1352.40788657741,-261559.316231179
1352.50788657741,-259423.108286862
1352.60788657741,-257286.2314614
1352.70788657741,-255148.691332487
1352.80788657741,-253010.49347778
1352.90788657741,-250871.643474974
1353,-248900.903310872
1353.00025922728,-177113.570817117
1353.00051845455,-177110.624265551
1353.00077768183,-177107.677708019
1353.00103690911,-177104.731149833
1353.00221292699,-177091.363679775
1353.00338894487,-177077.996158888
1353.00456496274,-177064.628588892
1353.00707953622,-177036.045745401
1353.00959410969,-177007.462674093
1353.01210868317,-176978.87937497
1353.01462325664,-176950.295847521
1353.01970193063,-176892.565116784
1353.02478060463,-176834.833456699
1353.02985927862,-176777.100867313
1353.03493795261,-176719.367349296
1353.04001662661,-176661.632902595
1353.04798995323,-176570.990126552
1353.05596327986,-176480.345063852
1353.06393660648,-176389.697715739
1353.07190993311,-176299.048083406
1353.07988325973,-176208.396168045
1353.10447432243,-175928.796248843
1353.12906538514,-175649.174659647
1353.15365644784,-175369.531435439
1353.17824751054,-175089.866611213
1353.27824751054,-173952.382774902
1353.37824751054,-172814.544680113
1353.47824751054,-171676.354679941
1353.57824751054,-170537.815127457
1353.67824751054,-169398.928375745
1353.77824751054,-168259.696777887
1353.87824751054,-167120.122686966
1353.97824751054,-165980.208456062
1354,-165732.203921768
1354.00043099747,-232825.757070105
1354.00086199495,-232816.514650781
1354.00129299242,-232807.272221316
1354.00172398989,-232798.02978171
1354.00291153901,-232772.563559601
1354.00409908814,-232747.097254054
1354.00528663726,-232721.630863255
1354.0075644171,-232672.784789992
1354.00984219694,-232623.938405478
1354.01211997678,-232575.091710536
1354.01439775663,-232526.244704668
1354.01838879004,-232440.656214003
1354.02237982345,-232355.066770126
1354.02637085685,-232269.476372958
1354.03036189026,-232183.885023284
1354.03435292367,-232098.292721029
1354.04173403619,-231939.993764819
1354.04911514871,-231781.691554463
1354.05649626123,-231623.386092419
1354.06387737376,-231465.077380873
1354.07125848628,-231306.765422067
1354.09035643499,-230897.132757233
1354.10945438371,-230487.478406856
1354.12855233243,-230077.80240988
1354.14765028114,-229668.104805068
1354.24765028114,-227522.509518767
1354.34765028114,-225376.328445495
1354.44765028114,-223229.567162951
1354.54765028114,-221082.231248796
1354.64765028114,-218934.326280719
1354.74765028114,-216785.85783638
1354.84765028114,-214636.831493471
1354.94765028114,-212487.25282965
1355,-211361.736062686
1355.00020417824,-150498.724316013
1355.00040835648,-150496.387606915
1355.00061253472,-150494.050898449
1355.00197338278,-150478.476688541
1355.00333423085,-150462.902423744
1355.00469507892,-150447.328102025
1355.00755691031,-150414.575485973
1355.01041874171,-150381.822619405
1355.0132805731,-150349.069502775
1355.0161424045,-150316.31613573
1355.02184689949,-150251.028028578
1355.02755139448,-150185.738927814
1355.03325588947,-150120.448833653
1355.03896038447,-150055.15774653
1355.04466487946,-149989.865667088
1355.05376106584,-149885.751169509
1355.06285725223,-149781.634151386
1355.07195343862,-149677.514614462
1355.081049625,-149573.392560506
1355.09014581139,-149469.26799129
1355.1184039372,-149145.779573439
1355.146662063,-148822.266951216
1355.17492018881,-148498.730177754
1355.20317831462,-148175.169306151
1355.30317831462,-147029.95769596
1355.40317831462,-145884.447319185
1355.50317831462,-144738.640528899
1355.60317831462,-143592.539678193
1355.70317831462,-142446.147120138
1355.80317831462,-141299.46520782
1355.90317831462,-140152.496294321
1356,-139041.710416344
1356.00043261653,-195211.476241309
1356.00086523306,-195202.157406616
1356.00129784959,-195192.838563361
1356.00173046612,-195183.51970905
1356.00298351963,-195156.528034085
1356.00423657314,-195129.536279878
1356.00548962665,-195102.544446602
1356.00788390424,-195050.969462191
1356.01027818184,-194999.394189805
1356.01267245944,-194947.818630128
1356.01506673704,-194896.242783236
1356.01920058407,-194807.193676491
1356.0233344311,-194718.143713844
1356.02746827813,-194629.092895584
1356.03160212516,-194540.041222019
1356.03793872265,-194403.536057422
1356.04427532014,-194267.028885523
1356.05061191763,-194130.519707979
1356.05694851512,-193994.00852621
1356.06328511261,-193857.495341465
1356.07979907143,-193501.71565281
1356.09631303025,-193145.922395687
1356.11282698908,-192790.115595234
1356.1293409479,-192434.295276568
1356.2293409479,-190279.343981581
1356.3293409479,-188123.903487726
1356.4293409479,-185967.979372666
1356.5293409479,-183811.577214089
1356.6293409479,-181654.702589657
1356.7293409479,-179497.361077055
1356.8293409479,-177339.558253958
1356.9293409479,-175181.299698032
1357,-173656.02291938
1357.0706590521,-172130.52335938
1357.14131810421,-170604.802985721
1357.21197715631,-169078.863766106
1357.31197715631,-166918.91291399
1357.41197715631,-164758.533248939
1357.51197715631,-162597.730348613
1357.61197715631,-160436.509790702
1357.71197715631,-158274.877152867
1357.81197715631,-156112.838012794
1357.91197715631,-153950.397948154
1358,-152046.629370273
1358.00058841559,-108344.994966618
1358.00117683117,-108338.204172502
1358.00176524676,-108331.413370783
1358.00235366235,-108324.622561462
1358.00392896923,-108306.442161521
1358.00550427611,-108288.261707242
1358.00707958299,-108270.081198316
1358.01016283789,-108234.497407138
1358.01324609278,-108198.913407426
1358.01632934768,-108163.329199137
1358.01941260257,-108127.744782478
1358.02580324296,-108053.988552981
1358.03219388336,-107980.231429008
1358.03858452375,-107906.473411191
1358.04497516414,-107832.714500144
1358.05136580453,-107758.95469648
1358.0626327396,-107628.911265702
1358.07389967468,-107498.865065681
1358.08516660976,-107368.816099782
1358.09643354484,-107238.764371371
1358.10770047992,-107108.709883813
1358.15119145667,-106606.66673189
1358.19468243343,-106104.58271235
1358.23817341018,-105602.458018759
1358.28166438694,-105100.292844687
1358.3251553637,-104598.087383701
1358.4251553637,-103443.200782648
1358.5251553637,-102288.104564886
1358.6251553637,-101132.801083499
1358.7251553637,-99977.2926915667
1358.8251553637,-98821.5817421744
1358.9251553637,-97665.6705884004
1359,-96800.4035043297
1359.00076670706,-135797.051720173
1359.00153341412,-135780.446686153
1359.00230012118,-135763.841631321
1359.00306682824,-135747.236556166
1359.00444890348,-135717.303999072
1359.00583097872,-135687.371375237
1359.00721305396,-135657.438685055
1359.00972314913,-135603.075409938
1359.01223324431,-135548.711915579
1359.01474333948,-135494.348202008
1359.01725343466,-135439.984269364
1359.02283833458,-135319.025072794
1359.02842323449,-135198.06479291
1359.03400813441,-135077.103430657
1359.03959303433,-134956.140986939
1359.04517793425,-134835.177462817
1359.05538351295,-134614.13172278
1359.06558909165,-134393.08238408
1359.07579467034,-134172.029452644
1359.08600024904,-133950.972934365
1359.09620582774,-133729.912835206
1359.15344997636,-132489.897733315
1359.21069412498,-131249.77120208
1359.2679382736,-130009.534287782
1359.32518242222,-128769.188036692
1359.42518242222,-126602.163711896
1359.52518242222,-124434.814497694
1359.62518242222,-122267.145971765
1359.72518242222,-120099.16371178
1359.82518242222,-117930.873295416
1359.92518242222,-115762.280300348
1360,-114139.597013097
1360.00112577646,-81355.4214572563
1360.00225155292,-81342.378593437
1360.00337732938,-81329.3357087489
1360.00450310584,-81316.2928032882
1360.00635412744,-81294.8473814047
1360.00820514904,-81273.4019032799
1360.01005617065,-81251.956368672
1360.01190719225,-81230.5107777654
1360.01702659893,-81171.197993935
1360.02214600561,-81111.8847794032
1360.02726541229,-81052.5711345653
1360.03238481897,-80993.2570597165
1360.03750422565,-80933.9425551726
1360.04664830822,-80827.9962551378
1360.0557923908,-80722.0485870006
1360.06493647338,-80616.0995526052
1360.07408055595,-80510.1491537053
1360.08322463853,-80404.1973921455
1360.11986781361,-79979.6021852058
1360.15651098869,-79554.9852402525
1360.19315416377,-79130.3466730517
1360.22979733885,-78705.6865993871
1360.32979733885,-77546.6717719134
1360.42979733885,-76387.49998912
1360.52979733885,-75228.1736040887
1360.62979733885,-74068.6949699003
1360.72979733885,-72909.0664396395
1360.82979733885,-71749.2903663851
1360.92979733885,-70589.3691032188
1361,-69774.9880339959
1361.00085142664,-97846.0458572413
1361.00170285329,-97827.5613370023
1361.00255427993,-97809.0767985747
1361.00340570657,-97790.5922419621
1361.0050105952,-97755.7499018139
1361.00661548382,-97720.9074970545
1361.00822037245,-97686.0650276862
1361.00982526108,-97651.2224938996
1361.01413822429,-97557.586663324
1361.01845118749,-97463.9503673652
1361.0227641507,-97370.3136063864
1361.02707711391,-97276.6763808973
1361.03368716918,-97133.166898175
1361.04029722444,-96989.6563269681
1361.04690727971,-96846.1446689389
1361.05351733497,-96702.6319256444
1361.06776962757,-96393.1927627754
1361.08202192018,-96083.7485782543
1361.09627421278,-95774.2993882536
1361.19486129146,-93633.6173763561
1361.29344837014,-91492.7019754671
1361.39203544882,-89351.5585301637
1361.49203544882,-87179.50135602
1361.59203544882,-85007.2206306321
1361.69203544882,-82834.7219316743
1361.79203544882,-80662.0108368239
1361.89203544882,-78489.092923754
1361.99203544882,-76315.9737701404
1362,-76142.8860970153
1362.00796455118,-75969.7971855313
1362.01592910236,-75796.7070385183
1362.02389365353,-75623.6156587943
1362.03185820471,-75450.5230491642
1362.11150371649,-73719.5299285037
1362.19114922826,-71988.4169178737
1362.27079474004,-70257.1868352492
1362.35044025181,-68525.8424986054
1362.45044025181,-66351.8722360688
1362.55044025181,-64177.7318789943
1362.65044025181,-62003.4270050576
1362.75044025181,-59828.9631919338
1362.85044025181,-57654.3460172981
1362.95044025181,-55479.5810588255
1363,-54401.719971554
1363.00344794344,-38756.3183251506
1363.00689588688,-38716.217877424
1363.01034383032,-38676.1173366503
1363.01379177376,-38636.0167029187
1363.0172397172,-38595.9159763329
1363.02220731946,-38538.1409502109
1363.02717492172,-38480.3657318348
1363.03214252398,-38422.5903214744
1363.03711012624,-38364.8147194182
1363.04784658435,-38239.9438974109
1363.05858304247,-38115.0721842306
1363.06931950058,-37990.1995828006
1363.08005595869,-37865.326096024
1363.12439896542,-37349.572592308
1363.16874197214,-36833.8042412684
1363.21308497887,-36318.0212480775
1363.31308497887,-35154.8020872707
1363.41308497887,-33991.5118575525
1363.51308497887,-32828.1529120036
1363.61308497887,-31664.7276037064
1363.71308497887,-30501.2382857427
1363.81308497887,-29337.6873111934
1363.91308497887,-28174.0770331413
1364,-27162.6785707025
1364.00202796093,-38042.2651676811
1364.00405592186,-37998.1408202812
1364.00608388279,-37954.0164328227
1364.00811184372,-37909.8920053651
1364.01216889745,-37821.6184034183
1364.01622595118,-37733.3446419242
1364.02028300491,-37645.0707212558
1364.02434005863,-37556.7966417919
1364.03153640924,-37400.2168062566
1364.03873275984,-37243.6364743395
1364.04592911045,-37087.0556481154
1364.05312546105,-36930.4743296631
1364.06956054826,-36572.8707375202
1364.08599563547,-36215.26461363
1364.10243072267,-35857.6559827555
1364.20243072267,-33681.7181832934
1364.30243072267,-31505.6940654435
1364.40243072267,-29329.5892068811
1364.50243072267,-27153.4091852814
1364.60243072267,-24977.1595783198
1364.70243072267,-22800.8459636713
1364.80243072267,-20624.4739190111
1364.90243072267,-18448.0490220143
1365,-16324.4813699213
1365.00699819447,-11561.4171986602
1365.01231376663,-11499.5326206303
1365.0176293388,-11437.647976932
1365.02294491096,-11375.7632679185
1365.02826048312,-11313.8784939441
1365.03357605528,-11251.9936553613
1365.04593110489,-11108.153717825
1365.05828615451,-10964.3134375952
1365.07064120413,-10820.4728191101
1365.08299625375,-10676.6318668069
1365.09535130336,-10532.7905851242
1365.11819973821,-10266.7812374641
1365.14104817305,-10000.7708065756
1365.1638966079,-9734.75932052588
1365.18674504274,-9468.746807383
1365.28674504274,-8304.4871295078
1365.38674504274,-7140.21066816064
1365.48674504274,-5975.91977642317
1365.58674504274,-4811.61680737712
1365.68674504274,-3647.30411410421
1365.78674504274,-2482.98404968616
1365.88674504274,-1318.6589672047
1365.98674504274,-154.331219741534
1365.99999999999,-1.69432069562841e-07
1366,0
1366.01325495726,0
1366.02650991451,0
1366.03976487177,0
1366.07892370048,0
1366.11808252918,0
1366.15724135789,0
1366.25724135789,0
1366.35724135789,0
1366.45724135789,0
1366.55724135789,0
1366.65724135789,0
1366.75724135789,0
1366.85724135789,0
1366.95724135789,0
1367,0
1367.04275864211,0
1367.08551728423,0
1367.18551728423,0
1367.28551728423,0
1367.38551728423,0
1367.48551728423,0
1367.58551728423,0
1367.68551728423,0
1367.78551728423,0
1367.88551728423,0
1367.98551728423,0
1368,0
1368.01448271577,0
1368.02896543155,0
1368.12896543155,0
1368.22896543155,0
1368.32896543155,0
1368.42896543155,0
1368.52896543155,0
1368.62896543155,0
1368.72896543155,0
1368.82896543154,0
1368.92896543154,0
1369,0
1369.07103456846,0
1369.14206913691,0
1369.24206913691,0
1369.34206913691,0
1369.44206913691,0
1369.54206913691,0
1369.64206913691,0
1369.74206913691,0
1369.84206913691,0
1369.94206913691,0
1370,0
1370.05793086309,0
1370.11586172618,0
1370.21586172618,0
1370.31586172618,0
1370.41586172618,0
1370.51586172618,0
1370.61586172618,0
1370.71586172618,0
1370.81586172618,0
1370.91586172618,0
1371,0
1371.08413827382,0
1371.16827654764,0
1371.26827654764,0
1371.36827654764,0
1371.46827654764,0
1371.56827654764,0
1371.66827654764,0
1371.76827654764,0
1371.86827654764,0
1371.96827654764,0
1372,0
1372.03172345236,0
1372.06344690472,0
1372.16344690472,0
1372.26344690472,0
1372.36344690472,0
1372.46344690472,0
1372.56344690472,0
1372.66344690472,0
1372.76344690472,0
1372.86344690472,0
1372.96344690472,0
1373,0
1373.00000000001,2.5968377729896e-07
1373.01889706738,337.224468525644
1373.03779413475,674.448954021307
1373.05669120211,1011.67347397638
1373.1001585489,1787.36311473036
1373.14362589568,2563.05323866421
1373.18709324246,3338.74405547093
1373.28709324246,5123.28466747452
1373.38709324246,6907.83260970663
1373.48709324246,8692.39043542434
1373.58709324246,10476.9606978847
1373.68709324246,12261.5459503449
1373.78709324246,14046.1487460619
1373.88709324246,15830.7716382927
1373.98709324246,17615.4171802946
1374,17845.7588356583
1374.01290675754,18076.100916355
1374.02581351507,18306.443427874
1374.03872027261,18536.7863757052
1374.05162703015,18767.1297653379
1374.15162703015,20551.8181303593
1374.25162703015,22336.5358993791
1374.35162703015,24121.2856256547
1374.45162703015,25906.069862443
1374.55162703015,27690.8911630012
1374.65162703015,29475.7520805863
1374.75162703015,31260.6551684555
1374.85162703015,33045.6029798657
1374.95162703015,34830.5980680741
1375,35694.0709283919
1375.04837296985,36557.5557376683
1375.0967459397,37421.0527849061
1375.14511890956,38284.5623591087
1375.24511890956,40069.7109442384
1375.34511890956,41854.9168530256
1375.44511890956,43640.1826387274
1375.54511890956,45425.5108546005
1375.64511890956,47210.9040539027
1375.74511890956,48996.36478989
1375.84511890956,50781.8956158206
1375.94511890956,52567.4990849507
1376,53547.4895352762
1376.05488109044,54527.5030563282
1376.10976218089,55507.5400701543
1376.16464327133,56487.6009988047
1376.21952436178,57467.6862643282
1376.31952436178,59253.5843890334
1376.41952436178,61039.5672697298
1376.51952436178,62825.6374596741
1376.61952436178,64611.7975121227
1376.71952436178,66398.0499803337
1376.81952436178,68184.397417563
1376.91952436178,69970.8423770687
1377,71408.5679133864
1377.00185302744,51104.9602904925
1377.00370605488,51120.7554069347
1377.00555908231,51136.5505389726
1377.00741210975,51152.3456865934
1377.01054651766,51179.063316605
1377.01368092557,51205.7809912727
1377.01681533347,51232.4987106263
1377.01994974138,51259.2164747204
1377.02610767041,51311.7069317484
1377.03226559944,51364.1975616551
1377.03842352847,51416.6883646167
1377.04458145749,51469.179340794
1377.05073938652,51521.6704903794
1377.0645665236,51639.5358008921
1377.07839366068,51757.4019885729
1377.09222079776,51875.2690554309
1377.10604793484,51993.1370034591
1377.11987507192,52111.0058346598
1377.20164105625,52808.0345877183
1377.28340704057,53505.0947077601
1377.36517302489,54202.1866083435
1377.44693900921,54899.3107030291
1377.54693900921,55751.9395536216
1377.64693900921,56604.6179331574
1377.74693900921,57457.3465981568
1377.84693900921,58310.1263051413
1377.94693900921,59162.9578106306
1378,59615.4999505685
1378.00093433586,83338.1693114638
1378.00186867171,83354.8688383736
1378.00280300757,83371.5683756487
1378.00373734343,83388.267923413
1378.00554746229,83420.6205231614
1378.00735758116,83452.9731620162
1378.00916770002,83485.3258399939
1378.01097781888,83517.6785570469
1378.01567974571,83601.7174798184
1378.02038167254,83685.7566668923
1378.02508359937,83769.7961185392
1378.02978552619,83853.8358350167
1378.03725792378,83987.3940043819
1378.04473032136,84120.9528443485
1378.05220271895,84254.5123560081
1378.05967511653,84388.0725404055
1378.08011132221,84753.3487594434
1378.10054752788,85118.6300401514
1378.12098373355,85483.9164043232
1378.22098373355,87271.4375160602
1378.32098373355,89059.0834220775
1378.42098373355,90846.8566756303
1378.52098373355,92634.7598299786
1378.62098373355,94422.7954383769
1378.72098373355,96210.9660540832
1378.82098373355,97999.2742303537
1378.92098373355,99787.722520448
1379,101200.988363042
1379.07901626645,102614.344540463
1379.1580325329,104027.792312347
1379.23704879935,105441.332938324
1379.33704879935,107230.391604423
1379.43704879935,109019.603560811
1379.53704879935,110808.971360748
1379.63704879935,112598.497557489
1379.73704879935,114388.184704289
1379.83704879935,116178.03535441
1379.93704879935,117968.052061105
1380,119094.9753879
1380.06295120065,120221.966169257
1380.12590240131,121349.025042126
1380.18885360196,122476.152643461
1380.28885360196,124266.773836803
1380.38885360196,126057.572622458
1380.48885360196,127848.551553685
1380.58885360196,129639.713183739
1380.68885360196,131431.060065875
1380.78885360196,133222.594753357
1380.88885360196,135014.319799435
1380.98885360196,136806.23775737
1381,137005.98412659
1381.01114639804,137205.732927852
1381.02229279608,137405.484164686
1381.12229279608,139197.66351934
1381.22229279608,140990.041746149
1381.32229279608,142782.621398374
1381.42229279608,144575.405029269
1381.52229279608,146368.395192098
1381.62229279608,148161.594440111
1381.72229279608,149955.005326568
1381.82229279608,151748.630404728
1381.92229279608,153542.472227845
1382,154936.567836197
1382.07770720392,156330.797063853
1382.15541440784,157725.161108872
1382.23312161176,159119.661169313
1382.33312161176,160914.420234909
1382.43312161176,162709.409088236
1382.53312161176,164504.630282551
1382.63312161176,166300.08637111
1382.73312161176,168095.779907174
1382.83312161176,169891.713443995
1382.93312161176,171687.889534832
1383,172889.279773788
1383.06687838824,174090.780406085
1383.13375677649,175292.392195476
1383.20063516473,176494.115905708
1383.30063516473,178291.205350154
1383.40063516473,180088.549285436
1383.50063516473,181886.150264814
1383.60063516473,183684.010841545
1383.70063516473,185482.133568887
1383.80063516473,187280.521000096
1383.90063516473,189079.175688426
1384,190866.67319644
1384.09936483527,192654.439603148
1384.19872967054,194442.477413466
1384.29809450581,196230.789132317
1384.39809450581,198030.811259078
1384.49809450581,199831.115897638
1384.59809450581,201631.705601249
1384.69809450581,203432.582923179
1384.79809450581,205233.750416674
1384.89809450581,207035.210634995
1384.99809450581,208836.966131398
1385,208871.301361191
1385.000555649,149611.169871715
1385.00111129801,149615.962997263
1385.00166694701,149620.756126898
1385.00222259602,149625.549260621
1385.00358829066,149637.330019262
1385.0049539853,149649.110802123
1385.00631967994,149660.891609962
1385.00902877307,149684.260966961
1385.01173786619,149707.6304208
1385.01444695931,149730.999972008
1385.01715605243,149754.36962046
1385.02368114652,149810.657916844
1385.03020624061,149866.946777662
1385.03673133469,149923.236203133
1385.04325642878,149979.526193466
1385.04978152287,150035.816748873
1385.05993347836,150123.396566059
1385.07008543384,150210.977752301
1385.08023738933,150298.560308497
1385.09038934482,150386.144235438
1385.15479512338,150941.823947177
1385.21920090194,151497.559061928
1385.2836066805,152053.349781759
1385.3836066805,152916.41208469
1385.4836066805,153779.60968079
1385.5836066805,154642.943326586
1385.6836066805,155506.413778587
1385.7836066805,156370.021793325
1385.8836066805,157233.768127316
1385.9836066805,158097.653537086
1386,158239.286352839
1386.00012549799,220893.042006546
1386.00025099598,220895.305934356
1386.00037649398,220897.56985947
1386.0016314739,220920.209136446
1386.00288645382,220942.848464796
1386.00414143374,220965.487842435
1386.00653511643,221008.669137991
1386.00892879912,221051.850614126
1386.0113224818,221095.032270655
1386.01371616449,221138.214108114
1386.01934602007,221239.776948171
1386.02497587565,221341.340787909
1386.03060573123,221442.905627758
1386.03623558681,221544.471468172
1386.04186544238,221646.038309609
1386.05028108538,221797.864724962
1386.05869672837,221949.693379621
1386.06711237136,222101.524275076
1386.07552801435,222253.357412993
1386.08394365734,222405.192794749
1386.11361643758,222940.568259352
1386.14328921782,223475.97170566
1386.17296199806,224011.403200352
1386.2026347783,224546.862810176
1386.3026347783,226351.618883597
1386.4026347783,228156.697585769
1386.5026347783,229962.101469948
1386.6026347783,231767.83308939
1386.7026347783,233573.89499735
1386.8026347783,235380.289747096
1386.9026347783,237187.019891873
1387,238946.471390702
1387.0973652217,240706.245620756
1387.19473044341,242466.34493876
1387.29473044341,244274.414785296
1387.39473044341,246082.832591336
1387.49473044341,247891.600910131
1387.59473044341,249700.722294952
1387.69473044341,251510.199299042
1387.79473044341,253320.034475663
1387.89473044341,255130.230378072
1387.99473044341,256940.789559526
1388,257036.208124656
1388.00027008235,184227.360743628
1388.0005401647,184229.706457247
1388.00081024706,184232.052172052
1388.00108032941,184234.397888043
1388.00224526003,184244.515543056
1388.00341019064,184254.633220074
1388.00457512126,184264.750919169
1388.00707373837,184286.45207655
1388.00957235548,184308.153335832
1388.01207097259,184329.85469633
1388.0145695897,184351.556158804
1388.01980446024,184397.023376777
1388.02503933079,184442.491040991
1388.03027420134,184487.959151453
1388.03550907189,184533.427708272
1388.04074394243,184578.896711557
1388.04877921574,184648.690303053
1388.05681448904,184718.484947169
1388.06484976234,184788.280644117
1388.07288503564,184858.077394462
1388.08092030895,184927.875198598
1388.10612359566,185146.808514854
1388.13132688237,185365.752213891
1388.15653016908,185584.70630778
1388.18173345579,185803.670808631
1388.28173345579,186672.567047204
1388.38173345579,187541.628069082
1388.48173345579,188410.854630784
1388.58173345579,189280.247488836
1388.68173345579,190149.807399744
1388.78173345579,191019.535120044
1388.88173345579,191889.43140625
1388.98173345579,192759.497014889
1389,192918.446282949
1389.00008264017,37345.928467829
1389.00016528035,37345.928467829
1389.00024792052,37345.928467829
1389.00081690508,37345.928467829
1389.00138588963,37345.928467829
1389.00195487418,37345.928467829
1389.00412114506,37345.928467829
1389.00628741593,37345.928467829
1389.00845368681,37345.928467829
1389.01061995768,37345.928467829
1389.01346984824,37345.928467829
1389.0163197388,37345.928467829
1389.01916962936,37345.928467829
1389.02201951992,37345.928467829
1389.02486941048,37345.928467829
1389.02988249846,37345.928467829
1389.03489558644,37345.928467829
1389.03990867443,37345.928467829
1389.04492176241,37345.928467829
1389.04993485039,37345.928467829
1389.05865242492,37345.928467829
1389.06736999945,37345.928467829
1389.07608757398,37345.928467829
1389.08480514851,37345.928467829
1389.09352272304,37345.928467829
1389.11667532268,37345.928467829
1389.13982792232,37345.928467829
1389.16298052196,37345.928467829
1389.1861331216,37345.928467829
1389.2861331216,37345.928467829
1389.3861331216,37345.928467829
1389.4861331216,37345.928467829
1389.5861331216,37345.928467829
1389.6861331216,37345.928467829
1389.7861331216,37345.928467829
1389.8861331216,37345.928467829
1389.9861331216,37345.928467829
1390,37345.928467829
1390.0138668784,37345.928467829
1390.02773375679,37345.928467829
1390.04160063519,37345.928467829
1390.14160063519,37345.928467829
1390.24160063519,37345.928467829
1390.34160063519,37345.928467829
1390.44160063519,37345.928467829
1390.54160063519,37345.928467829
1390.64160063519,37345.928467829
1390.74160063519,37345.928467829
1390.84160063519,37345.928467829
1390.94160063519,37345.928467829
1391,37345.928467829
1391.05839936481,37345.928467829
1391.11679872962,37345.928467829
1391.17519809443,37345.928467829
1391.27519809443,37345.928467829
1391.37519809443,37345.928467829
1391.47519809443,37345.928467829
1391.57519809443,37345.928467829
1391.67519809443,37345.928467829
1391.77519809443,37345.928467829
1391.87519809443,37345.928467829
1391.97519809443,37345.928467829
1392,37345.928467829
1392.02480190557,37345.928467829
1392.04960381114,37345.928467829
1392.0744057167,37345.928467829
1392.1744057167,37345.928467829
1392.2744057167,37345.928467829
1392.3744057167,37345.928467829
1392.4744057167,37345.928467829
1392.5744057167,37345.928467829
1392.6744057167,37345.928467829
1392.7744057167,37345.928467829
1392.8744057167,37345.928467829
1392.9744057167,37345.928467829
1393,37345.928467829
1393.0255942833,37345.928467829
1393.0511885666,37345.928467829
1393.07678284989,37345.928467829
1393.17678284989,37345.928467829
1393.27678284989,37345.928467829
1393.37678284989,37345.928467829
1393.47678284989,37345.928467829
1393.57678284989,37345.928467829
1393.67678284989,37345.928467829
1393.77678284989,37345.928467829
1393.87678284989,37345.928467829
1393.97678284989,37345.928467829
1394,37345.928467829
1394.02321715011,37345.928467829
1394.04643430021,37345.928467829
1394.06965145032,37345.928467829
1394.16965145032,37345.928467829
1394.26965145032,37345.928467829
1394.36965145032,37345.928467829
1394.46965145032,37345.928467829
1394.56965145032,37345.928467829
1394.66965145032,37345.928467829
1394.76965145032,37345.928467829
1394.86965145032,37345.928467829
1394.96965145032,37345.928467829
1395,37345.928467829
1395.03034854968,37345.928467829
1395.06069709936,37345.928467829
1395.09104564905,37345.928467829
1395.19104564905,37345.928467829
1395.29104564905,37345.928467829
1395.39104564905,37345.928467829
1395.49104564905,37345.928467829
1395.59104564905,37345.928467829
1395.69104564905,37345.928467829
1395.79104564905,37345.928467829
1395.89104564905,37345.928467829
1395.99104564905,37345.928467829
1396,37345.928467829
1396.00895435095,37345.928467829
1396.01790870191,37345.928467829
1396.02686305286,37345.928467829
1396.11640656239,37345.928467829
1396.20595007193,37345.928467829
1396.29549358146,37345.928467829
1396.385037091,37345.928467829
1396.485037091,37345.928467829
1396.585037091,37345.928467829
1396.685037091,37345.928467829
1396.785037091,37345.928467829
1396.885037091,37345.928467829
1396.985037091,37345.928467829
1397,37345.928467829
1397.014962909,37345.928467829
1397.029925818,37345.928467829
1397.04488872701,37345.928467829
1397.14488872701,37345.928467829
1397.24488872701,37345.928467829
1397.34488872701,37345.928467829
1397.44488872701,37345.928467829
1397.54488872701,37345.928467829
1397.64488872701,37345.928467829
1397.74488872701,37345.928467829
1397.84488872701,37345.928467829
1397.94488872701,37345.928467829
1398,37345.928467829
1398.00012233965,-243546.875059623
1398.0002446793,-243544.255333703
1398.00036701895,-243541.635606845
1398.00048935861,-243539.015879047
1398.0006934237,-243534.646118066
1398.00089748879,-243530.276350525
1398.00110155388,-243525.906584772
1398.00130561897,-243521.536812005
1398.00160951803,-243515.029232973
1398.00170068775,-243513.076953256
1398.00179185746,-243511.124682197
1398.00188302718,-243509.17240569
1398.0019741969,-243507.220123736
1398.00210402254,-243504.440084668
1398.00223384819,-243501.660040922
1398.00236367383,-243498.879996119
1398.00249349947,-243496.099950258
1398.00283088686,-243488.875237101
1398.00316827424,-243481.650516817
1398.00350566162,-243474.425788062
1398.003843049,-243467.201054827
1398.00440172647,-243455.237649985
1398.00496040394,-243443.274225917
1398.00551908141,-243431.310782272
1398.00607775888,-243419.347319052
1398.00708226248,-243397.836930804
1398.00808676608,-243376.326479129
1398.00909126968,-243354.815964185
1398.01009577327,-243333.305385977
1398.01188313061,-243295.030513568
1398.01367048794,-243256.7554414
1398.01545784527,-243218.480168513
1398.01724520261,-243180.204695944
1398.01986097138,-243124.188794707
1398.02247674016,-243068.172465247
1398.02509250893,-243012.15570696
1398.02770827771,-242956.13852063
1398.03154087657,-242874.061912482
1398.03537347543,-242791.984385325
1398.03920607429,-242709.905939476
1398.04303867316,-242627.826574901
1398.04687127202,-242545.746292261
1398.05410805841,-242390.758231842
1398.06134484481,-242235.766900883
1398.06858163121,-242080.772301742
1398.07581841761,-241925.774436286
1398.083055204,-241770.773306814
1398.1009743062,-241386.958933158
1398.11889340839,-241003.124592014
1398.13681251058,-240619.270315485
1398.15473161278,-240235.39613574
1398.25473161278,-238092.769809434
1398.35473161278,-235949.530202773
1398.45473161278,-233805.682893434
1398.55473161278,-231661.233459093
1398.65473161278,-229516.187477412
1398.75473161278,-227370.550526084
1398.85473161278,-225224.328182766
1398.95473161278,-223077.526025151
1399,-222105.514166024
1399.0006256658,-158116.631550466
1399.0012513316,-158109.484217969
1399.0018769974,-158102.336874193
1399.0025026632,-158095.189516522
1399.003128329,-158088.042147573
1399.00470475489,-158070.033598064
1399.00628118078,-158052.024968904
1399.00785760666,-158034.016259862
1399.00943403255,-158016.007470948
1399.01273117275,-157978.341311431
1399.01602831295,-157940.674802813
1399.01932545315,-157903.007944755
1399.02262259334,-157865.340737837
1399.02790789664,-157804.959618856
1399.03319319994,-157744.577603465
1399.03847850323,-157684.194691918
1399.04376380653,-157623.81088464
1399.04904910983,-157563.426181748
1399.05943244108,-157444.793794621
1399.06981577233,-157326.157955397
1399.08019910358,-157207.518666732
1399.09058243483,-157088.87593126
1399.10096576609,-156970.229751615
1399.1404265652,-156519.295588509
1399.1798873643,-156068.311863761
1399.21934816341,-155617.278721931
1399.25880896252,-155166.196307608
1399.35880896252,-154022.861385917
1399.45880896252,-152879.213319452
1399.55880896252,-151735.254461301
1399.65880896252,-150590.987164547
1399.75880896252,-149446.413782268
1399.85880896252,-148301.536667555
1399.95880896252,-147156.358173481
1400,-146684.560182707
1400.00056093319,-205972.636714732
1400.00112186638,-205960.568321259
1400.00168279957,-205948.499911791
1400.00224373276,-205936.431484302
1400.00345025974,-205910.473109089
1400.00465678672,-205884.514657072
1400.0058633137,-205858.556127329
1400.00822520848,-205807.739539431
1400.01058710327,-205756.922655793
1400.01294899805,-205706.10547721
1400.01531089284,-205655.288003113
1400.01940098656,-205567.286674242
1400.02349108029,-205479.284460695
1400.02758117402,-205391.281363004
1400.03167126775,-205303.277381275
1400.03777889995,-205171.861645038
1400.04388653215,-205040.443940047
1400.04999416435,-204909.024267633
1400.05610179655,-204777.60262888
1400.06220942875,-204646.179025244
1400.07759704386,-204315.060693948
1400.09298465897,-203983.929918735
1400.10837227407,-203652.786719866
1400.12375988918,-203321.631117736
1400.22375988918,-201169.238505533
1400.32375988918,-199016.328494776
1400.42375988918,-196862.906663154
1400.52375988918,-194708.978588343
1400.62375988918,-192554.549848007
1400.72375988918,-190399.626019836
1400.82375988918,-188244.212681491
1400.92375988918,-186088.315410661
1401,-184444.335273059
1401.00048676336,-131380.716914011
1401.00097352671,-131375.122940695
1401.00146029007,-131369.528960364
1401.00194705342,-131363.934975109
1401.00341616332,-131347.051619527
1401.00488527321,-131330.168206281
1401.00635438311,-131313.284735964
1401.00920945917,-131280.473143947
1401.01206453524,-131247.661334968
1401.0149196113,-131214.849308598
1401.01777468737,-131182.037065248
1401.02372528938,-131113.648487004
1401.0296758914,-131045.258966395
1401.03562649341,-130976.868503944
1401.04157709542,-130908.477100205
1401.04752769744,-130840.084755502
1401.05745794291,-130725.950886711
1401.06738818838,-130611.814401494
1401.07731843384,-130497.675302163
1401.08724867931,-130383.533591022
1401.09717892478,-130269.389270374
1401.12904300835,-129903.106393006
1401.16090709192,-129536.796747144
1401.19277117549,-129170.460408886
1401.22463525906,-128804.097454362
1401.32463525906,-127654.157719435
1401.42463525906,-126503.958940838
1401.52463525906,-125353.503471661
1401.62463525906,-124202.793664985
1401.72463525906,-123051.831873892
1401.82463525906,-121900.620451461
1401.92463525906,-120749.161750782
1402,-119881.205905853
1402.00074949037,-168241.45166088
1402.00149898075,-168225.263386306
1402.00224847112,-168209.07508828
1402.0029979615,-168192.886765154
1402.00427878905,-168165.221978174
1402.0055596166,-168137.557119682
1402.00684044415,-168109.892190567
1402.00936529929,-168055.356977093
1402.01189015442,-168000.821488484
1402.01441500955,-167946.285724486
1402.01693986468,-167891.749685555
1402.02304051419,-167759.976531592
1402.0291411637,-167628.20177356
1402.03524181321,-167496.425412758
1402.04134246272,-167364.647450455
1402.04744311224,-167232.867887914
1402.05749508722,-167015.732624241
1402.0675470622,-166798.593025258
1402.07759903718,-166581.449096533
1402.08765101216,-166364.300843823
1402.14739905587,-165073.502051455
1402.20714709958,-163782.551881068
1402.26689514329,-162491.451522334
1402.36689514329,-160330.210567972
1402.46689514329,-158168.557808006
1402.56689514329,-156006.498820102
1402.66689514329,-153844.039181945
1402.76689514329,-151681.184471204
1402.86689514329,-149517.940265556
1402.96689514329,-147354.312142676
1403,-146637.962522819
1403.03310485671,-145921.571641905
1403.06620971341,-145205.13970228
1403.09931457012,-144488.666906324
1403.19931457012,-142324.168031976
1403.29931457012,-140159.303781674
1403.39931457012,-137994.079733091
1403.49931457012,-135828.501463903
1403.59931457012,-133662.574551783
1403.69931457012,-131496.30457441
1403.79931457012,-129329.697109456
1403.89931457012,-127162.757734597
1403.99931457012,-124995.492027509
1404,-124980.635827555
1404.00068542988,-89080.5095984159
1404.00137085976,-89072.5763320336
1404.00205628965,-89064.6430571772
1404.00372191394,-89045.3648204274
1404.00538753824,-89026.0865335525
1404.00705316254,-89006.8081968012
1404.01043898941,-88967.6196668097
1404.01382481629,-88928.4309303698
1404.01721064316,-88889.2419874244
1404.02059647004,-88850.0528382002
1404.02740835604,-88771.2082478796
1404.03422024204,-88692.3628234954
1404.04103212805,-88613.5165657289
1404.04784401405,-88534.6694753239
1404.05465590005,-88455.8215530744
1404.06877083849,-88292.4377878337
1404.08288577694,-88129.0504606452
1404.09700071538,-87965.6595781197
1404.11111565382,-87802.2651468744
1404.21111565382,-86644.5647711102
1404.31111565382,-85486.6889601362
1404.41111565382,-84328.6400670381
1404.51111565382,-83170.4204448943
1404.61111565382,-82012.0324467876
1404.71111565382,-80853.4784257987
1404.81111565382,-79694.7607350124
1404.91111565382,-78535.8817275073
1405,-77505.6861845907
1405.00098508861,-108694.915506803
1405.00197017721,-108673.542218254
1405.00295526582,-108652.168902653
1405.00394035443,-108630.795559904
1405.00565386753,-108593.617619031
1405.00736738063,-108556.439596204
1405.00908089373,-108519.26149173
1405.01079440683,-108482.083305463
1405.01505731249,-108389.59045669
1405.01932021815,-108297.097102716
1405.02358312381,-108204.603243879
1405.02784602947,-108112.108880634
1405.03440110155,-107969.879270888
1405.04095617362,-107827.648471076
1405.04751124569,-107685.416482716
1405.05406631776,-107543.183307438
1405.06826275945,-107235.142208877
1405.08245920114,-106927.095566478
1405.09665564283,-106619.043396172
1405.18870577115,-104621.491405075
1405.28075589948,-102623.712027869
1405.3728060278,-100625.709614925
1405.4728060278,-98454.9028519146
1405.5728060278,-96283.8435767293
1405.6728060278,-94112.5373670443
1405.7728060278,-91940.9898005347
1405.8728060278,-89769.2064548749
1405.9728060278,-87597.1929077425
1406,-87006.4970657555
1406.00145566186,-62021.1150175542
1406.00291132372,-62004.2150097237
1406.00436698557,-61987.3149753702
1406.00582264743,-61970.4149143365
1406.00826142018,-61942.1009933385
1406.01070019293,-61913.7869978147
1406.01313896569,-61885.4729278321
1406.01557773844,-61857.158783327
1406.02131972604,-61790.494030235
1406.02706171365,-61723.8288650183
1406.03280370126,-61657.1632881438
1406.03854568887,-61590.4973000155
1406.04428767648,-61523.8309011202
1406.05556725178,-61392.8700604485
1406.06684682708,-61261.907639708
1406.07812640239,-61130.9436423017
1406.08940597769,-60999.9780715857
1406.10068555299,-60869.0109309367
1406.15117338084,-60282.7776476961
1406.20166120868,-59696.5132815745
1406.25214903652,-59110.2181354056
1406.30263686437,-58523.8925120182
1406.35312469221,-57937.5367142393
1406.45312469221,-56776.0683088601
1406.55312469221,-55614.485068182
1406.65312469221,-54452.7893452877
1406.75312469221,-53290.9834932602
1406.85312469221,-52129.0698651797
1406.95312469221,-50967.050814129
1407,-50422.3151829902
1407.00114760739,-70684.2612615832
1407.00229521478,-70659.315636879
1407.00344282217,-70634.3699883742
1407.00459042956,-70609.4243159644
1407.006792151,-70561.565179989
1407.00899387244,-70513.7059562783
1407.01119559387,-70465.8466449513
1407.01339731531,-70417.9872460528
1407.01862063398,-70304.4462420962
1407.02384395265,-70190.9047464101
1407.02906727131,-70077.3627597742
1407.03429058998,-69963.8202829834
1407.04307530669,-69772.8604129023
1407.05186002339,-69581.8991624394
1407.06064474009,-69390.9365353778
1407.06942945679,-69199.9725355097
1407.1038756247,-68451.1613956075
1407.13832179261,-67702.3294342571
1407.17276796051,-66953.4768794293
1407.27276796051,-64779.383033232
1407.37276796051,-62605.123126702
1407.47276796051,-60430.7027375149
1407.57276796051,-58256.127443345
1407.67276796051,-56081.402821868
1407.77276796051,-53906.5344507589
1407.87276796051,-51731.527907693
1407.97276796051,-49556.3887703454
1408,-48964.0317828813
1408.02723203949,-48371.6654887096
1408.05446407898,-47779.2900004705
1408.08169611846,-47186.9054308042
1408.10892815795,-46594.5118923511
1408.20892815795,-44419.0817600148
1408.30892815795,-42243.5377833206
1408.40892815795,-40067.8855399442
1408.50892815795,-37892.1306075603
1408.60892815795,-35716.2785638442
1408.70892815795,-33540.3349864712
1408.80892815795,-31364.3054531163
1408.90892815795,-29188.1955414549
1409,-27206.3069342042
1409.00615349752,-19332.0294107659
1409.01084231434,-19277.4513567951
1409.01553113116,-19222.8732171638
1409.02021994798,-19168.2949921139
1409.02490876481,-19113.7166818917
1409.02959758163,-19059.138286736
1409.03943034521,-18944.6834541281
1409.0492631088,-18830.2282513177
1409.05909587238,-18715.7726805435
1409.06892863597,-18601.3167440407
1409.07876139955,-18486.8604440467
1409.10181247871,-18218.5375971553
1409.12486355787,-17950.212793703
1409.14791463704,-17681.886062511
1409.1709657162,-17413.5574323996
1409.2709657162,-16249.4751172485
1409.3709657162,-15085.3599601132
1409.4709657162,-13921.2143140758
1409.5709657162,-12757.0405322178
1409.6709657162,-11592.8409676211
1409.7709657162,-10428.6179733673
1409.8709657162,-9264.37390253821
1409.9709657162,-8100.11110821549
1410,-7762.07257353755
1410.00483365029,-4618.58039987412
1410.00966730058,-4596.14846836806
1410.01450095087,-4573.71652072923
1410.01933460116,-4551.28455703716
1410.02416825145,-4528.85257737058
1410.02984785531,-4502.49468033888
1410.03552745918,-4476.13676148847
1410.04120706305,-4449.77882094637
1410.04688666691,-4423.42085884032
1410.05256627078,-4397.06287529868
1410.07016250823,-4315.40188042783
1410.08775874568,-4233.74068482806
1410.10535498313,-4152.07929229808
1410.12295122059,-4070.41770663637
1410.14054745804,-3988.75593164148
1410.21145966556,-3659.66005782364
1410.28237187309,-3330.56141942583
1410.35328408062,-3001.46026506243
1410.42419628815,-2672.35684334784
1410.52419628815,-2208.25365858326
1410.62419628815,-1744.14715647048
1410.72419628815,-1280.0380342189
1410.82419628815,-815.926989037919
1410.92419628815,-351.814718136937
1410.99999999999,-6.75373087394983e-08
1411,0
1411.07580371185,0
1411.1516074237,0
1411.22741113556,0
1411.32741113556,0
1411.42741113556,0
1411.52741113556,0
1411.62741113556,0
1411.72741113556,0
1411.82741113556,0
1411.92741113556,0
1412,0
1412.07258886444,0
1412.14517772889,0
1412.24517772889,0
1412.34517772889,0
1412.44517772889,0
1412.54517772889,0
1412.64517772889,0
1412.74517772889,0
1412.84517772889,0
1412.94517772889,0
1413,0
1413.05482227111,0
1413.10964454223,0
1413.20964454223,0
1413.30964454223,0
1413.40964454223,0
1413.50964454223,0
1413.60964454223,0
1413.70964454223,0
1413.80964454223,0
1413.90964454223,0
1414,0
1414.09035545777,0
1414.18071091555,0
1414.28071091555,0
1414.38071091555,0
1414.48071091555,0
1414.58071091555,0
1414.68071091555,0
1414.78071091555,0
1414.88071091555,0
1414.98071091555,0
1415,0
1415.01928908445,0
1415.03857816891,0
1415.13857816891,0
1415.23857816891,0
1415.33857816891,0
1415.43857816891,0
1415.53857816891,0
1415.63857816891,0
1415.73857816891,0
1415.83857816891,0
1415.93857816891,0
1416,0
1416.06142183109,0
1416.12284366219,0
1416.22284366219,0
1416.32284366219,0
1416.42284366219,0
1416.52284366219,0
1416.62284366219,0
1416.72284366219,0
1416.82284366219,0
1416.92284366219,0
1417,0
1417.07715633781,0
1417.15431267563,0
1417.25431267563,0
1417.35431267563,0
1417.45431267563,0
1417.55431267563,0
1417.65431267563,0
1417.75431267563,0
1417.85431267563,0
1417.95431267563,0
1418,0
1418.04568732437,0
1418.09137464875,0
1418.19137464875,0
1418.29137464875,0
1418.39137464875,0
1418.49137464875,0
1418.59137464875,0
1418.69137464875,0
1418.79137464875,0
1418.89137464875,0
1418.99137464875,0
1419,0
1419.00862535125,0
1419.01725070251,0
1419.10350421506,0
1419.18975772761,0
1419.27601124016,0
1419.37601124016,0
1419.47601124016,0
1419.57601124016,0
1419.67601124016,0
1419.77601124016,0
1419.87601124016,0
1419.97601124016,0
1420,0
1420.02398875984,0
1420.04797751968,0
1420.14797751968,0
1420.24797751968,0
1420.34797751968,0
1420.44797751968,0
1420.54797751968,0
1420.64797751968,0
1420.74797751968,0
1420.84797751968,0
1420.94797751968,0
1421,0
1421.05202248032,0
1421.10404496064,0
1421.20404496064,0
1421.30404496064,0
1421.40404496064,0
1421.50404496064,0
1421.60404496064,0
1421.70404496064,0
1421.80404496064,0
1421.90404496064,0
1422,0
1422.00000000001,2.5968377729896e-07
1422.01286008596,229.492520987288
1422.0257201719,458.985047145221
1422.03858025784,688.477584163813
1422.05144034379,917.970137473391
1422.10274977889,1833.60451170927
1422.154059214,2749.23957661406
1422.2053686491,3664.87567708224
1422.3053686491,5449.41743804402
1422.4053686491,7233.96699585244
1422.5053686491,9018.52690376457
1422.6053686491,10803.0997150375
1422.7053686491,12587.6879829283
1422.8053686491,14372.294260694
1422.9053686491,16156.9211015917
1423,17845.7588356584
1423.0946313509,19534.6194343785
1423.18926270179,21223.5050614651
1423.28389405269,22912.4178806313
1423.38389405269,24697.1784634093
1423.48389405269,26481.9743805601
1423.58389405269,28266.8081853409
1423.68389405269,30051.6824310086
1423.78389405269,31836.5996708204
1423.88389405269,33621.5624580331
1423.98389405269,35406.5733459043
1424,35694.0709283919
1424.01610594731,35981.5698355179
1424.03221189462,36269.0700779477
1424.04831784194,36556.5716663502
1424.06442378925,36844.0746113927
1424.15233792265,38413.4306044811
1424.24025205606,39982.8290714956
1424.32816618946,41552.2717473203
1424.41608032287,43121.7603668399
1424.51608032287,44907.0701908094
1424.61608032287,46692.4442567773
1424.71608032287,48477.8851180014
1424.81608032287,50263.3953277387
1424.91608032287,52048.9774392456
1425,53547.4895352762
1425.08391967713,55046.0555753395
1425.16783935427,56544.6770684232
1425.2517590314,58043.3555235168
1425.3517590314,59829.2806901704
1425.4517590314,61615.2914358482
1425.5517590314,63401.390313808
1425.6517590314,65187.5798773067
1425.7517590314,66973.8626796008
1425.8517590314,68760.2412739484
1425.9517590314,70546.7182136053
1426,71408.567913386
1426.0033326214,51117.572276758
1426.00610850566,51141.233804621
1426.00888438991,51164.8953675091
1426.01166027417,51188.5569654372
1426.01443615842,51212.2185983861
1426.02355324933,51289.9329135588
1426.0308584384,51352.2028045598
1426.03816362747,51414.4729390405
1426.04546881654,51476.7433172959
1426.05277400561,51539.0139396209
1426.06685837205,51659.0720648922
1426.0809427385,51779.1311006195
1426.09502710495,51899.1910489172
1426.1091114714,52019.2519118987
1426.2091114714,52871.7190349372
1426.3091114714,53724.2331311844
1426.4091114714,54576.7949571604
1426.5091114714,55429.4052693859
1426.60911147139,56282.0648243816
1426.70911147139,57134.7743786677
1426.80911147139,57987.5346887658
1426.90911147139,58840.3465111956
1427,59615.4999505685
1427.00109637532,83341.065466759
1427.00219275065,83360.6611528996
1427.00328912597,83380.2568533693
1427.0043855013,83399.8525681717
1427.00640893358,83436.0177775506
1427.00843236586,83472.1830358042
1427.01045579814,83508.3483428926
1427.01247923042,83544.5136988932
1427.01735004771,83631.571342962
1427.022220865,83718.6292707631
1427.02709168229,83805.6874825889
1427.03196249959,83892.7459787579
1427.03988891331,84034.4192507923
1427.04781532703,84176.0932778344
1427.05574174076,84317.7680611554
1427.06366815448,84459.4436020221
1427.08841210307,84901.7181492451
1427.11315605166,85344.0001299117
1427.13790000025,85786.2895827069
1427.23790000025,87573.8316255517
1427.33790000025,89361.4988945916
1427.43790000025,91149.2939430833
1427.53790000025,92937.2193242862
1427.63790000025,94725.2775914549
1427.73790000025,96513.4712978465
1427.83790000025,98301.8029967207
1427.93790000025,100090.275241332
1428,101200.988363042
1428.06209999975,102311.757281053
1428.1241999995,103422.582606827
1428.18629999925,104533.464951825
1428.28629999925,106322.446801602
1428.38629999925,108111.580645924
1428.48629999924,109900.869038045
1428.58629999924,111690.314531221
1428.68629999924,113479.919678713
1428.78629999924,115269.687033775
1428.88629999924,117059.619149664
1428.98629999924,118849.71857964
1429,119094.975387903
1429.01370000076,119340.235390961
1429.02740000151,119585.498595406
1429.04110000227,119830.76500778
1429.14110000227,121621.128475371
1429.24110000227,123411.665762751
1429.34110000227,125202.379423172
1429.44110000227,126993.272009889
1429.54110000227,128784.346076164
1429.64110000227,130575.60417525
1429.74110000227,132367.048860406
1429.84110000227,134158.682684887
1429.94110000227,135950.508201955
1430,137005.984126594
1430.05889999773,138061.527960913
1430.11779999547,139117.140226634
1430.1766999932,140172.821445481
1430.2766999932,141965.308945537
1430.3766999932,143757.999260163
1430.4766999932,145550.894942616
1430.5766999932,147343.998546154
1430.6766999932,149137.312624037
1430.7766999932,150930.839729519
1430.8766999932,152724.582415855
1430.9766999932,154518.543236308
1431,154936.567836198
1431.0233000068,155354.604449289
1431.0466000136,155772.653107877
1431.06990002039,156190.71384426
1431.16990002039,157985.103331499
1431.26990002039,159779.718439006
1431.36990002039,161574.561720032
1431.46990002039,163369.635727836
1431.56990002039,165164.943015677
1431.66990002039,166960.486136809
1431.76990002039,168756.26764449
1431.86990002039,170552.29009198
1431.96990002039,172348.556032531
1432,172889.279773792
1432.03009997961,173430.025876689
1432.06019995921,173970.794410848
1432.09029993882,174511.585445928
1432.19029993882,176308.397060045
1432.29029993882,178105.46034786
1432.39029993882,179902.777862636
1432.49029993882,181700.35215762
1432.59029993882,183498.185786072
1432.69029993882,185296.28130125
1432.79029993882,187094.641256411
1432.89029993882,188893.268204811
1432.99029993882,190692.164699705
1433,190866.673196451
1433.00970006118,191041.184255731
1433.01940012236,191215.697879855
1433.02910018354,191390.21407126
1433.12610079535,193135.517694158
1433.22310140717,194881.080601428
1433.32010201898,196626.905123377
1433.41710263079,198372.993590354
1433.51710263079,200173.352217897
1433.61710263079,201973.996395822
1433.71710263079,203774.928677382
1433.81710263079,205576.151615843
1433.91710263079,207377.667764454
1434,208871.301361226
1434.00010737661,28640.1277701857
1434.00021475322,28640.1277701857
1434.00032212983,28640.1277701857
1434.00042950644,28640.1277701857
1434.00109111416,28640.1277701857
1434.00175272189,28640.1277701857
1434.00241432962,28640.1277701857
1434.00417306819,28640.1277701857
1434.00593180676,28640.1277701857
1434.00769054534,28640.1277701857
1434.00944928391,28640.1277701857
1434.01195030375,28640.1277701857
1434.01445132359,28640.1277701857
1434.01695234344,28640.1277701857
1434.01945336328,28640.1277701857
1434.02195438312,28640.1277701857
1434.02652346126,28640.1277701857
1434.0310925394,28640.1277701857
1434.03566161754,28640.1277701857
1434.04023069569,28640.1277701857
1434.04479977383,28640.1277701857
1434.05232559601,28640.1277701857
1434.05985141819,28640.1277701857
1434.06737724037,28640.1277701857
1434.07490306255,28640.1277701857
1434.08242888473,28640.1277701857
1434.0987660371,28640.1277701857
1434.11510318946,28640.1277701857
1434.13144034182,28640.1277701857
1434.14777749418,28640.1277701857
1434.16411464655,28640.1277701857
1434.22621690573,28640.1277701857
1434.28831916491,28640.1277701857
1434.35042142409,28640.1277701857
1434.41252368326,28640.1277701857
1434.51252368326,28640.1277701857
1434.61252368326,28640.1277701857
1434.71252368326,28640.1277701857
1434.81252368326,28640.1277701857
1434.91252368326,28640.1277701857
1435,28640.1277701857
1435.08747631674,28640.1277701857
1435.17495263347,28640.1277701857
1435.26242895021,28640.1277701857
1435.36242895021,28640.1277701857
1435.46242895021,28640.1277701857
1435.56242895021,28640.1277701857
1435.66242895021,28640.1277701857
1435.76242895021,28640.1277701857
1435.86242895021,28640.1277701857
1435.96242895021,28640.1277701857
1436,28640.1277701857
1436.03757104979,28640.1277701857
1436.07514209959,28640.1277701857
1436.11271314938,28640.1277701857
1436.21271314938,28640.1277701857
1436.31271314938,28640.1277701857
1436.41271314938,28640.1277701857
1436.51271314938,28640.1277701857
1436.61271314938,28640.1277701857
1436.71271314938,28640.1277701857
1436.81271314938,28640.1277701857
1436.91271314938,28640.1277701857
1437,28640.1277701857
1437.08728685062,28640.1277701857
1437.17457370124,28640.1277701857
1437.26186055186,28640.1277701857
1437.36186055186,28640.1277701857
1437.46186055186,28640.1277701857
1437.56186055186,28640.1277701857
1437.66186055186,28640.1277701857
1437.76186055186,28640.1277701857
1437.86186055186,28640.1277701857
1437.96186055186,28640.1277701857
1438,28640.1277701857
1438.03813944814,28640.1277701857
1438.07627889628,28640.1277701857
1438.11441834441,28640.1277701857
1438.21441834441,28640.1277701857
1438.31441834441,28640.1277701857
1438.41441834441,28640.1277701857
1438.51441834441,28640.1277701857
1438.61441834441,28640.1277701857
1438.71441834441,28640.1277701857
1438.81441834441,28640.1277701857
1438.91441834441,28640.1277701857
1439,28640.1277701857
1439.08558165559,28640.1277701857
1439.17116331117,28640.1277701857
1439.25674496676,28640.1277701857
1439.35674496676,28640.1277701857
1439.45674496676,28640.1277701857
1439.55674496676,28640.1277701857
1439.65674496676,28640.1277701857
1439.75674496676,28640.1277701857
1439.85674496676,28640.1277701857
1439.95674496676,28640.1277701857
1440,28640.1277701857
1440.04325503324,28640.1277701857
1440.08651006649,28640.1277701857
1440.12976509973,28640.1277701857
1440.22976509973,28640.1277701857
1440.32976509973,28640.1277701857
1440.42976509973,28640.1277701857
1440.52976509973,28640.1277701857
1440.62976509973,28640.1277701857
1440.72976509973,28640.1277701857
1440.82976509973,28640.1277701857
1440.92976509973,28640.1277701857
1441,28640.1277701857
1441.07023490027,28640.1277701857
1441.14046980054,28640.1277701857
1441.21070470082,28640.1277701857
1441.31070470082,28640.1277701857
1441.41070470082,28640.1277701857
1441.51070470082,28640.1277701857
1441.61070470081,28640.1277701857
1441.71070470081,28640.1277701857
1441.81070470081,28640.1277701857
1441.91070470081,28640.1277701857
1442,28640.1277701857
1442.08929529919,28640.1277701857
1442.17859059837,28640.1277701857
1442.26788589756,28640.1277701857
1442.36788589756,28640.1277701857
1442.46788589756,28640.1277701857
1442.56788589756,28640.1277701857
1442.66788589756,28640.1277701857
1442.76788589756,28640.1277701857
1442.86788589756,28640.1277701857
1442.96788589756,28640.1277701857
1443,28640.1277701857
1443.03211410244,28640.1277701857
1443.06422820489,28640.1277701857
1443.09634230733,28640.1277701857
1443.19634230733,28640.1277701857
1443.29634230733,28640.1277701857
1443.39634230733,28640.1277701857
1443.49634230733,28640.1277701857
1443.59634230733,28640.1277701857
1443.69634230733,28640.1277701857
1443.79634230733,28640.1277701857
1443.89634230733,28640.1277701857
1443.99634230733,28640.1277701857
1444,28640.1277701857
1444.00365769267,28640.1277701857
1444.00731538533,28640.1277701857
1444.010973078,28640.1277701857
1444.04755000467,28640.1277701857
1444.08412693134,28640.1277701857
1444.12070385801,28640.1277701857
1444.15728078467,28640.1277701857
1444.25728078467,28640.1277701857
1444.35728078467,28640.1277701857
1444.45728078467,28640.1277701857
1444.55728078467,28640.1277701857
1444.65728078467,28640.1277701857
1444.75728078467,28640.1277701857
1444.85728078467,28640.1277701857
1444.95728078467,28640.1277701857
1445,28640.1277701857
1445.04271921533,28640.1277701857
1445.08543843065,28640.1277701857
1445.12815764598,28640.1277701857
1445.22815764598,28640.1277701857
1445.32815764598,28640.1277701857
1445.42815764598,28640.1277701857
1445.52815764598,28640.1277701857
1445.62815764598,28640.1277701857
1445.72815764598,28640.1277701857
1445.82815764598,28640.1277701857
1445.92815764598,28640.1277701857
1446,28640.1277701857
1446.07184235402,28640.1277701857
1446.14368470804,28640.1277701857
1446.21552706206,28640.1277701857
1446.31552706206,28640.1277701857
1446.41552706205,28640.1277701857
1446.51552706205,28640.1277701857
1446.61552706205,28640.1277701857
1446.71552706205,28640.1277701857
1446.81552706205,28640.1277701857
1446.91552706205,28640.1277701857
1447,28640.1277701857
1447.00015775677,-189830.690185634
1447.00031551355,-189827.29005779
1447.00047327032,-189823.889924301
1447.0006310271,-189820.489794027
1447.00089371938,-189814.827982355
1447.00115641166,-189809.166168357
1447.00141910394,-189803.504350992
1447.00168179622,-189797.842530259
1447.00189865663,-189793.168522406
1447.00211551705,-189788.494515118
1447.00233237746,-189783.820503924
1447.00266601844,-189776.629506041
1447.00299965943,-189769.438503245
1447.00333330041,-189762.247495018
1447.00366694139,-189755.05648136
1447.00421976471,-189743.141386907
1447.00477258802,-189731.226276433
1447.00532541134,-189719.311151683
1447.00587823465,-189707.396012659
1447.00685015247,-189686.447987146
1447.0078220703,-189665.499916547
1447.00879398812,-189644.551799169
1447.00976590594,-189623.603636454
1447.01149563012,-189586.322032801
1447.0132253543,-189549.040283449
1447.01495507848,-189511.758388298
1447.01668480265,-189474.476347375
1447.01948334149,-189414.157034908
1447.02228188032,-189353.837341113
1447.02508041915,-189293.517266187
1447.02787895798,-189233.196809878
1447.03184398879,-189147.732820621
1447.0358090196,-189062.268066962
1447.03977405041,-188976.802548986
1447.04373908122,-188891.336267392
1447.04770411203,-188805.869222178
1447.05551502516,-188637.501169935
1447.06332593829,-188469.130159019
1447.07113685142,-188300.756191974
1447.07894776454,-188132.37927159
1447.08675867767,-187963.999400527
1447.10874546198,-187490.014423665
1447.13073224629,-187016.006146987
1447.15271903059,-186541.974629711
1447.1747058149,-186067.91993112
1447.2747058149,-183911.539807228
1447.3747058149,-181754.686958942
1447.4747058149,-179597.366963953
1447.5747058149,-177439.585399936
1447.6747058149,-175281.347844558
1447.7747058149,-173122.659875506
1447.8747058149,-170963.527070443
1447.9747058149,-168803.955007056
1448,-168257.63991055
1448.00054774279,-119874.897189982
1448.00109548558,-119868.588466698
1448.00164322837,-119862.279736119
1448.00219097116,-119855.970997681
1448.00370141004,-119838.574176528
1448.00521184892,-119821.177299162
1448.0067222878,-119803.78036676
1448.00967900822,-119769.725292253
1448.01263572865,-119735.670005487
1448.01559244908,-119701.614506413
1448.01854916951,-119667.558795092
1448.02470145237,-119596.69569356
1448.03085373523,-119525.831673951
1448.0370060181,-119454.966736646
1448.04315830096,-119384.100882344
1448.04931058383,-119313.234111592
1448.06006476421,-119189.356912505
1448.0708189446,-119065.476917697
1448.08157312498,-118941.594130083
1448.09232730537,-118817.708552502
1448.15475164202,-118098.540224608
1448.21717597867,-117379.278564368
1448.27960031532,-116659.924144193
1448.37960031532,-115507.370120307
1448.47960031532,-114354.581876957
1448.57960031532,-113201.561767214
1448.67960031532,-112048.312144162
1448.77960031532,-110894.835360883
1448.87960031532,-109741.133770457
1448.97960031532,-108587.209725971
1449,-108351.785753124
1449.00047098814,-152036.441965615
1449.00094197627,-152026.254551944
1449.00141296441,-152016.067130206
1449.00188395254,-152005.879699512
1449.00325429997,-151976.239159632
1449.00462464739,-151946.59854654
1449.00599499481,-151916.957860178
1449.0086495456,-151859.539579615
1449.01130409638,-151802.121024153
1449.01395864717,-151744.702194062
1449.01661319795,-151687.283089392
1449.02186779211,-151573.623090262
1449.02712238627,-151459.962016454
1449.03237698042,-151346.29986877
1449.03763157458,-151232.636648099
1449.04288616873,-151118.972355169
1449.05246000793,-150911.873937692
1449.06203384713,-150704.771968384
1449.07160768634,-150497.666452089
1449.08118152554,-150290.557393719
1449.09075536474,-150083.444798151
1449.11472654228,-149564.856493981
1449.13869771982,-149046.246122298
1449.16266889737,-148527.613759936
1449.18664007491,-148008.959483742
1449.28664007491,-145845.066899712
1449.38664007491,-143680.799866273
1449.48664007491,-141516.163961098
1449.58664007491,-139351.164761863
1449.68664007491,-137185.807846242
1449.78664007491,-135020.098791912
1449.88664007491,-132854.043176546
1449.98664007491,-130687.646577819
1450,-130398.192094849
1450.00069687826,-92937.4075128535
1450.00139375651,-92929.3460224018
1450.00209063477,-92921.284522466
1450.00278751303,-92913.2230137343
1450.00446462571,-92893.8220855749
1450.00614173839,-92874.4211046899
1450.00781885107,-92855.0200707546
1450.01110697015,-92816.9825747641
1450.01439508922,-92778.9448755335
1450.0176832083,-92740.9069730694
1450.02097132737,-92702.8688675645
1450.02857921774,-92614.8573666677
1450.03618710811,-92526.8447801068
1450.04379499848,-92438.8311088722
1450.05140288884,-92350.8163540471
1450.05901077921,-92262.8005166677
1450.07406145936,-92088.6757087884
1450.0891121395,-91914.5466761917
1450.10416281964,-91740.4134268618
1450.11921349978,-91566.2759688527
1450.21921349978,-90409.1624423937
1450.31921349978,-89251.8658276758
1450.41921349978,-88094.3884777736
1450.51921349978,-86936.7327457689
1450.61921349978,-85778.9009847467
1450.71921349978,-84620.8955477854
1450.81921349978,-83462.7187879668
1450.91921349978,-82304.3730583759
1451,-81368.4643002326
1451.00085429389,-114121.067683226
1451.00170858779,-114102.538332219
1451.00256288168,-114084.008959725
1451.00341717557,-114065.479565871
1451.00494518508,-114032.337416952
1451.00647319458,-113999.195199748
1451.00800120408,-113966.052914258
1451.00952921359,-113932.910560502
1451.01359639903,-113844.693434605
1451.01766358447,-113756.475825516
1451.02173076991,-113668.257733688
1451.02579795535,-113580.039159494
1451.03191131888,-113447.437410892
1451.0380246824,-113314.834574568
1451.04413804593,-113182.23065178
1451.05025140945,-113049.625643799
1451.06254792464,-112782.898571431
1451.07484443983,-112516.167124113
1451.08714095502,-112249.431312242
1451.09943747021,-111982.691146187
1451.19943747021,-109813.296938745
1451.29943747021,-107643.621027335
1451.39943747021,-105473.668989626
1451.49943747021,-103303.446403297
1451.59943747021,-101132.958846018
1451.69943747021,-98962.2118954677
1451.79943747021,-96791.2111293199
1451.89943747021,-94619.9621252501
1451.99943747021,-92448.4704609334
1452,-92436.2544974731
1452.00056252979,-92424.0385267059
1452.00112505959,-92411.822548137
1452.00168758938,-92399.6065622197
1452.00731288733,-92277.4462908502
1452.01293818528,-92155.2852706021
1452.01856348323,-92033.1235025132
1452.02418878118,-91910.9609875766
1452.08044176068,-90689.2949800093
1452.13669474017,-89467.5553798133
1452.19294771966,-88245.7431798513
1452.24920069916,-87023.8593729874
1452.34920069916,-84851.5628437385
1452.44920069916,-82679.0487405741
1452.54920069916,-80506.3226411715
1452.64920069916,-78333.3901232042
1452.74920069916,-76160.2567643469
1452.84920069916,-73986.9281422755
1452.94920069915,-71813.409834666
1453,-70709.2068623821
1453.00350567342,-50381.5750222303
1453.00634932902,-50348.5282165092
1453.00919298461,-50315.4813284746
1453.01203664021,-50282.4343581378
1453.0148802958,-50249.3873055873
1453.02350534803,-50149.1522478111
1453.03213040026,-50048.9164355977
1453.04075545248,-49948.6798704653
1453.04938050471,-49848.4425539125
1453.0599416381,-49725.7037634808
1453.07050277149,-49602.9638514676
1453.08106390487,-49480.222820645
1453.09162503826,-49357.4806737847
1453.16901862685,-48457.9737971411
1453.24641221543,-47558.4082269286
1453.32380580402,-46658.7850539635
1453.42380580402,-45496.3013998277
1453.52380580402,-44333.7257513145
1453.62380580402,-43171.0604615057
1453.72380580402,-42008.3078834821
1453.82380580402,-40845.4703703265
1453.92380580402,-39682.5502751196
1454,-38796.4186797139
1454.0012698446,-54374.1020239847
1454.0025396892,-54346.4840539126
1454.0038095338,-54318.8660614176
1454.0050793784,-54291.2480464325
1454.00766233698,-54235.0708759812
1454.01024529555,-54178.8936127574
1454.01282825413,-54122.7162568933
1454.01541121271,-54066.5388084756
1454.0210173397,-53944.6093536924
1454.02662346669,-53822.6794643359
1454.03222959367,-53700.7491414037
1454.03783572066,-53578.8183858742
1454.04827539566,-53351.7589726642
1454.05871507066,-53124.6980690669
1454.06915474567,-52897.6356814295
1454.07959442067,-52670.5718160982
1454.13998367421,-51357.0714745126
1454.20037292776,-50043.5231278081
1454.26076218131,-48729.9280043632
1454.36076218131,-46554.6150536219
1454.46076218131,-44379.1827831437
1454.56076218131,-42203.6367706036
1454.66076218131,-40027.9825936767
1454.76076218131,-37852.2258300384
1454.86076218131,-35676.3720573638
1454.96076218131,-33500.4268533281
1455,-32646.6096581221
1455.00573532917,-23216.6777355684
1455.01016670204,-23165.1026957304
1455.01459807491,-23113.5275639492
1455.01902944778,-23061.9523404257
1455.02346082065,-23010.3770253646
1455.02789219352,-22958.8016189757
1455.03662521242,-22857.1603910354
1455.04535823132,-22755.5188107489
1455.05409125021,-22653.8768796855
1455.06282426911,-22552.2345994101
1455.07155728801,-22450.5919714905
1455.09202830988,-22212.330689293
1455.11249933175,-21974.0675256668
1455.13297035361,-21735.8025007968
1455.15344137548,-21497.5356348696
1455.25344137548,-20333.5871596714
1455.35344137548,-19169.5975865215
1455.45344137548,-18005.5692685017
1455.55344137548,-16841.5045586935
1455.65344137548,-15677.4058101787
1455.75344137548,-14513.2753760391
1455.85344137548,-13349.1156093564
1455.95344137548,-12184.9288632122
1456,-11642.8909823693
1456.04655862452,-11100.848000738
1456.09311724904,-10558.8001558042
1456.13967587356,-10016.7476850535
1456.23967587356,-8852.49672147065
1456.33967587356,-7688.22786683971
1456.43967587356,-6523.94347424248
1456.53967587356,-5359.64589676065
1456.63967587356,-4195.33748747593
1456.73967587356,-3031.02059947006
1456.83967587356,-1866.69758582477
1456.93967587356,-702.370799621755
1456.99999999999,-1.69432069562841e-07
1457,0
1457.06032412644,0
1457.12064825289,0
1457.18097237933,0
1457.28097237933,0
1457.38097237933,0
1457.48097237933,0
1457.58097237933,0
1457.68097237933,0
1457.78097237933,0
1457.88097237933,0
1457.98097237933,0
1458,0
1458.01902762067,0
1458.03805524134,0
1458.13805524134,0
1458.23805524134,0
1458.33805524134,0
1458.43805524134,0
1458.53805524134,0
1458.63805524134,0
1458.73805524134,0
1458.83805524134,0
1458.93805524134,0
1459,0
1459.06194475866,0
1459.12388951731,0
1459.22388951731,0
1459.32388951731,0
1459.42388951731,0
1459.52388951731,0
1459.62388951731,0
1459.72388951731,0
1459.82388951731,0
1459.92388951731,0
1460,0
1460.07611048269,0
1460.15222096538,0
1460.25222096538,0
1460.35222096538,0
1460.45222096538,0
1460.55222096538,0
1460.65222096538,0
1460.75222096538,0
1460.85222096538,0
1460.95222096538,0
1461,0
1461.04777903462,0
1461.09555806925,0
1461.19555806925,0
1461.29555806925,0
1461.39555806925,0
1461.49555806925,0
1461.59555806925,0
1461.69555806925,0
1461.79555806925,0
1461.89555806925,0
1461.99555806925,0
1462,0
1462.00444193075,0
1462.00888386151,0
1462.05330316906,0
1462.0977224766,0
1462.14214178415,0
1462.24214178415,0
1462.34214178415,0
1462.44214178415,0
1462.54214178415,0
1462.64214178415,0
1462.74214178415,0
1462.84214178415,0
1462.94214178415,0
1463,0
1463.05785821585,0
1463.1157164317,0
1463.2157164317,0
1463.3157164317,0
1463.4157164317,0
1463.5157164317,0
1463.6157164317,0
1463.7157164317,0
1463.8157164317,0
1463.9157164317,0
1464,0
1464.0842835683,0
1464.16856713659,0
1464.26856713659,0
1464.36856713659,0
1464.46856713659,0
1464.56856713659,0
1464.66856713659,0
1464.76856713659,0
1464.86856713659,0
1464.96856713659,0
1465,0
1465.03143286341,0
1465.06286572682,0
1465.16286572682,0
1465.26286572682,0
1465.36286572682,0
1465.46286572682,0
1465.56286572682,0
1465.66286572682,0
1465.76286572682,0
1465.86286572682,0
1465.96286572682,0
1466,0
1466.03713427318,0
1466.07426854637,0
1466.17426854637,0
1466.27426854637,0
1466.37426854637,0
1466.47426854637,0
1466.57426854637,0
1466.67426854637,0
1466.77426854637,0
1466.87426854637,0
1466.97426854637,0
1467,0
1467.02573145363,0
1467.05146290727,0
1467.15146290727,0
1467.25146290727,0
1467.35146290727,0
1467.45146290727,0
1467.55146290727,0
1467.65146290727,0
1467.75146290727,0
1467.85146290727,0
1467.95146290727,0
1468,0
1468.04853709273,0
1468.09707418547,0
1468.19707418547,0
1468.29707418547,0
1468.39707418547,0
1468.49707418547,0
1468.59707418547,0
1468.69707418547,0
1468.79707418547,0
1468.89707418547,0
1468.99707418547,0
1469,0
1469.00292581453,0
1469.00585162907,0
1469.03510977439,0
1469.06436791972,0
1469.09362606505,0
1469.19362606505,0
1469.29362606505,0
1469.39362606505,0
1469.49362606505,0
1469.59362606505,0
1469.69362606505,0
1469.79362606505,0
1469.89362606505,0
1469.99362606505,0
1470,0
1470.00637393495,0
1470.0127478699,0
1470.07648721942,0
1470.14022656895,0
1470.20396591847,0
1470.30396591847,0
1470.40396591847,0
1470.50396591847,0
1470.60396591847,0
1470.70396591847,0
1470.80396591847,0
1470.90396591847,0
1471,0
1471.09603408153,0
1471.19206816307,0
1471.29206816307,0
1471.39206816307,0
1471.49206816307,0
1471.59206816307,0
1471.69206816307,0
1471.79206816307,0
1471.89206816307,0
1471.99206816307,0
1472,0
1472.00793183693,0
1472.01586367387,0
1472.09518204319,0
1472.17450041252,0
1472.25381878184,0
1472.35381878184,0
1472.45381878184,0
1472.55381878184,0
1472.65381878184,0
1472.75381878184,0
1472.85381878184,0
1472.95381878184,0
1473,0
1473.04618121816,0
1473.09236243632,0
1473.19236243632,0
1473.29236243632,0
1473.39236243632,0
1473.49236243632,0
1473.59236243632,0
1473.69236243632,0
1473.79236243632,0
1473.89236243632,0
1473.99236243632,0
1474,0
1474.00763756368,0
1474.01527512737,0
1474.09165076422,0
1474.16802640107,0
1474.24440203792,0
1474.34440203792,0
1474.44440203792,0
1474.54440203792,0
1474.64440203792,0
1474.74440203792,0
1474.84440203792,0
1474.94440203792,0
1475,0
1475.05559796208,0
1475.11119592416,0
1475.21119592416,0
1475.31119592416,0
1475.41119592416,0
1475.51119592416,0
1475.61119592416,0
1475.71119592416,0
1475.81119592416,0
1475.91119592416,0
1476,0
1476.00000000001,2.5968377729896e-07
1476.01254777933,223.919305018867
1476.02509555864,447.838614822284
1476.03764333795,671.757934714167
1476.05019111727,895.67726973875
1476.10010286744,1786.36945988641
1476.15001461761,2677.06228675138
1476.19992636779,3567.75606780385
1476.29992636779,5352.2974776982
1476.39992636779,7136.84654548374
1476.49992636779,8921.40582441758
1476.59992636779,10705.9778677568
1476.69992636779,12490.5652287584
1476.79992636779,14275.1704606795
1476.89992636779,16059.7961167772
1476.99992636779,17844.4447503086
1477,17845.7588356357
1477.00007363221,17847.072921027
1477.00014726442,17848.3870064045
1477.00022089663,17849.7010917958
1477.00029452885,17851.015177201
1477.00103085096,17864.156032009
1477.00176717308,17877.2968882083
1477.00250349519,17890.4377457943
1477.00323981731,17903.5786047709
1477.00397613942,17916.7194651307
1477.00980743378,18020.7884039192
1477.01563872814,18124.85743038
1477.02147002251,18228.9265450188
1477.02730131687,18332.9957483429
1477.08561426048,19373.6927706521
1477.1439272041,20414.399218366
1477.20224014771,21455.1155977631
1477.30224014771,23239.8492222372
1477.40224014771,25024.6160962501
1477.50224014771,26809.4187730587
1477.60224014771,28594.2598059201
1477.70224014771,30379.1417480915
1477.80224014771,32164.06715283
1477.90224014771,33949.0385733924
1478,35694.070928392
1478.09775985229,37439.1520862898
1478.19551970458,39184.2844325678
1478.29327955687,40929.470352708
1478.39327955687,42714.7047798796
1478.49327955687,44500.0003136308
1478.59327955687,46285.3595072186
1478.69327955687,48070.7849139005
1478.79327955687,49856.2790869328
1478.89327955687,51641.8445795733
1478.99327955687,53427.483945079
1479,53547.4895352741
1479.00672044313,53667.4954714238
1479.01344088625,53787.5017542936
1479.02016132938,53907.5083846583
1479.0268817725,54027.5153633038
1479.07334148298,54857.1561804789
1479.11980119346,55686.8139355094
1479.16626090394,56516.4888844419
1479.21272061442,57346.1812833259
1479.31272061442,59132.0737342169
1479.41272061442,60918.0507673806
1479.51272061442,62704.114936075
1479.61272061442,64490.2687935574
1479.71272061442,66276.5148930839
1479.81272061442,68062.8557879128
1479.91272061442,69849.2940312999
1480,71408.5679133862
1480.00099407125,51097.6385947328
1480.00198814251,51106.1120043053
1480.00298221376,51114.5854183648
1480.00397628502,51123.0588368793
1480.00601388979,51140.4273021848
1480.00805149457,51157.7957863271
1480.01008909935,51175.1642893244
1480.01405434732,51208.9640390729
1480.01801959528,51242.7638603441
1480.02198484325,51276.5637531909
1480.02595009122,51310.3637176852
1480.03456644851,51383.8102090245
1480.0431828058,51457.2570393008
1480.05179916309,51530.7042089943
1480.06041552038,51604.151718589
1480.06903187767,51677.5995685726
1480.09263315018,51878.7840966321
1480.11623442268,52079.9711921132
1480.13983569519,52281.1608649581
1480.16343696769,52482.3531251123
1480.26343696769,53334.8456727225
1480.36343696769,54187.3856045244
1480.46343696769,55039.9736770387
1480.56343696769,55892.6106467858
1480.66343696769,56745.2972702873
1480.76343696769,57598.0343040628
1480.86343696769,58450.8225046332
1480.96343696769,59303.6626285192
1481,59615.4999505684
1481.00138083656,83346.1496851604
1481.00276167312,83370.8295980995
1481.00414250968,83395.5095337709
1481.00552334624,83420.1894921813
1481.0079094911,83462.8375734801
1481.01029563596,83505.4857227656
1481.01268178082,83548.1339400263
1481.01506792568,83590.7822253128
1481.02024096884,83683.2418165045
1481.025414012,83775.7017279319
1481.03058705516,83868.1619599655
1481.03576009832,83960.622512937
1481.04454317815,84117.6079084362
1481.05332625799,84274.594231869
1481.06210933783,84431.5814849779
1481.07089241767,84588.5696694882
1481.10625022779,85220.5622716679
1481.14160803791,85852.5701090805
1481.17696584804,86484.5932945879
1481.27696584804,88272.1839542149
1481.37696584804,90059.900837487
1481.47696584804,91847.7464976623
1481.57696584804,93635.7234880004
1481.67696584804,95423.8343617558
1481.77696584804,97212.0816721855
1481.87696584804,99000.4679725494
1481.97696584804,100788.995816102
1482,101200.988363042
1482.02303415196,101612.988586543
1482.04606830393,102024.996517804
1482.06910245589,102437.012188041
1482.16910245589,104225.819153609
1482.26910245589,106014.775121366
1482.36910245589,107803.882644567
1482.46910245589,109593.144276472
1482.56910245589,111382.562570335
1482.66910245589,113172.140079413
1482.76910245589,114961.879356967
1482.86910245589,116751.782956251
1482.96910245589,118541.85343052
1483,119094.975387902
1483.03089754411,119648.113595197
1483.06179508822,120201.268127727
1483.09269263234,120754.439060804
1483.19269263234,122544.891887761
1483.29269263234,124335.519851798
1483.39269263234,126126.325506168
1483.49269263234,127917.311404128
1483.59269263234,129708.480098938
1483.69269263234,131499.834143851
1483.79269263234,133291.376092127
1483.89269263233,135083.10849702
1483.99269263233,136875.033911793
1484,137005.984126596
1484.00085205722,98067.7561476192
1484.00170411443,98075.0500623813
1484.00255617165,98082.3439833143
1484.00340822886,98089.6379104187
1484.00504696937,98103.6661576843
1484.00668570989,98117.6944282292
1484.0083244504,98131.7227221511
1484.01155984105,98159.4190676619
1484.01479523169,98187.1155042954
1484.01803062234,98214.8120321925
1484.02126601299,98242.5086512631
1484.02823113728,98302.1340310605
1484.03519626157,98361.7598339899
1484.04216138586,98421.3860602373
1484.04912651015,98481.01271013
1484.05609163444,98540.6397838519
1484.0704583967,98663.6321798723
1484.08482515895,98786.6263825986
1484.09919192121,98909.6223942812
1484.11355868346,99032.6202171721
1484.21355868346,99888.7982231196
1484.31355868346,100745.064844562
1484.41355868346,101601.420838012
1484.51355868346,102457.866959987
1484.61355868346,103314.403967013
1484.71355868346,104171.032615605
1484.81355868346,105027.753662288
1484.91355868346,105884.567863579
1485,106625.284986621
1485.00013546493,20239.35618447
1485.00027092986,20239.35618447
1485.00040639479,20239.35618447
1485.00165973228,20239.35618447
1485.00291306978,20239.35618447
1485.00416640728,20239.35618447
1485.00670597843,20239.35618447
1485.00924554957,20239.35618447
1485.01178512072,20239.35618447
1485.01432469187,20239.35618447
1485.01780326333,20239.35618447
1485.02128183478,20239.35618447
1485.02476040624,20239.35618447
1485.0282389777,20239.35618447
1485.03328115507,20239.35618447
1485.03832333245,20239.35618447
1485.04336550983,20239.35618447
1485.0484076872,20239.35618447
1485.05592478984,20239.35618447
1485.06344189248,20239.35618447
1485.07095899512,20239.35618447
1485.07847609776,20239.35618447
1485.09605232483,20239.35618447
1485.11362855191,20239.35618447
1485.13120477898,20239.35618447
1485.23120477898,20239.35618447
1485.33120477898,20239.35618447
1485.43120477898,20239.35618447
1485.53120477898,20239.35618447
1485.63120477898,20239.35618447
1485.73120477898,20239.35618447
1485.83120477898,20239.35618447
1485.93120477898,20239.35618447
1486,20239.35618447
1486.06879522102,20239.35618447
1486.13759044204,20239.35618447
1486.20638566307,20239.35618447
1486.30638566307,20239.35618447
1486.40638566307,20239.35618447
1486.50638566307,20239.35618447
1486.60638566307,20239.35618447
1486.70638566307,20239.35618447
1486.80638566307,20239.35618447
1486.90638566307,20239.35618447
1487,20239.35618447
1487.09361433693,20239.35618447
1487.18722867387,20239.35618447
1487.2808430108,20239.35618447
1487.3808430108,20239.35618447
1487.4808430108,20239.35618447
1487.5808430108,20239.35618447
1487.6808430108,20239.35618447
1487.7808430108,20239.35618447
1487.8808430108,20239.35618447
1487.9808430108,20239.35618447
1488,20239.35618447
1488.0191569892,20239.35618447
1488.0383139784,20239.35618447
1488.05747096759,20239.35618447
1488.15747096759,20239.35618447
1488.25747096759,20239.35618447
1488.35747096759,20239.35618447
1488.45747096759,20239.35618447
1488.55747096759,20239.35618447
1488.65747096759,20239.35618447
1488.75747096759,20239.35618447
1488.85747096759,20239.35618447
1488.95747096759,20239.35618447
1489,20239.35618447
1489.04252903241,20239.35618447
1489.08505806481,20239.35618447
1489.12758709722,20239.35618447
1489.22758709722,20239.35618447
1489.32758709722,20239.35618447
1489.42758709722,20239.35618447
1489.52758709722,20239.35618447
1489.62758709722,20239.35618447
1489.72758709722,20239.35618447
1489.82758709722,20239.35618447
1489.92758709722,20239.35618447
1490,20239.35618447
1490.07241290278,20239.35618447
1490.14482580556,20239.35618447
1490.21723870834,20239.35618447
1490.31723870834,20239.35618447
1490.41723870834,20239.35618447
1490.51723870834,20239.35618447
1490.61723870834,20239.35618447
1490.71723870834,20239.35618447
1490.81723870834,20239.35618447
1490.91723870834,20239.35618447
1491,20239.35618447
1491.08276129166,20239.35618447
1491.16552258333,20239.35618447
1491.24828387499,20239.35618447
1491.34828387499,20239.35618447
1491.44828387499,20239.35618447
1491.54828387499,20239.35618447
1491.64828387499,20239.35618447
1491.74828387499,20239.35618447
1491.84828387499,20239.35618447
1491.94828387499,20239.35618447
1492,20239.35618447
1492.05171612501,20239.35618447
1492.10343225002,20239.35618447
1492.15514837503,20239.35618447
1492.25514837503,20239.35618447
1492.35514837503,20239.35618447
1492.45514837503,20239.35618447
1492.55514837503,20239.35618447
1492.65514837503,20239.35618447
1492.75514837503,20239.35618447
1492.85514837503,20239.35618447
1492.95514837503,20239.35618447
1493,20239.35618447
1493.04485162497,20239.35618447
1493.08970324993,20239.35618447
1493.1345548749,20239.35618447
1493.2345548749,20239.35618447
1493.3345548749,20239.35618447
1493.4345548749,20239.35618447
1493.5345548749,20239.35618447
1493.6345548749,20239.35618447
1493.7345548749,20239.35618447
1493.8345548749,20239.35618447
1493.9345548749,20239.35618447
1494,20239.35618447
1494.0654451251,20239.35618447
1494.13089025021,20239.35618447
1494.19633537531,20239.35618447
1494.29633537531,20239.35618447
1494.39633537531,20239.35618447
1494.49633537531,20239.35618447
1494.59633537531,20239.35618447
1494.69633537531,20239.35618447
1494.79633537531,20239.35618447
1494.89633537531,20239.35618447
1494.99633537531,20239.35618447
1495,20239.35618447
1495.00366462469,20239.35618447
1495.00732924938,20239.35618447
1495.01099387408,20239.35618447
1495.047640121,20239.35618447
1495.08428636793,20239.35618447
1495.12093261485,20239.35618447
1495.15757886177,20239.35618447
1495.25757886177,20239.35618447
1495.35757886177,20239.35618447
1495.45757886177,20239.35618447
1495.55757886177,20239.35618447
1495.65757886177,20239.35618447
1495.75757886177,20239.35618447
1495.85757886177,20239.35618447
1495.95757886177,20239.35618447
1496,20239.35618447
1496.04242113823,20239.35618447
1496.08484227645,20239.35618447
1496.12726341468,20239.35618447
1496.22726341468,20239.35618447
1496.32726341468,20239.35618447
1496.42726341468,20239.35618447
1496.52726341468,20239.35618447
1496.62726341468,20239.35618447
1496.72726341468,20239.35618447
1496.82726341468,20239.35618447
1496.92726341468,20239.35618447
1497,20239.35618447
1497.07273658532,20239.35618447
1497.14547317064,20239.35618447
1497.21820975596,20239.35618447
1497.31820975596,20239.35618447
1497.41820975596,20239.35618447
1497.51820975596,20239.35618447
1497.61820975596,20239.35618447
1497.71820975596,20239.35618447
1497.81820975596,20239.35618447
1497.91820975596,20239.35618447
1498,20239.35618447
1498.08179024404,20239.35618447
1498.16358048808,20239.35618447
1498.24537073212,20239.35618447
1498.34537073212,20239.35618447
1498.44537073212,20239.35618447
1498.54537073212,20239.35618447
1498.64537073212,20239.35618447
1498.74537073212,20239.35618447
1498.84537073212,20239.35618447
1498.94537073212,20239.35618447
1499,20239.35618447
1499.05462926788,20239.35618447
1499.10925853577,20239.35618447
1499.16388780365,20239.35618447
1499.26388780365,20239.35618447
1499.36388780365,20239.35618447
1499.46388780365,20239.35618447
1499.56388780365,20239.35618447
1499.66388780365,20239.35618447
1499.76388780365,20239.35618447
1499.86388780365,20239.35618447
1499.96388780365,20239.35618447
1500,20239.35618447
1500.03611219635,20239.35618447
1500.0722243927,20239.35618447
1500.10833658904,20239.35618447
1500.20833658904,20239.35618447
1500.30833658904,20239.35618447
1500.40833658904,20239.35618447
1500.50833658904,20239.35618447
1500.60833658904,20239.35618447
1500.70833658904,20239.35618447
1500.80833658904,20239.35618447
1500.90833658904,20239.35618447
1501,20239.35618447
1501.00018561841,-135809.636691745
1501.00037123681,-135805.616648321
1501.00055685522,-135801.596603696
1501.00074247363,-135797.576557869
1501.00106983334,-135790.486734984
1501.00139719304,-135783.3969091
1501.00172455275,-135776.3070791
1501.00205191245,-135769.217245365
1501.00261387097,-135757.046549967
1501.00278245852,-135753.395338538
1501.00295104608,-135749.744127518
1501.00311963363,-135746.092914768
1501.00328822118,-135742.441701028
1501.00345680874,-135738.790485558
1501.00437232117,-135718.962596811
1501.0046469749,-135713.014223873
1501.00492162863,-135707.065849177
1501.00519628235,-135701.1174714
1501.00547093608,-135695.169090541
1501.00574558981,-135689.220707963
1501.00684983014,-135665.305315387
1501.00795407047,-135641.389880357
1501.00905831079,-135617.4744031
1501.01016255112,-135593.558883285
1501.01126679145,-135569.643321032
1501.01359909586,-135519.130290589
1501.01593140027,-135468.617070964
1501.01826370467,-135418.103662193
1501.02059600908,-135367.590064348
1501.02292831349,-135317.076277499
1501.02765080963,-135214.794383285
1501.03237330577,-135112.511715083
1501.03709580191,-135010.228273398
1501.04181829806,-134907.944058897
1501.0465407942,-134805.659072141
1501.05460887945,-134630.909872052
1501.06267696471,-134456.158422571
1501.07074504996,-134281.404726639
1501.07881313522,-134106.648787185
1501.08688122048,-133931.890607139
1501.11065891254,-133416.842615487
1501.1344366046,-132901.775263446
1501.15821429666,-132386.68862598
1501.18199198872,-131871.582778077
1501.28199198872,-129705.03337527
1501.38199198872,-127538.151096361
1501.48199198872,-125370.941519025
1501.58199198872,-123203.410220936
1501.68199198872,-121035.562779773
1501.78199198872,-118867.404773208
1501.88199198872,-116698.941778916
1501.98199198872,-114530.179374573
1502,-114139.597013099
1502.000933357,-81357.6507616533
1502.001866714,-81346.8372087686
1502.00280007101,-81336.0236416507
1502.00373342801,-81325.2100599648
1502.00550209651,-81304.7187819952
1502.00727076501,-81284.2274524864
1502.00903943351,-81263.7360714457
1502.01252744884,-81223.3245880564
1502.01601546418,-81182.9129045251
1502.01950347952,-81142.5010210851
1502.02299149485,-81102.0889378061
1502.0305001606,-81015.0929931478
1502.03800882635,-80928.096123862
1502.04551749209,-80841.0983309366
1502.05302615784,-80754.0996154093
1502.06053482359,-80667.0999782348
1502.07679265307,-80478.7244409831
1502.09305048255,-80290.3445977791
1502.10930831204,-80101.9604587384
1502.12556614152,-79913.5720339534
1502.22556614152,-78754.7233074218
1502.32556614152,-77595.7151729263
1502.42556614152,-76436.5499835467
1502.52556614152,-75277.2300923648
1502.62556614152,-74117.7578524652
1502.72556614152,-72958.1356169267
1502.82556614152,-71798.365738832
1502.92556614152,-70638.450571262
1503,-69774.9880339957
1503.00089020603,-97845.2039548066
1503.00178041207,-97825.8775305994
1503.0026706181,-97806.5510864086
1503.00356082414,-97787.224622339
1503.00521557408,-97751.299778925
1503.00687032403,-97715.3748669712
1503.00852507397,-97679.4498863406
1503.01017982392,-97643.5248370585
1503.01452978173,-97549.0858010933
1503.01887973954,-97454.6462916645
1503.02322969735,-97360.2063093326
1503.02757965517,-97265.7658544951
1503.03428103821,-97120.2734825572
1503.04098242125,-96974.7799920344
1503.04768380429,-96829.2853845935
1503.05438518733,-96683.7896619265
1503.06934049212,-96359.0865731693
1503.08429579692,-96034.3779571267
1503.09925110171,-95709.6638324642
1503.19925110171,-93538.2932533129
1503.29925110171,-91366.6827923579
1503.39925110171,-89194.8380272739
1503.49925110171,-87022.7645357359
1503.59925110171,-84850.4678954193
1503.69925110171,-82677.9536839991
1503.79925110171,-80505.2274791507
1503.89925110171,-78332.2948585491
1503.99925110171,-76159.1613998692
1504,-76142.8860970406
1504.00074889829,-54286.7638391325
1504.00149779658,-54278.0633836731
1504.00224669486,-54269.362922057
1504.00448342973,-54243.3772126114
1504.0067201646,-54217.3914483035
1504.00895689947,-54191.4056291211
1504.01297145624,-54144.7653878002
1504.01698601302,-54098.1249700008
1504.02100056979,-54051.4843758677
1504.02501512657,-54004.8436055531
1504.03356982213,-53905.4553119724
1504.04212451769,-53806.0662205416
1504.05067921325,-53706.6763327489
1504.05923390881,-53607.2856500513
1504.06778860437,-53507.8941739382
1504.09063174882,-53242.4905725991
1504.11347489327,-52977.0813525323
1504.13631803772,-52711.6665417844
1504.15916118217,-52446.246168402
1504.25916118217,-51284.2556610035
1504.35916118217,-50122.1614413973
1504.45916118217,-48959.9658626676
1504.55916118217,-47797.6712778948
1504.65916118217,-46635.2800401616
1504.75916118217,-45472.7945025497
1504.85916118217,-44310.2170181399
1504.95916118217,-43147.5499400151
1505,-42672.7052274539
1505.00204885989,-59793.9833230366
1505.00409771979,-59749.429933257
1505.00614657968,-59704.8764791846
1505.00819543957,-59660.3229608806
1505.01179120935,-59582.1309317415
1505.01538697912,-59503.9387051546
1505.0189827489,-59425.7462813484
1505.02257851867,-59347.5536605821
1505.02935691233,-59200.1520414327
1505.03613530598,-59052.7497250378
1505.04291369963,-58905.3467131502
1505.04969209329,-58757.9430075073
1505.06355830827,-58456.4045936107
1505.07742452325,-58154.8632986985
1505.09129073823,-57853.3191376314
1505.10515695321,-57551.7721252878
1505.20515695321,-55377.0003340379
1505.30515695321,-53202.0865997096
1505.40515695321,-51027.0364999772
1505.50515695321,-48851.8556125157
1505.60515695321,-46676.549515001
1505.70515695321,-44501.1237851075
1505.80515695321,-42325.5840005109
1505.90515695321,-40149.9357388861
1506,-38086.3894749905
1506.09484304679,-36022.7554095288
1506.18968609359,-33959.038300997
1506.28452914038,-31895.242907891
1506.37937218717,-29831.3739887069
1506.47937218717,-27655.2108038192
1506.57937218717,-25478.9767474393
1506.67937218717,-23302.6773972422
1506.77937218717,-21126.3183309033
1506.87937218717,-18949.9051260977
1506.97937218717,-16773.4433605005
1507,-16324.4813699213
1507.00705739812,-11560.7279425141
1507.01241800671,-11498.3190435329
1507.0177786153,-11435.910077773
1507.02313922389,-11373.5010455971
1507.02849983248,-11311.0919473667
1507.03386044107,-11248.6827834453
1507.04622069358,-11104.7822647845
1507.05858094609,-10960.8814032455
1507.0709411986,-10816.9802032719
1507.08330145111,-10673.0786693075
1507.09566170362,-10529.1768057952
1507.11866674778,-10261.3441397578
1507.14167179194,-9993.51037617289
1507.16467683611,-9725.67554368943
1507.18768188027,-9457.83967095601
1507.28768188027,-8293.57982492794
1507.38768188027,-7129.30321747246
1507.48768188027,-5965.0122016712
1507.58768188027,-4800.70913060593
1507.68768188027,-3636.39635735835
1507.78768188027,-2472.07623501019
1507.88768188027,-1307.75111664316
1507.98768188027,-143.423355338988
1507.99999999999,-1.69432069562841e-07
1508,0
1508.01231811973,0
1508.02463623946,0
1508.0369543592,0
1508.07390871839,0
1508.11086307759,0
1508.14781743678,0
1508.24781743678,0
1508.34781743678,0
1508.44781743678,0
1508.54781743678,0
1508.64781743678,0
1508.74781743678,0
1508.84781743678,0
1508.94781743678,0
1509,0
1509.05218256322,0
1509.10436512643,0
1509.20436512643,0
1509.30436512643,0
1509.40436512643,0
1509.50436512643,0
1509.60436512643,0
1509.70436512643,0
1509.80436512643,0
1509.90436512643,0
1510,0
1510.09563487357,0
1510.19126974714,0
1510.29126974714,0
1510.39126974714,0
1510.49126974714,0
1510.59126974714,0
1510.69126974714,0
1510.79126974714,0
1510.89126974714,0
1510.99126974714,0
1511,0
1511.00873025286,0
1511.01746050573,0
1511.10476303435,0
1511.19206556298,0
1511.27936809161,0
1511.37936809161,0
1511.47936809161,0
1511.57936809161,0
1511.67936809161,0
1511.77936809161,0
1511.87936809161,0
1511.97936809161,0
1512,0
1512.02063190839,0
1512.04126381679,0
1512.14126381679,0
1512.24126381679,0
1512.34126381679,0
1512.44126381679,0
1512.54126381679,0
1512.64126381679,0
1512.74126381679,0
1512.84126381679,0
1512.94126381679,0
1513,0
1513.05873618321,0
1513.11747236643,0
1513.21747236643,0
1513.31747236643,0
1513.41747236643,0
1513.51747236643,0
1513.61747236643,0
1513.71747236643,0
1513.81747236643,0
1513.91747236643,0
1514,0
1514.08252763357,0
1514.16505526714,0
1514.26505526714,0
1514.36505526714,0
1514.46505526714,0
1514.56505526714,0
1514.66505526714,0
1514.76505526714,0
1514.86505526714,0
1514.96505526714,0
1515,0
1515.03494473286,0
1515.06988946571,0
1515.16988946571,0
1515.26988946571,0
1515.36988946571,0
1515.46988946571,0
1515.56988946571,0
1515.66988946571,0
1515.76988946571,0
1515.86988946571,0
1515.96988946571,0
1516,0
1516.03011053429,0
1516.06022106857,0
1516.16022106857,0
1516.26022106857,0
1516.36022106857,0
1516.46022106857,0
1516.56022106857,0
1516.66022106857,0
1516.76022106857,0
1516.86022106857,0
1516.96022106857,0
1517,0
1517.03977893143,0
1517.07955786286,0
1517.17955786286,0
1517.27955786286,0
1517.37955786286,0
1517.47955786286,0
1517.57955786286,0
1517.67955786286,0
1517.77955786286,0
1517.87955786286,0
1517.97955786286,0
1518,0
1518.02044213714,0
1518.04088427429,0
1518.14088427429,0
1518.24088427429,0
1518.34088427429,0
1518.44088427429,0
1518.54088427429,0
1518.64088427429,0
1518.74088427429,0
1518.84088427429,0
1518.94088427429,0
1519,0
1519.05911572571,0
1519.11823145142,0
1519.21823145142,0
1519.31823145142,0
1519.41823145142,0
1519.51823145142,0
1519.61823145142,0
1519.71823145142,0
1519.81823145142,0
1519.91823145142,0
1520,0
1520.08176854858,0
1520.16353709716,0
1520.26353709716,0
1520.36353709716,0
1520.46353709716,0
1520.56353709716,0
1520.66353709716,0
1520.76353709716,0
1520.86353709716,0
1520.96353709716,0
1521,0
1521.03646290284,0
1521.07292580569,0
1521.17292580569,0
1521.27292580569,0
1521.37292580569,0
1521.47292580569,0
1521.57292580568,0
1521.67292580568,0
1521.77292580568,0
1521.87292580568,0
1521.97292580568,0
1521.99999999999,0
1522,0
